id,stage_b_predictions,stage_b_probabilities
552,"[""weather_disruption"", ""port_operational_disruption"", ""port_closure""]","{""weather_disruption"": 0.966063, ""natural_disaster"": 0.014694, ""port_operational_disruption"": 0.925148, ""port_closure"": 0.767916, ""labor_strike_disruption"": 0.027469, ""maritime_security_navigation_disruption"": 0.041006}"
2973,"[""labor_strike_disruption""]","{""weather_disruption"": 0.312684, ""natural_disaster"": 0.006703, ""port_operational_disruption"": 0.032452, ""port_closure"": 0.015708, ""labor_strike_disruption"": 0.98345, ""maritime_security_navigation_disruption"": 0.029815}"
6,"[""weather_disruption""]","{""weather_disruption"": 0.95819, ""natural_disaster"": 0.108267, ""port_operational_disruption"": 0.048542, ""port_closure"": 0.043966, ""labor_strike_disruption"": 0.033585, ""maritime_security_navigation_disruption"": 0.161624}"
4537,"[""port_operational_disruption""]","{""weather_disruption"": 0.092077, ""natural_disaster"": 0.002065, ""port_operational_disruption"": 0.891311, ""port_closure"": 0.208126, ""labor_strike_disruption"": 0.02117, ""maritime_security_navigation_disruption"": 0.594364}"
3771,"[""weather_disruption""]","{""weather_disruption"": 0.976962, ""natural_disaster"": 0.021113, ""port_operational_disruption"": 0.082851, ""port_closure"": 0.233619, ""labor_strike_disruption"": 0.01166, ""maritime_security_navigation_disruption"": 0.474514}"
3090,"[""labor_strike_disruption""]","{""weather_disruption"": 0.016321, ""natural_disaster"": 0.087064, ""port_operational_disruption"": 0.226914, ""port_closure"": 0.014747, ""labor_strike_disruption"": 0.97805, ""maritime_security_navigation_disruption"": 0.092257}"
1947,[],"{""weather_disruption"": 0.11086, ""natural_disaster"": 0.017377, ""port_operational_disruption"": 0.423535, ""port_closure"": 0.036483, ""labor_strike_disruption"": 0.231934, ""maritime_security_navigation_disruption"": 0.496201}"
914,"[""port_operational_disruption""]","{""weather_disruption"": 0.03917, ""natural_disaster"": 0.002389, ""port_operational_disruption"": 0.85671, ""port_closure"": 0.066398, ""labor_strike_disruption"": 0.058737, ""maritime_security_navigation_disruption"": 0.467439}"
3927,"[""port_operational_disruption""]","{""weather_disruption"": 0.128643, ""natural_disaster"": 0.007929, ""port_operational_disruption"": 0.891895, ""port_closure"": 0.069489, ""labor_strike_disruption"": 0.057447, ""maritime_security_navigation_disruption"": 0.214872}"
809,"[""weather_disruption""]","{""weather_disruption"": 0.987523, ""natural_disaster"": 0.157043, ""port_operational_disruption"": 0.020804, ""port_closure"": 0.02284, ""labor_strike_disruption"": 0.045374, ""maritime_security_navigation_disruption"": 0.064395}"
627,"[""weather_disruption"", ""port_operational_disruption""]","{""weather_disruption"": 0.941406, ""natural_disaster"": 0.004675, ""port_operational_disruption"": 0.925451, ""port_closure"": 0.362437, ""labor_strike_disruption"": 0.031996, ""maritime_security_navigation_disruption"": 0.178652}"
5031,"[""port_operational_disruption"", ""maritime_security_navigation_disruption""]","{""weather_disruption"": 0.071042, ""natural_disaster"": 0.004309, ""port_operational_disruption"": 0.803317, ""port_closure"": 0.138173, ""labor_strike_disruption"": 0.035286, ""maritime_security_navigation_disruption"": 0.899246}"
5211,"[""maritime_security_navigation_disruption""]","{""weather_disruption"": 0.160175, ""natural_disaster"": 0.018621, ""port_operational_disruption"": 0.185941, ""port_closure"": 0.018052, ""labor_strike_disruption"": 0.057176, ""maritime_security_navigation_disruption"": 0.923127}"
2901,"[""weather_disruption"", ""port_operational_disruption"", ""port_closure""]","{""weather_disruption"": 0.696259, ""natural_disaster"": 0.009824, ""port_operational_disruption"": 0.735178, ""port_closure"": 0.907565, ""labor_strike_disruption"": 0.011944, ""maritime_security_navigation_disruption"": 0.157741}"
3190,"[""port_operational_disruption"", ""maritime_security_navigation_disruption""]","{""weather_disruption"": 0.035066, ""natural_disaster"": 0.002537, ""port_operational_disruption"": 0.804927, ""port_closure"": 0.143153, ""labor_strike_disruption"": 0.077034, ""maritime_security_navigation_disruption"": 0.870106}"
847,"[""weather_disruption"", ""port_operational_disruption""]","{""weather_disruption"": 0.503052, ""natural_disaster"": 0.007881, ""port_operational_disruption"": 0.948739, ""port_closure"": 0.114729, ""labor_strike_disruption"": 0.091453, ""maritime_security_navigation_disruption"": 0.075342}"
1298,"[""weather_disruption"", ""port_operational_disruption""]","{""weather_disruption"": 0.515925, ""natural_disaster"": 0.088205, ""port_operational_disruption"": 0.570755, ""port_closure"": 0.185426, ""labor_strike_disruption"": 0.023858, ""maritime_security_navigation_disruption"": 0.511433}"
554,"[""weather_disruption"", ""port_operational_disruption""]","{""weather_disruption"": 0.974142, ""natural_disaster"": 0.013071, ""port_operational_disruption"": 0.945936, ""port_closure"": 0.619994, ""labor_strike_disruption"": 0.020586, ""maritime_security_navigation_disruption"": 0.073422}"
529,"[""labor_strike_disruption""]","{""weather_disruption"": 0.016651, ""natural_disaster"": 0.280726, ""port_operational_disruption"": 0.007601, ""port_closure"": 0.012916, ""labor_strike_disruption"": 0.995979, ""maritime_security_navigation_disruption"": 0.0257}"
3471,"[""port_operational_disruption""]","{""weather_disruption"": 0.159096, ""natural_disaster"": 0.015836, ""port_operational_disruption"": 0.886367, ""port_closure"": 0.374417, ""labor_strike_disruption"": 0.27166, ""maritime_security_navigation_disruption"": 0.104591}"
3151,"[""weather_disruption"", ""port_operational_disruption""]","{""weather_disruption"": 0.931018, ""natural_disaster"": 0.037737, ""port_operational_disruption"": 0.777972, ""port_closure"": 0.066993, ""labor_strike_disruption"": 0.099985, ""maritime_security_navigation_disruption"": 0.040838}"
4572,"[""weather_disruption"", ""port_operational_disruption"", ""port_closure""]","{""weather_disruption"": 0.787384, ""natural_disaster"": 0.006473, ""port_operational_disruption"": 0.629207, ""port_closure"": 0.816404, ""labor_strike_disruption"": 0.026419, ""maritime_security_navigation_disruption"": 0.101349}"
3966,"[""weather_disruption""]","{""weather_disruption"": 0.870365, ""natural_disaster"": 0.013476, ""port_operational_disruption"": 0.369806, ""port_closure"": 0.166298, ""labor_strike_disruption"": 0.012222, ""maritime_security_navigation_disruption"": 0.454245}"
2920,"[""weather_disruption""]","{""weather_disruption"": 0.983281, ""natural_disaster"": 0.053873, ""port_operational_disruption"": 0.126995, ""port_closure"": 0.057584, ""labor_strike_disruption"": 0.008777, ""maritime_security_navigation_disruption"": 0.050667}"
391,"[""weather_disruption""]","{""weather_disruption"": 0.91878, ""natural_disaster"": 0.144346, ""port_operational_disruption"": 0.058662, ""port_closure"": 0.025848, ""labor_strike_disruption"": 0.032996, ""maritime_security_navigation_disruption"": 0.139567}"
3642,"[""weather_disruption"", ""maritime_security_navigation_disruption""]","{""weather_disruption"": 0.811496, ""natural_disaster"": 0.02603, ""port_operational_disruption"": 0.154429, ""port_closure"": 0.483582, ""labor_strike_disruption"": 0.039158, ""maritime_security_navigation_disruption"": 0.844792}"
3910,"[""weather_disruption"", ""port_operational_disruption"", ""maritime_security_navigation_disruption""]","{""weather_disruption"": 0.636089, ""natural_disaster"": 0.130188, ""port_operational_disruption"": 0.559582, ""port_closure"": 0.063463, ""labor_strike_disruption"": 0.071843, ""maritime_security_navigation_disruption"": 0.802751}"
4809,"[""port_operational_disruption""]","{""weather_disruption"": 0.145749, ""natural_disaster"": 0.007695, ""port_operational_disruption"": 0.94259, ""port_closure"": 0.060372, ""labor_strike_disruption"": 0.056719, ""maritime_security_navigation_disruption"": 0.08524}"
5445,"[""port_operational_disruption""]","{""weather_disruption"": 0.081379, ""natural_disaster"": 0.003577, ""port_operational_disruption"": 0.964107, ""port_closure"": 0.216782, ""labor_strike_disruption"": 0.047016, ""maritime_security_navigation_disruption"": 0.385879}"
4345,"[""port_operational_disruption""]","{""weather_disruption"": 0.221009, ""natural_disaster"": 0.003424, ""port_operational_disruption"": 0.599225, ""port_closure"": 0.297092, ""labor_strike_disruption"": 0.034319, ""maritime_security_navigation_disruption"": 0.501137}"
3666,"[""weather_disruption"", ""port_closure"", ""maritime_security_navigation_disruption""]","{""weather_disruption"": 0.763645, ""natural_disaster"": 0.005441, ""port_operational_disruption"": 0.312976, ""port_closure"": 0.851788, ""labor_strike_disruption"": 0.083835, ""maritime_security_navigation_disruption"": 0.670112}"
5405,"[""labor_strike_disruption""]","{""weather_disruption"": 0.004419, ""natural_disaster"": 0.099897, ""port_operational_disruption"": 0.011218, ""port_closure"": 0.003672, ""labor_strike_disruption"": 0.994283, ""maritime_security_navigation_disruption"": 0.150785}"
792,"[""weather_disruption""]","{""weather_disruption"": 0.91918, ""natural_disaster"": 0.050481, ""port_operational_disruption"": 0.026506, ""port_closure"": 0.059141, ""labor_strike_disruption"": 0.165936, ""maritime_security_navigation_disruption"": 0.108644}"
2200,"[""weather_disruption""]","{""weather_disruption"": 0.986012, ""natural_disaster"": 0.132002, ""port_operational_disruption"": 0.10819, ""port_closure"": 0.077266, ""labor_strike_disruption"": 0.040413, ""maritime_security_navigation_disruption"": 0.048341}"
2045,"[""weather_disruption"", ""port_closure"", ""maritime_security_navigation_disruption""]","{""weather_disruption"": 0.929594, ""natural_disaster"": 0.014621, ""port_operational_disruption"": 0.328579, ""port_closure"": 0.916987, ""labor_strike_disruption"": 0.015628, ""maritime_security_navigation_disruption"": 0.710512}"
4424,"[""maritime_security_navigation_disruption""]","{""weather_disruption"": 0.144758, ""natural_disaster"": 0.010206, ""port_operational_disruption"": 0.144704, ""port_closure"": 0.159048, ""labor_strike_disruption"": 0.07732, ""maritime_security_navigation_disruption"": 0.948293}"
1587,"[""weather_disruption""]","{""weather_disruption"": 0.928862, ""natural_disaster"": 0.121756, ""port_operational_disruption"": 0.151585, ""port_closure"": 0.702901, ""labor_strike_disruption"": 0.027187, ""maritime_security_navigation_disruption"": 0.284021}"
5403,"[""port_operational_disruption""]","{""weather_disruption"": 0.17356, ""natural_disaster"": 0.008889, ""port_operational_disruption"": 0.867147, ""port_closure"": 0.300745, ""labor_strike_disruption"": 0.029996, ""maritime_security_navigation_disruption"": 0.094401}"
4015,"[""port_operational_disruption"", ""maritime_security_navigation_disruption""]","{""weather_disruption"": 0.151335, ""natural_disaster"": 0.005528, ""port_operational_disruption"": 0.862151, ""port_closure"": 0.381644, ""labor_strike_disruption"": 0.022786, ""maritime_security_navigation_disruption"": 0.677224}"
4944,"[""natural_disaster""]","{""weather_disruption"": 0.124091, ""natural_disaster"": 0.992962, ""port_operational_disruption"": 0.019422, ""port_closure"": 0.004908, ""labor_strike_disruption"": 0.061473, ""maritime_security_navigation_disruption"": 0.154849}"
4060,"[""port_operational_disruption""]","{""weather_disruption"": 0.185166, ""natural_disaster"": 0.00403, ""port_operational_disruption"": 0.591719, ""port_closure"": 0.421844, ""labor_strike_disruption"": 0.112586, ""maritime_security_navigation_disruption"": 0.586799}"
432,"[""weather_disruption"", ""port_operational_disruption"", ""port_closure""]","{""weather_disruption"": 0.853915, ""natural_disaster"": 0.00855, ""port_operational_disruption"": 0.629152, ""port_closure"": 0.804778, ""labor_strike_disruption"": 0.061915, ""maritime_security_navigation_disruption"": 0.456612}"
3173,"[""maritime_security_navigation_disruption""]","{""weather_disruption"": 0.009475, ""natural_disaster"": 0.023787, ""port_operational_disruption"": 0.334569, ""port_closure"": 0.019334, ""labor_strike_disruption"": 0.172215, ""maritime_security_navigation_disruption"": 0.809238}"
3231,"[""port_operational_disruption""]","{""weather_disruption"": 0.07669, ""natural_disaster"": 0.0136, ""port_operational_disruption"": 0.9659, ""port_closure"": 0.118304, ""labor_strike_disruption"": 0.016077, ""maritime_security_navigation_disruption"": 0.033419}"
5695,"[""labor_strike_disruption""]","{""weather_disruption"": 0.038149, ""natural_disaster"": 0.046932, ""port_operational_disruption"": 0.063066, ""port_closure"": 0.016838, ""labor_strike_disruption"": 0.98233, ""maritime_security_navigation_disruption"": 0.091188}"
4636,"[""weather_disruption"", ""port_closure""]","{""weather_disruption"": 0.94215, ""natural_disaster"": 0.010106, ""port_operational_disruption"": 0.395559, ""port_closure"": 0.91341, ""labor_strike_disruption"": 0.019562, ""maritime_security_navigation_disruption"": 0.315114}"
1722,"[""weather_disruption""]","{""weather_disruption"": 0.746095, ""natural_disaster"": 0.046551, ""port_operational_disruption"": 0.168167, ""port_closure"": 0.343092, ""labor_strike_disruption"": 0.038652, ""maritime_security_navigation_disruption"": 0.312386}"
623,"[""weather_disruption"", ""port_operational_disruption"", ""port_closure""]","{""weather_disruption"": 0.986377, ""natural_disaster"": 0.006365, ""port_operational_disruption"": 0.618957, ""port_closure"": 0.886548, ""labor_strike_disruption"": 0.005551, ""maritime_security_navigation_disruption"": 0.132698}"
4620,"[""port_operational_disruption""]","{""weather_disruption"": 0.268702, ""natural_disaster"": 0.01194, ""port_operational_disruption"": 0.966249, ""port_closure"": 0.133765, ""labor_strike_disruption"": 0.016093, ""maritime_security_navigation_disruption"": 0.026557}"
1753,"[""labor_strike_disruption""]","{""weather_disruption"": 0.012022, ""natural_disaster"": 0.0176, ""port_operational_disruption"": 0.044019, ""port_closure"": 0.005272, ""labor_strike_disruption"": 0.994974, ""maritime_security_navigation_disruption"": 0.051044}"
5371,"[""weather_disruption"", ""port_operational_disruption"", ""port_closure""]","{""weather_disruption"": 0.910222, ""natural_disaster"": 0.005895, ""port_operational_disruption"": 0.723719, ""port_closure"": 0.949699, ""labor_strike_disruption"": 0.039264, ""maritime_security_navigation_disruption"": 0.097051}"
3982,"[""weather_disruption"", ""port_operational_disruption"", ""port_closure""]","{""weather_disruption"": 0.957213, ""natural_disaster"": 0.005477, ""port_operational_disruption"": 0.778214, ""port_closure"": 0.952672, ""labor_strike_disruption"": 0.013297, ""maritime_security_navigation_disruption"": 0.066661}"
2888,"[""weather_disruption"", ""port_closure""]","{""weather_disruption"": 0.717094, ""natural_disaster"": 0.002974, ""port_operational_disruption"": 0.441944, ""port_closure"": 0.967582, ""labor_strike_disruption"": 0.100048, ""maritime_security_navigation_disruption"": 0.30779}"
5099,"[""port_operational_disruption"", ""labor_strike_disruption""]","{""weather_disruption"": 0.023611, ""natural_disaster"": 0.004494, ""port_operational_disruption"": 0.658353, ""port_closure"": 0.102506, ""labor_strike_disruption"": 0.865047, ""maritime_security_navigation_disruption"": 0.075542}"
5780,"[""labor_strike_disruption""]","{""weather_disruption"": 0.00934, ""natural_disaster"": 0.025703, ""port_operational_disruption"": 0.149547, ""port_closure"": 0.010223, ""labor_strike_disruption"": 0.927696, ""maritime_security_navigation_disruption"": 0.526299}"
5603,"[""port_operational_disruption""]","{""weather_disruption"": 0.187027, ""natural_disaster"": 0.009216, ""port_operational_disruption"": 0.879026, ""port_closure"": 0.174451, ""labor_strike_disruption"": 0.184585, ""maritime_security_navigation_disruption"": 0.296351}"
4933,"[""natural_disaster""]","{""weather_disruption"": 0.096716, ""natural_disaster"": 0.989587, ""port_operational_disruption"": 0.02476, ""port_closure"": 0.004567, ""labor_strike_disruption"": 0.068743, ""maritime_security_navigation_disruption"": 0.144712}"
5491,"[""maritime_security_navigation_disruption""]","{""weather_disruption"": 0.047459, ""natural_disaster"": 0.011331, ""port_operational_disruption"": 0.099852, ""port_closure"": 0.073203, ""labor_strike_disruption"": 0.035943, ""maritime_security_navigation_disruption"": 0.99004}"
5058,"[""weather_disruption"", ""port_operational_disruption""]","{""weather_disruption"": 0.751165, ""natural_disaster"": 0.015298, ""port_operational_disruption"": 0.713233, ""port_closure"": 0.043641, ""labor_strike_disruption"": 0.024706, ""maritime_security_navigation_disruption"": 0.08582}"
4805,"[""weather_disruption""]","{""weather_disruption"": 0.766638, ""natural_disaster"": 0.034405, ""port_operational_disruption"": 0.14574, ""port_closure"": 0.092006, ""labor_strike_disruption"": 0.069802, ""maritime_security_navigation_disruption"": 0.304413}"
1066,"[""natural_disaster""]","{""weather_disruption"": 0.280786, ""natural_disaster"": 0.983418, ""port_operational_disruption"": 0.022313, ""port_closure"": 0.009661, ""labor_strike_disruption"": 0.025859, ""maritime_security_navigation_disruption"": 0.089219}"
355,"[""labor_strike_disruption""]","{""weather_disruption"": 0.023875, ""natural_disaster"": 0.11817, ""port_operational_disruption"": 0.019649, ""port_closure"": 0.020127, ""labor_strike_disruption"": 0.990769, ""maritime_security_navigation_disruption"": 0.032842}"
4003,"[""port_closure""]","{""weather_disruption"": 0.470946, ""natural_disaster"": 0.042916, ""port_operational_disruption"": 0.439759, ""port_closure"": 0.931968, ""labor_strike_disruption"": 0.021857, ""maritime_security_navigation_disruption"": 0.235856}"
3665,"[""weather_disruption"", ""port_closure""]","{""weather_disruption"": 0.957001, ""natural_disaster"": 0.00859, ""port_operational_disruption"": 0.375885, ""port_closure"": 0.906188, ""labor_strike_disruption"": 0.008681, ""maritime_security_navigation_disruption"": 0.314751}"
4017,"[""weather_disruption"", ""port_operational_disruption"", ""port_closure""]","{""weather_disruption"": 0.541946, ""natural_disaster"": 0.012723, ""port_operational_disruption"": 0.764986, ""port_closure"": 0.823647, ""labor_strike_disruption"": 0.0347, ""maritime_security_navigation_disruption"": 0.384234}"
4727,"[""labor_strike_disruption""]","{""weather_disruption"": 0.022528, ""natural_disaster"": 0.046977, ""port_operational_disruption"": 0.032101, ""port_closure"": 0.005234, ""labor_strike_disruption"": 0.993074, ""maritime_security_navigation_disruption"": 0.025754}"
1111,"[""maritime_security_navigation_disruption""]","{""weather_disruption"": 0.017183, ""natural_disaster"": 0.00542, ""port_operational_disruption"": 0.310439, ""port_closure"": 0.018194, ""labor_strike_disruption"": 0.312596, ""maritime_security_navigation_disruption"": 0.966796}"
2262,"[""labor_strike_disruption""]","{""weather_disruption"": 0.029077, ""natural_disaster"": 0.186288, ""port_operational_disruption"": 0.151977, ""port_closure"": 0.01654, ""labor_strike_disruption"": 0.980103, ""maritime_security_navigation_disruption"": 0.052631}"
1542,"[""weather_disruption""]","{""weather_disruption"": 0.871352, ""natural_disaster"": 0.182242, ""port_operational_disruption"": 0.538704, ""port_closure"": 0.153123, ""labor_strike_disruption"": 0.070746, ""maritime_security_navigation_disruption"": 0.063041}"
3104,"[""weather_disruption""]","{""weather_disruption"": 0.975354, ""natural_disaster"": 0.040882, ""port_operational_disruption"": 0.041329, ""port_closure"": 0.047554, ""labor_strike_disruption"": 0.011947, ""maritime_security_navigation_disruption"": 0.515598}"
5358,"[""weather_disruption"", ""port_closure""]","{""weather_disruption"": 0.951855, ""natural_disaster"": 0.007531, ""port_operational_disruption"": 0.240827, ""port_closure"": 0.950349, ""labor_strike_disruption"": 0.035839, ""maritime_security_navigation_disruption"": 0.291925}"
20,"[""natural_disaster""]","{""weather_disruption"": 0.115168, ""natural_disaster"": 0.975825, ""port_operational_disruption"": 0.013971, ""port_closure"": 0.01635, ""labor_strike_disruption"": 0.109019, ""maritime_security_navigation_disruption"": 0.269935}"
2372,"[""weather_disruption"", ""port_operational_disruption""]","{""weather_disruption"": 0.903921, ""natural_disaster"": 0.012582, ""port_operational_disruption"": 0.847002, ""port_closure"": 0.462981, ""labor_strike_disruption"": 0.065758, ""maritime_security_navigation_disruption"": 0.140286}"
2862,"[""weather_disruption"", ""port_operational_disruption""]","{""weather_disruption"": 0.679696, ""natural_disaster"": 0.00911, ""port_operational_disruption"": 0.935813, ""port_closure"": 0.396905, ""labor_strike_disruption"": 0.033987, ""maritime_security_navigation_disruption"": 0.288415}"
3258,"[""port_operational_disruption""]","{""weather_disruption"": 0.200974, ""natural_disaster"": 0.014255, ""port_operational_disruption"": 0.968927, ""port_closure"": 0.060448, ""labor_strike_disruption"": 0.113587, ""maritime_security_navigation_disruption"": 0.039921}"
875,"[""weather_disruption"", ""port_operational_disruption"", ""port_closure""]","{""weather_disruption"": 0.852277, ""natural_disaster"": 0.013248, ""port_operational_disruption"": 0.841686, ""port_closure"": 0.872038, ""labor_strike_disruption"": 0.072723, ""maritime_security_navigation_disruption"": 0.072575}"
4419,"[""weather_disruption""]","{""weather_disruption"": 0.955099, ""natural_disaster"": 0.226092, ""port_operational_disruption"": 0.03501, ""port_closure"": 0.044437, ""labor_strike_disruption"": 0.017722, ""maritime_security_navigation_disruption"": 0.142485}"
3389,"[""maritime_security_navigation_disruption""]","{""weather_disruption"": 0.137679, ""natural_disaster"": 0.005049, ""port_operational_disruption"": 0.226806, ""port_closure"": 0.129255, ""labor_strike_disruption"": 0.165906, ""maritime_security_navigation_disruption"": 0.932256}"
5081,"[""port_operational_disruption""]","{""weather_disruption"": 0.092348, ""natural_disaster"": 0.008918, ""port_operational_disruption"": 0.771809, ""port_closure"": 0.034468, ""labor_strike_disruption"": 0.237109, ""maritime_security_navigation_disruption"": 0.326203}"
3815,"[""labor_strike_disruption""]","{""weather_disruption"": 0.182373, ""natural_disaster"": 0.015278, ""port_operational_disruption"": 0.047723, ""port_closure"": 0.010111, ""labor_strike_disruption"": 0.966189, ""maritime_security_navigation_disruption"": 0.034823}"
4675,"[""labor_strike_disruption""]","{""weather_disruption"": 0.030893, ""natural_disaster"": 0.016115, ""port_operational_disruption"": 0.061389, ""port_closure"": 0.09098, ""labor_strike_disruption"": 0.995016, ""maritime_security_navigation_disruption"": 0.033503}"
340,"[""labor_strike_disruption"", ""maritime_security_navigation_disruption""]","{""weather_disruption"": 0.051015, ""natural_disaster"": 0.042445, ""port_operational_disruption"": 0.022284, ""port_closure"": 0.014175, ""labor_strike_disruption"": 0.821452, ""maritime_security_navigation_disruption"": 0.685021}"
3499,[],"{""weather_disruption"": 0.441413, ""natural_disaster"": 0.017269, ""port_operational_disruption"": 0.537796, ""port_closure"": 0.072681, ""labor_strike_disruption"": 0.121066, ""maritime_security_navigation_disruption"": 0.44428}"
3331,"[""port_operational_disruption""]","{""weather_disruption"": 0.067652, ""natural_disaster"": 0.003816, ""port_operational_disruption"": 0.744191, ""port_closure"": 0.083352, ""labor_strike_disruption"": 0.082845, ""maritime_security_navigation_disruption"": 0.55925}"
21,"[""weather_disruption""]","{""weather_disruption"": 0.995177, ""natural_disaster"": 0.168077, ""port_operational_disruption"": 0.076618, ""port_closure"": 0.059422, ""labor_strike_disruption"": 0.011557, ""maritime_security_navigation_disruption"": 0.012971}"
1606,"[""weather_disruption""]","{""weather_disruption"": 0.896234, ""natural_disaster"": 0.22408, ""port_operational_disruption"": 0.311322, ""port_closure"": 0.069516, ""labor_strike_disruption"": 0.149602, ""maritime_security_navigation_disruption"": 0.056373}"
2851,"[""weather_disruption"", ""port_operational_disruption""]","{""weather_disruption"": 0.910598, ""natural_disaster"": 0.004408, ""port_operational_disruption"": 0.897442, ""port_closure"": 0.699043, ""labor_strike_disruption"": 0.029958, ""maritime_security_navigation_disruption"": 0.057488}"
1018,"[""natural_disaster""]","{""weather_disruption"": 0.099947, ""natural_disaster"": 0.995247, ""port_operational_disruption"": 0.015903, ""port_closure"": 0.00528, ""labor_strike_disruption"": 0.147212, ""maritime_security_navigation_disruption"": 0.066063}"
4012,"[""weather_disruption"", ""port_operational_disruption""]","{""weather_disruption"": 0.986986, ""natural_disaster"": 0.004096, ""port_operational_disruption"": 0.884666, ""port_closure"": 0.743961, ""labor_strike_disruption"": 0.008963, ""maritime_security_navigation_disruption"": 0.093745}"
3039,"[""port_operational_disruption""]","{""weather_disruption"": 0.056348, ""natural_disaster"": 0.005231, ""port_operational_disruption"": 0.977018, ""port_closure"": 0.081776, ""labor_strike_disruption"": 0.019475, ""maritime_security_navigation_disruption"": 0.235293}"
5277,"[""maritime_security_navigation_disruption""]","{""weather_disruption"": 0.032986, ""natural_disaster"": 0.04422, ""port_operational_disruption"": 0.101786, ""port_closure"": 0.00426, ""labor_strike_disruption"": 0.340066, ""maritime_security_navigation_disruption"": 0.691078}"
3738,"[""maritime_security_navigation_disruption""]","{""weather_disruption"": 0.188545, ""natural_disaster"": 0.010769, ""port_operational_disruption"": 0.334384, ""port_closure"": 0.432754, ""labor_strike_disruption"": 0.074558, ""maritime_security_navigation_disruption"": 0.722974}"
726,"[""labor_strike_disruption""]","{""weather_disruption"": 0.003521, ""natural_disaster"": 0.024589, ""port_operational_disruption"": 0.07413, ""port_closure"": 0.001474, ""labor_strike_disruption"": 0.999271, ""maritime_security_navigation_disruption"": 0.008382}"
1467,"[""labor_strike_disruption""]","{""weather_disruption"": 0.023886, ""natural_disaster"": 0.001274, ""port_operational_disruption"": 0.303947, ""port_closure"": 0.171121, ""labor_strike_disruption"": 0.985549, ""maritime_security_navigation_disruption"": 0.174094}"
1098,"[""weather_disruption"", ""port_closure"", ""maritime_security_navigation_disruption""]","{""weather_disruption"": 0.973569, ""natural_disaster"": 0.008825, ""port_operational_disruption"": 0.215361, ""port_closure"": 0.862267, ""labor_strike_disruption"": 0.013682, ""maritime_security_navigation_disruption"": 0.852934}"
114,"[""labor_strike_disruption""]","{""weather_disruption"": 0.013802, ""natural_disaster"": 0.012573, ""port_operational_disruption"": 0.179732, ""port_closure"": 0.01568, ""labor_strike_disruption"": 0.992414, ""maritime_security_navigation_disruption"": 0.081801}"
1030,"[""labor_strike_disruption""]","{""weather_disruption"": 0.010298, ""natural_disaster"": 0.007113, ""port_operational_disruption"": 0.45327, ""port_closure"": 0.079584, ""labor_strike_disruption"": 0.905415, ""maritime_security_navigation_disruption"": 0.421144}"
1179,"[""port_operational_disruption""]","{""weather_disruption"": 0.054698, ""natural_disaster"": 0.005858, ""port_operational_disruption"": 0.96397, ""port_closure"": 0.087374, ""labor_strike_disruption"": 0.051011, ""maritime_security_navigation_disruption"": 0.059665}"
5069,"[""weather_disruption""]","{""weather_disruption"": 0.879171, ""natural_disaster"": 0.28179, ""port_operational_disruption"": 0.064488, ""port_closure"": 0.007409, ""labor_strike_disruption"": 0.115603, ""maritime_security_navigation_disruption"": 0.291205}"
5420,"[""weather_disruption""]","{""weather_disruption"": 0.994784, ""natural_disaster"": 0.035918, ""port_operational_disruption"": 0.044403, ""port_closure"": 0.021372, ""labor_strike_disruption"": 0.014382, ""maritime_security_navigation_disruption"": 0.047425}"
1251,"[""labor_strike_disruption""]","{""weather_disruption"": 0.017064, ""natural_disaster"": 0.040317, ""port_operational_disruption"": 0.046766, ""port_closure"": 0.008157, ""labor_strike_disruption"": 0.980622, ""maritime_security_navigation_disruption"": 0.118199}"
368,"[""weather_disruption""]","{""weather_disruption"": 0.956249, ""natural_disaster"": 0.255593, ""port_operational_disruption"": 0.047358, ""port_closure"": 0.374786, ""labor_strike_disruption"": 0.024425, ""maritime_security_navigation_disruption"": 0.197725}"
335,"[""weather_disruption""]","{""weather_disruption"": 0.830547, ""natural_disaster"": 0.233035, ""port_operational_disruption"": 0.13993, ""port_closure"": 0.331319, ""labor_strike_disruption"": 0.095666, ""maritime_security_navigation_disruption"": 0.152271}"
1145,"[""labor_strike_disruption""]","{""weather_disruption"": 0.007927, ""natural_disaster"": 0.019431, ""port_operational_disruption"": 0.091289, ""port_closure"": 0.002348, ""labor_strike_disruption"": 0.997698, ""maritime_security_navigation_disruption"": 0.044958}"
4400,"[""port_operational_disruption""]","{""weather_disruption"": 0.184369, ""natural_disaster"": 0.00811, ""port_operational_disruption"": 0.971248, ""port_closure"": 0.119806, ""labor_strike_disruption"": 0.040698, ""maritime_security_navigation_disruption"": 0.07481}"
4396,"[""port_operational_disruption""]","{""weather_disruption"": 0.048257, ""natural_disaster"": 0.015368, ""port_operational_disruption"": 0.951126, ""port_closure"": 0.059437, ""labor_strike_disruption"": 0.024038, ""maritime_security_navigation_disruption"": 0.095912}"
489,"[""port_operational_disruption""]","{""weather_disruption"": 0.096136, ""natural_disaster"": 0.007268, ""port_operational_disruption"": 0.981293, ""port_closure"": 0.143792, ""labor_strike_disruption"": 0.022614, ""maritime_security_navigation_disruption"": 0.052774}"
4772,"[""weather_disruption"", ""maritime_security_navigation_disruption""]","{""weather_disruption"": 0.896709, ""natural_disaster"": 0.009483, ""port_operational_disruption"": 0.139652, ""port_closure"": 0.695689, ""labor_strike_disruption"": 0.047352, ""maritime_security_navigation_disruption"": 0.89885}"
1926,"[""port_operational_disruption""]","{""weather_disruption"": 0.17765, ""natural_disaster"": 0.011, ""port_operational_disruption"": 0.79256, ""port_closure"": 0.078773, ""labor_strike_disruption"": 0.395239, ""maritime_security_navigation_disruption"": 0.150763}"
4135,"[""port_operational_disruption""]","{""weather_disruption"": 0.365081, ""natural_disaster"": 0.007302, ""port_operational_disruption"": 0.889195, ""port_closure"": 0.347219, ""labor_strike_disruption"": 0.0225, ""maritime_security_navigation_disruption"": 0.575258}"
4554,"[""weather_disruption""]","{""weather_disruption"": 0.933523, ""natural_disaster"": 0.169508, ""port_operational_disruption"": 0.028194, ""port_closure"": 0.120783, ""labor_strike_disruption"": 0.074895, ""maritime_security_navigation_disruption"": 0.044023}"
4006,"[""weather_disruption"", ""port_closure""]","{""weather_disruption"": 0.872461, ""natural_disaster"": 0.005286, ""port_operational_disruption"": 0.288973, ""port_closure"": 0.953826, ""labor_strike_disruption"": 0.041693, ""maritime_security_navigation_disruption"": 0.213431}"
1828,"[""maritime_security_navigation_disruption""]","{""weather_disruption"": 0.03984, ""natural_disaster"": 0.009039, ""port_operational_disruption"": 0.331123, ""port_closure"": 0.117138, ""labor_strike_disruption"": 0.440527, ""maritime_security_navigation_disruption"": 0.817956}"
5694,"[""weather_disruption""]","{""weather_disruption"": 0.987965, ""natural_disaster"": 0.225609, ""port_operational_disruption"": 0.114274, ""port_closure"": 0.06485, ""labor_strike_disruption"": 0.018657, ""maritime_security_navigation_disruption"": 0.078628}"
1936,"[""weather_disruption"", ""port_operational_disruption""]","{""weather_disruption"": 0.889902, ""natural_disaster"": 0.008473, ""port_operational_disruption"": 0.94411, ""port_closure"": 0.461774, ""labor_strike_disruption"": 0.027811, ""maritime_security_navigation_disruption"": 0.161544}"
3921,"[""port_operational_disruption"", ""maritime_security_navigation_disruption""]","{""weather_disruption"": 0.010908, ""natural_disaster"": 0.013139, ""port_operational_disruption"": 0.645902, ""port_closure"": 0.029475, ""labor_strike_disruption"": 0.07391, ""maritime_security_navigation_disruption"": 0.932806}"
1607,[],"{""weather_disruption"": 0.473708, ""natural_disaster"": 0.076101, ""port_operational_disruption"": 0.483221, ""port_closure"": 0.030069, ""labor_strike_disruption"": 0.053811, ""maritime_security_navigation_disruption"": 0.08131}"
1345,"[""labor_strike_disruption""]","{""weather_disruption"": 0.041525, ""natural_disaster"": 0.008436, ""port_operational_disruption"": 0.037401, ""port_closure"": 0.013611, ""labor_strike_disruption"": 0.989101, ""maritime_security_navigation_disruption"": 0.034806}"
1540,"[""weather_disruption""]","{""weather_disruption"": 0.970612, ""natural_disaster"": 0.130245, ""port_operational_disruption"": 0.055351, ""port_closure"": 0.015558, ""labor_strike_disruption"": 0.064009, ""maritime_security_navigation_disruption"": 0.142292}"
1086,"[""labor_strike_disruption""]","{""weather_disruption"": 0.12739, ""natural_disaster"": 0.008019, ""port_operational_disruption"": 0.225502, ""port_closure"": 0.291629, ""labor_strike_disruption"": 0.785357, ""maritime_security_navigation_disruption"": 0.15782}"
2854,"[""weather_disruption"", ""port_operational_disruption"", ""port_closure""]","{""weather_disruption"": 0.922976, ""natural_disaster"": 0.001887, ""port_operational_disruption"": 0.750518, ""port_closure"": 0.768041, ""labor_strike_disruption"": 0.101344, ""maritime_security_navigation_disruption"": 0.18114}"
3916,"[""port_operational_disruption"", ""maritime_security_navigation_disruption""]","{""weather_disruption"": 0.003163, ""natural_disaster"": 0.011232, ""port_operational_disruption"": 0.5554, ""port_closure"": 0.020054, ""labor_strike_disruption"": 0.275319, ""maritime_security_navigation_disruption"": 0.896372}"
3097,"[""weather_disruption"", ""port_operational_disruption""]","{""weather_disruption"": 0.86209, ""natural_disaster"": 0.012044, ""port_operational_disruption"": 0.900259, ""port_closure"": 0.445566, ""labor_strike_disruption"": 0.038659, ""maritime_security_navigation_disruption"": 0.234421}"
108,"[""port_operational_disruption""]","{""weather_disruption"": 0.1343, ""natural_disaster"": 0.012317, ""port_operational_disruption"": 0.951429, ""port_closure"": 0.062396, ""labor_strike_disruption"": 0.009264, ""maritime_security_navigation_disruption"": 0.161923}"
4206,"[""weather_disruption"", ""port_operational_disruption"", ""port_closure""]","{""weather_disruption"": 0.961659, ""natural_disaster"": 0.035659, ""port_operational_disruption"": 0.616791, ""port_closure"": 0.91444, ""labor_strike_disruption"": 0.01196, ""maritime_security_navigation_disruption"": 0.053323}"
4542,"[""port_operational_disruption"", ""maritime_security_navigation_disruption""]","{""weather_disruption"": 0.05469, ""natural_disaster"": 0.002778, ""port_operational_disruption"": 0.752846, ""port_closure"": 0.07885, ""labor_strike_disruption"": 0.250836, ""maritime_security_navigation_disruption"": 0.777393}"
1471,"[""labor_strike_disruption""]","{""weather_disruption"": 0.00337, ""natural_disaster"": 0.008126, ""port_operational_disruption"": 0.267875, ""port_closure"": 0.040184, ""labor_strike_disruption"": 0.99345, ""maritime_security_navigation_disruption"": 0.223407}"
1228,"[""labor_strike_disruption""]","{""weather_disruption"": 0.009386, ""natural_disaster"": 0.013293, ""port_operational_disruption"": 0.299195, ""port_closure"": 0.052656, ""labor_strike_disruption"": 0.976232, ""maritime_security_navigation_disruption"": 0.210303}"
5308,"[""weather_disruption"", ""port_operational_disruption""]","{""weather_disruption"": 0.846038, ""natural_disaster"": 0.020473, ""port_operational_disruption"": 0.783408, ""port_closure"": 0.297961, ""labor_strike_disruption"": 0.045859, ""maritime_security_navigation_disruption"": 0.18356}"
904,"[""labor_strike_disruption""]","{""weather_disruption"": 0.010868, ""natural_disaster"": 0.037154, ""port_operational_disruption"": 0.083914, ""port_closure"": 0.004433, ""labor_strike_disruption"": 0.99532, ""maritime_security_navigation_disruption"": 0.025624}"
5717,"[""labor_strike_disruption""]","{""weather_disruption"": 0.059297, ""natural_disaster"": 0.013154, ""port_operational_disruption"": 0.079171, ""port_closure"": 0.028179, ""labor_strike_disruption"": 0.95229, ""maritime_security_navigation_disruption"": 0.152693}"
977,[],"{""weather_disruption"": 0.258544, ""natural_disaster"": 0.026502, ""port_operational_disruption"": 0.372305, ""port_closure"": 0.019603, ""labor_strike_disruption"": 0.17535, ""maritime_security_navigation_disruption"": 0.481365}"
1758,"[""weather_disruption"", ""port_operational_disruption""]","{""weather_disruption"": 0.887795, ""natural_disaster"": 0.006598, ""port_operational_disruption"": 0.702017, ""port_closure"": 0.719654, ""labor_strike_disruption"": 0.031622, ""maritime_security_navigation_disruption"": 0.250021}"
4364,"[""natural_disaster""]","{""weather_disruption"": 0.137261, ""natural_disaster"": 0.9881, ""port_operational_disruption"": 0.015004, ""port_closure"": 0.004848, ""labor_strike_disruption"": 0.035359, ""maritime_security_navigation_disruption"": 0.195667}"
5388,"[""labor_strike_disruption""]","{""weather_disruption"": 0.017899, ""natural_disaster"": 0.025515, ""port_operational_disruption"": 0.020691, ""port_closure"": 0.008687, ""labor_strike_disruption"": 0.995297, ""maritime_security_navigation_disruption"": 0.034348}"
5184,"[""weather_disruption"", ""maritime_security_navigation_disruption""]","{""weather_disruption"": 0.98112, ""natural_disaster"": 0.010265, ""port_operational_disruption"": 0.326941, ""port_closure"": 0.49911, ""labor_strike_disruption"": 0.020924, ""maritime_security_navigation_disruption"": 0.716383}"
4382,"[""labor_strike_disruption""]","{""weather_disruption"": 0.165678, ""natural_disaster"": 0.045412, ""port_operational_disruption"": 0.019726, ""port_closure"": 0.028081, ""labor_strike_disruption"": 0.805432, ""maritime_security_navigation_disruption"": 0.22151}"
4601,"[""port_operational_disruption""]","{""weather_disruption"": 0.109993, ""natural_disaster"": 0.001971, ""port_operational_disruption"": 0.984674, ""port_closure"": 0.136726, ""labor_strike_disruption"": 0.088743, ""maritime_security_navigation_disruption"": 0.182488}"
1134,"[""weather_disruption""]","{""weather_disruption"": 0.903581, ""natural_disaster"": 0.204944, ""port_operational_disruption"": 0.115662, ""port_closure"": 0.018334, ""labor_strike_disruption"": 0.176052, ""maritime_security_navigation_disruption"": 0.030241}"
1496,"[""weather_disruption"", ""port_closure""]","{""weather_disruption"": 0.943785, ""natural_disaster"": 0.025838, ""port_operational_disruption"": 0.257151, ""port_closure"": 0.940062, ""labor_strike_disruption"": 0.020192, ""maritime_security_navigation_disruption"": 0.415778}"
1608,"[""weather_disruption"", ""port_operational_disruption"", ""port_closure""]","{""weather_disruption"": 0.981282, ""natural_disaster"": 0.023012, ""port_operational_disruption"": 0.674312, ""port_closure"": 0.804067, ""labor_strike_disruption"": 0.008835, ""maritime_security_navigation_disruption"": 0.07891}"
2077,"[""port_operational_disruption""]","{""weather_disruption"": 0.090191, ""natural_disaster"": 0.027846, ""port_operational_disruption"": 0.969486, ""port_closure"": 0.060896, ""labor_strike_disruption"": 0.0202, ""maritime_security_navigation_disruption"": 0.132625}"
4310,"[""weather_disruption""]","{""weather_disruption"": 0.957154, ""natural_disaster"": 0.205979, ""port_operational_disruption"": 0.031394, ""port_closure"": 0.032781, ""labor_strike_disruption"": 0.106873, ""maritime_security_navigation_disruption"": 0.009742}"
4939,"[""natural_disaster""]","{""weather_disruption"": 0.142681, ""natural_disaster"": 0.985278, ""port_operational_disruption"": 0.020324, ""port_closure"": 0.008666, ""labor_strike_disruption"": 0.135202, ""maritime_security_navigation_disruption"": 0.033305}"
1822,"[""maritime_security_navigation_disruption""]","{""weather_disruption"": 0.047878, ""natural_disaster"": 0.025133, ""port_operational_disruption"": 0.050484, ""port_closure"": 0.039965, ""labor_strike_disruption"": 0.204822, ""maritime_security_navigation_disruption"": 0.938112}"
3378,"[""weather_disruption"", ""port_operational_disruption"", ""port_closure""]","{""weather_disruption"": 0.930349, ""natural_disaster"": 0.00449, ""port_operational_disruption"": 0.751687, ""port_closure"": 0.808916, ""labor_strike_disruption"": 0.118651, ""maritime_security_navigation_disruption"": 0.081874}"
4433,"[""weather_disruption""]","{""weather_disruption"": 0.992339, ""natural_disaster"": 0.104614, ""port_operational_disruption"": 0.076952, ""port_closure"": 0.054175, ""labor_strike_disruption"": 0.044702, ""maritime_security_navigation_disruption"": 0.034365}"
3984,"[""weather_disruption"", ""port_closure""]","{""weather_disruption"": 0.912783, ""natural_disaster"": 0.00906, ""port_operational_disruption"": 0.525884, ""port_closure"": 0.973614, ""labor_strike_disruption"": 0.020087, ""maritime_security_navigation_disruption"": 0.039875}"
2563,"[""labor_strike_disruption""]","{""weather_disruption"": 0.205691, ""natural_disaster"": 0.055058, ""port_operational_disruption"": 0.018419, ""port_closure"": 0.418375, ""labor_strike_disruption"": 0.749722, ""maritime_security_navigation_disruption"": 0.080941}"
1895,"[""labor_strike_disruption""]","{""weather_disruption"": 0.02895, ""natural_disaster"": 0.01424, ""port_operational_disruption"": 0.408737, ""port_closure"": 0.173696, ""labor_strike_disruption"": 0.915632, ""maritime_security_navigation_disruption"": 0.206236}"
3874,"[""labor_strike_disruption""]","{""weather_disruption"": 0.034094, ""natural_disaster"": 0.006528, ""port_operational_disruption"": 0.299468, ""port_closure"": 0.12034, ""labor_strike_disruption"": 0.906372, ""maritime_security_navigation_disruption"": 0.361722}"
479,"[""port_operational_disruption""]","{""weather_disruption"": 0.123631, ""natural_disaster"": 0.063272, ""port_operational_disruption"": 0.69524, ""port_closure"": 0.075238, ""labor_strike_disruption"": 0.49593, ""maritime_security_navigation_disruption"": 0.096284}"
5276,"[""port_operational_disruption""]","{""weather_disruption"": 0.071708, ""natural_disaster"": 0.001844, ""port_operational_disruption"": 0.620651, ""port_closure"": 0.172303, ""labor_strike_disruption"": 0.475424, ""maritime_security_navigation_disruption"": 0.406667}"
2534,"[""labor_strike_disruption""]","{""weather_disruption"": 0.115401, ""natural_disaster"": 0.017078, ""port_operational_disruption"": 0.030801, ""port_closure"": 0.005995, ""labor_strike_disruption"": 0.947581, ""maritime_security_navigation_disruption"": 0.102569}"
148,"[""port_operational_disruption"", ""maritime_security_navigation_disruption""]","{""weather_disruption"": 0.069163, ""natural_disaster"": 0.006375, ""port_operational_disruption"": 0.884765, ""port_closure"": 0.087384, ""labor_strike_disruption"": 0.110568, ""maritime_security_navigation_disruption"": 0.84222}"
1714,"[""labor_strike_disruption""]","{""weather_disruption"": 0.020873, ""natural_disaster"": 0.028958, ""port_operational_disruption"": 0.028998, ""port_closure"": 0.063036, ""labor_strike_disruption"": 0.986401, ""maritime_security_navigation_disruption"": 0.096468}"
4698,"[""weather_disruption"", ""port_operational_disruption""]","{""weather_disruption"": 0.905482, ""natural_disaster"": 0.004746, ""port_operational_disruption"": 0.692114, ""port_closure"": 0.694158, ""labor_strike_disruption"": 0.070958, ""maritime_security_navigation_disruption"": 0.267067}"
3706,"[""port_operational_disruption""]","{""weather_disruption"": 0.429452, ""natural_disaster"": 0.016356, ""port_operational_disruption"": 0.916547, ""port_closure"": 0.03372, ""labor_strike_disruption"": 0.018571, ""maritime_security_navigation_disruption"": 0.036757}"
4724,"[""weather_disruption""]","{""weather_disruption"": 0.987443, ""natural_disaster"": 0.158306, ""port_operational_disruption"": 0.103054, ""port_closure"": 0.082329, ""labor_strike_disruption"": 0.022577, ""maritime_security_navigation_disruption"": 0.0573}"
5697,"[""labor_strike_disruption""]","{""weather_disruption"": 0.003338, ""natural_disaster"": 0.051972, ""port_operational_disruption"": 0.009185, ""port_closure"": 0.003171, ""labor_strike_disruption"": 0.994961, ""maritime_security_navigation_disruption"": 0.130961}"
2603,"[""labor_strike_disruption""]","{""weather_disruption"": 0.086594, ""natural_disaster"": 0.079448, ""port_operational_disruption"": 0.156032, ""port_closure"": 0.033888, ""labor_strike_disruption"": 0.938033, ""maritime_security_navigation_disruption"": 0.025219}"
3703,"[""labor_strike_disruption""]","{""weather_disruption"": 0.007206, ""natural_disaster"": 0.019564, ""port_operational_disruption"": 0.049381, ""port_closure"": 0.00259, ""labor_strike_disruption"": 0.995449, ""maritime_security_navigation_disruption"": 0.043777}"
4830,"[""port_operational_disruption""]","{""weather_disruption"": 0.164792, ""natural_disaster"": 0.008217, ""port_operational_disruption"": 0.950242, ""port_closure"": 0.259104, ""labor_strike_disruption"": 0.033107, ""maritime_security_navigation_disruption"": 0.083099}"
3159,"[""port_operational_disruption""]","{""weather_disruption"": 0.12374, ""natural_disaster"": 0.007743, ""port_operational_disruption"": 0.725222, ""port_closure"": 0.265174, ""labor_strike_disruption"": 0.088709, ""maritime_security_navigation_disruption"": 0.596997}"
4271,"[""maritime_security_navigation_disruption""]","{""weather_disruption"": 0.105779, ""natural_disaster"": 0.035191, ""port_operational_disruption"": 0.176924, ""port_closure"": 0.060894, ""labor_strike_disruption"": 0.022951, ""maritime_security_navigation_disruption"": 0.879965}"
4244,[],"{""weather_disruption"": 0.373125, ""natural_disaster"": 0.02591, ""port_operational_disruption"": 0.458653, ""port_closure"": 0.740075, ""labor_strike_disruption"": 0.18356, ""maritime_security_navigation_disruption"": 0.213494}"
1376,"[""labor_strike_disruption""]","{""weather_disruption"": 0.007564, ""natural_disaster"": 0.114438, ""port_operational_disruption"": 0.017676, ""port_closure"": 0.01602, ""labor_strike_disruption"": 0.995014, ""maritime_security_navigation_disruption"": 0.063567}"
2938,"[""port_operational_disruption""]","{""weather_disruption"": 0.075847, ""natural_disaster"": 0.008475, ""port_operational_disruption"": 0.976928, ""port_closure"": 0.12163, ""labor_strike_disruption"": 0.02568, ""maritime_security_navigation_disruption"": 0.072054}"
5466,"[""weather_disruption"", ""port_operational_disruption""]","{""weather_disruption"": 0.985375, ""natural_disaster"": 0.002192, ""port_operational_disruption"": 0.872279, ""port_closure"": 0.657303, ""labor_strike_disruption"": 0.028248, ""maritime_security_navigation_disruption"": 0.100272}"
3733,"[""maritime_security_navigation_disruption""]","{""weather_disruption"": 0.140558, ""natural_disaster"": 0.007542, ""port_operational_disruption"": 0.173291, ""port_closure"": 0.243791, ""labor_strike_disruption"": 0.043515, ""maritime_security_navigation_disruption"": 0.980896}"
387,"[""port_operational_disruption""]","{""weather_disruption"": 0.204171, ""natural_disaster"": 0.003608, ""port_operational_disruption"": 0.982591, ""port_closure"": 0.110928, ""labor_strike_disruption"": 0.09557, ""maritime_security_navigation_disruption"": 0.038339}"
4906,"[""weather_disruption""]","{""weather_disruption"": 0.993175, ""natural_disaster"": 0.03197, ""port_operational_disruption"": 0.053262, ""port_closure"": 0.0978, ""labor_strike_disruption"": 0.007337, ""maritime_security_navigation_disruption"": 0.220533}"
1811,"[""labor_strike_disruption""]","{""weather_disruption"": 0.036962, ""natural_disaster"": 0.019493, ""port_operational_disruption"": 0.038108, ""port_closure"": 0.010101, ""labor_strike_disruption"": 0.997943, ""maritime_security_navigation_disruption"": 0.017278}"
1031,"[""labor_strike_disruption""]","{""weather_disruption"": 0.036961, ""natural_disaster"": 0.018599, ""port_operational_disruption"": 0.120728, ""port_closure"": 0.075327, ""labor_strike_disruption"": 0.96186, ""maritime_security_navigation_disruption"": 0.159414}"
3958,"[""weather_disruption"", ""port_closure""]","{""weather_disruption"": 0.886998, ""natural_disaster"": 0.007284, ""port_operational_disruption"": 0.215726, ""port_closure"": 0.943641, ""labor_strike_disruption"": 0.014526, ""maritime_security_navigation_disruption"": 0.365967}"
4494,"[""weather_disruption"", ""port_operational_disruption"", ""port_closure""]","{""weather_disruption"": 0.554135, ""natural_disaster"": 0.003781, ""port_operational_disruption"": 0.645148, ""port_closure"": 0.836001, ""labor_strike_disruption"": 0.058778, ""maritime_security_navigation_disruption"": 0.312725}"
4506,"[""weather_disruption"", ""port_operational_disruption"", ""port_closure""]","{""weather_disruption"": 0.841032, ""natural_disaster"": 0.008833, ""port_operational_disruption"": 0.751256, ""port_closure"": 0.80751, ""labor_strike_disruption"": 0.012323, ""maritime_security_navigation_disruption"": 0.270402}"
494,"[""weather_disruption"", ""port_closure""]","{""weather_disruption"": 0.780763, ""natural_disaster"": 0.025477, ""port_operational_disruption"": 0.290033, ""port_closure"": 0.917011, ""labor_strike_disruption"": 0.032237, ""maritime_security_navigation_disruption"": 0.247747}"
1401,"[""port_operational_disruption""]","{""weather_disruption"": 0.029215, ""natural_disaster"": 0.01308, ""port_operational_disruption"": 0.959842, ""port_closure"": 0.023345, ""labor_strike_disruption"": 0.27849, ""maritime_security_navigation_disruption"": 0.234531}"
1597,"[""weather_disruption""]","{""weather_disruption"": 0.813764, ""natural_disaster"": 0.01885, ""port_operational_disruption"": 0.314653, ""port_closure"": 0.528255, ""labor_strike_disruption"": 0.336198, ""maritime_security_navigation_disruption"": 0.068633}"
236,"[""labor_strike_disruption""]","{""weather_disruption"": 0.131019, ""natural_disaster"": 0.021136, ""port_operational_disruption"": 0.069171, ""port_closure"": 0.028805, ""labor_strike_disruption"": 0.939456, ""maritime_security_navigation_disruption"": 0.03988}"
4034,"[""weather_disruption""]","{""weather_disruption"": 0.802481, ""natural_disaster"": 0.341774, ""port_operational_disruption"": 0.140335, ""port_closure"": 0.031199, ""labor_strike_disruption"": 0.16452, ""maritime_security_navigation_disruption"": 0.023838}"
4880,"[""port_operational_disruption""]","{""weather_disruption"": 0.063983, ""natural_disaster"": 0.00694, ""port_operational_disruption"": 0.980208, ""port_closure"": 0.01929, ""labor_strike_disruption"": 0.047683, ""maritime_security_navigation_disruption"": 0.031178}"
5504,"[""maritime_security_navigation_disruption""]","{""weather_disruption"": 0.016517, ""natural_disaster"": 0.038216, ""port_operational_disruption"": 0.031831, ""port_closure"": 0.020749, ""labor_strike_disruption"": 0.486705, ""maritime_security_navigation_disruption"": 0.870414}"
2653,"[""labor_strike_disruption""]","{""weather_disruption"": 0.025561, ""natural_disaster"": 0.007934, ""port_operational_disruption"": 0.237952, ""port_closure"": 0.019315, ""labor_strike_disruption"": 0.978411, ""maritime_security_navigation_disruption"": 0.224132}"
3239,"[""port_operational_disruption""]","{""weather_disruption"": 0.050472, ""natural_disaster"": 0.003709, ""port_operational_disruption"": 0.972295, ""port_closure"": 0.015639, ""labor_strike_disruption"": 0.091734, ""maritime_security_navigation_disruption"": 0.124484}"
4663,"[""natural_disaster""]","{""weather_disruption"": 0.169776, ""natural_disaster"": 0.98562, ""port_operational_disruption"": 0.027818, ""port_closure"": 0.00212, ""labor_strike_disruption"": 0.04012, ""maritime_security_navigation_disruption"": 0.065935}"
1426,"[""port_operational_disruption""]","{""weather_disruption"": 0.067705, ""natural_disaster"": 0.005079, ""port_operational_disruption"": 0.976966, ""port_closure"": 0.047918, ""labor_strike_disruption"": 0.36038, ""maritime_security_navigation_disruption"": 0.059195}"
2840,"[""labor_strike_disruption""]","{""weather_disruption"": 0.00973, ""natural_disaster"": 0.010125, ""port_operational_disruption"": 0.276477, ""port_closure"": 0.051783, ""labor_strike_disruption"": 0.982005, ""maritime_security_navigation_disruption"": 0.202702}"
5700,"[""weather_disruption""]","{""weather_disruption"": 0.930127, ""natural_disaster"": 0.092924, ""port_operational_disruption"": 0.091168, ""port_closure"": 0.099639, ""labor_strike_disruption"": 0.045567, ""maritime_security_navigation_disruption"": 0.08481}"
5715,"[""natural_disaster""]","{""weather_disruption"": 0.173452, ""natural_disaster"": 0.977766, ""port_operational_disruption"": 0.047739, ""port_closure"": 0.002024, ""labor_strike_disruption"": 0.02417, ""maritime_security_navigation_disruption"": 0.05645}"
1365,"[""port_operational_disruption"", ""maritime_security_navigation_disruption""]","{""weather_disruption"": 0.10788, ""natural_disaster"": 0.004916, ""port_operational_disruption"": 0.67151, ""port_closure"": 0.189899, ""labor_strike_disruption"": 0.162895, ""maritime_security_navigation_disruption"": 0.68493}"
2031,"[""port_operational_disruption"", ""maritime_security_navigation_disruption""]","{""weather_disruption"": 0.153198, ""natural_disaster"": 0.008195, ""port_operational_disruption"": 0.88575, ""port_closure"": 0.268535, ""labor_strike_disruption"": 0.018021, ""maritime_security_navigation_disruption"": 0.753723}"
1591,"[""labor_strike_disruption""]","{""weather_disruption"": 0.108043, ""natural_disaster"": 0.005059, ""port_operational_disruption"": 0.317968, ""port_closure"": 0.068038, ""labor_strike_disruption"": 0.9029, ""maritime_security_navigation_disruption"": 0.616678}"
5136,"[""labor_strike_disruption""]","{""weather_disruption"": 0.005531, ""natural_disaster"": 0.009018, ""port_operational_disruption"": 0.144451, ""port_closure"": 0.006609, ""labor_strike_disruption"": 0.993103, ""maritime_security_navigation_disruption"": 0.11201}"
4102,"[""maritime_security_navigation_disruption""]","{""weather_disruption"": 0.138734, ""natural_disaster"": 0.005365, ""port_operational_disruption"": 0.099025, ""port_closure"": 0.024384, ""labor_strike_disruption"": 0.036521, ""maritime_security_navigation_disruption"": 0.974331}"
4354,"[""maritime_security_navigation_disruption""]","{""weather_disruption"": 0.040009, ""natural_disaster"": 0.055537, ""port_operational_disruption"": 0.122494, ""port_closure"": 0.046674, ""labor_strike_disruption"": 0.272003, ""maritime_security_navigation_disruption"": 0.894452}"
346,"[""labor_strike_disruption""]","{""weather_disruption"": 0.006898, ""natural_disaster"": 0.116706, ""port_operational_disruption"": 0.032764, ""port_closure"": 0.009316, ""labor_strike_disruption"": 0.994391, ""maritime_security_navigation_disruption"": 0.111951}"
4564,"[""weather_disruption"", ""port_operational_disruption"", ""port_closure""]","{""weather_disruption"": 0.969691, ""natural_disaster"": 0.005764, ""port_operational_disruption"": 0.742614, ""port_closure"": 0.974108, ""labor_strike_disruption"": 0.017831, ""maritime_security_navigation_disruption"": 0.074229}"
2478,"[""labor_strike_disruption""]","{""weather_disruption"": 0.00568, ""natural_disaster"": 0.024331, ""port_operational_disruption"": 0.028742, ""port_closure"": 0.020143, ""labor_strike_disruption"": 0.998581, ""maritime_security_navigation_disruption"": 0.068262}"
1348,"[""labor_strike_disruption""]","{""weather_disruption"": 0.0219, ""natural_disaster"": 0.055592, ""port_operational_disruption"": 0.017369, ""port_closure"": 0.011084, ""labor_strike_disruption"": 0.985584, ""maritime_security_navigation_disruption"": 0.080052}"
2373,"[""weather_disruption"", ""port_operational_disruption"", ""port_closure""]","{""weather_disruption"": 0.939989, ""natural_disaster"": 0.005296, ""port_operational_disruption"": 0.661217, ""port_closure"": 0.972135, ""labor_strike_disruption"": 0.008748, ""maritime_security_navigation_disruption"": 0.118635}"
1514,"[""weather_disruption""]","{""weather_disruption"": 0.988713, ""natural_disaster"": 0.126769, ""port_operational_disruption"": 0.0979, ""port_closure"": 0.010869, ""labor_strike_disruption"": 0.028182, ""maritime_security_navigation_disruption"": 0.086774}"
3112,"[""weather_disruption""]","{""weather_disruption"": 0.978011, ""natural_disaster"": 0.122297, ""port_operational_disruption"": 0.338474, ""port_closure"": 0.040303, ""labor_strike_disruption"": 0.043491, ""maritime_security_navigation_disruption"": 0.032911}"
5139,"[""weather_disruption""]","{""weather_disruption"": 0.957607, ""natural_disaster"": 0.182274, ""port_operational_disruption"": 0.043515, ""port_closure"": 0.090608, ""labor_strike_disruption"": 0.021715, ""maritime_security_navigation_disruption"": 0.069134}"
5419,"[""weather_disruption""]","{""weather_disruption"": 0.987005, ""natural_disaster"": 0.046009, ""port_operational_disruption"": 0.017985, ""port_closure"": 0.023125, ""labor_strike_disruption"": 0.019245, ""maritime_security_navigation_disruption"": 0.035591}"
3086,"[""labor_strike_disruption""]","{""weather_disruption"": 0.023856, ""natural_disaster"": 0.060359, ""port_operational_disruption"": 0.216072, ""port_closure"": 0.006343, ""labor_strike_disruption"": 0.98075, ""maritime_security_navigation_disruption"": 0.028995}"
3553,"[""weather_disruption"", ""port_closure""]","{""weather_disruption"": 0.866899, ""natural_disaster"": 0.011013, ""port_operational_disruption"": 0.433555, ""port_closure"": 0.933329, ""labor_strike_disruption"": 0.015938, ""maritime_security_navigation_disruption"": 0.207204}"
588,"[""weather_disruption""]","{""weather_disruption"": 0.869088, ""natural_disaster"": 0.005167, ""port_operational_disruption"": 0.510366, ""port_closure"": 0.613594, ""labor_strike_disruption"": 0.012244, ""maritime_security_navigation_disruption"": 0.420183}"
2910,"[""weather_disruption"", ""port_operational_disruption"", ""port_closure""]","{""weather_disruption"": 0.986564, ""natural_disaster"": 0.012059, ""port_operational_disruption"": 0.80157, ""port_closure"": 0.763148, ""labor_strike_disruption"": 0.00342, ""maritime_security_navigation_disruption"": 0.082924}"
4493,"[""weather_disruption"", ""port_operational_disruption"", ""port_closure""]","{""weather_disruption"": 0.740878, ""natural_disaster"": 0.004701, ""port_operational_disruption"": 0.783674, ""port_closure"": 0.835399, ""labor_strike_disruption"": 0.09422, ""maritime_security_navigation_disruption"": 0.132106}"
2484,"[""labor_strike_disruption""]","{""weather_disruption"": 0.035422, ""natural_disaster"": 0.040819, ""port_operational_disruption"": 0.017246, ""port_closure"": 0.022136, ""labor_strike_disruption"": 0.990119, ""maritime_security_navigation_disruption"": 0.058388}"
2063,"[""port_operational_disruption""]","{""weather_disruption"": 0.102102, ""natural_disaster"": 0.004885, ""port_operational_disruption"": 0.974787, ""port_closure"": 0.093737, ""labor_strike_disruption"": 0.015211, ""maritime_security_navigation_disruption"": 0.054822}"
4679,"[""weather_disruption"", ""port_closure""]","{""weather_disruption"": 0.966668, ""natural_disaster"": 0.008784, ""port_operational_disruption"": 0.37773, ""port_closure"": 0.958016, ""labor_strike_disruption"": 0.008214, ""maritime_security_navigation_disruption"": 0.17017}"
5645,"[""weather_disruption"", ""port_operational_disruption""]","{""weather_disruption"": 0.98509, ""natural_disaster"": 0.006334, ""port_operational_disruption"": 0.767901, ""port_closure"": 0.74392, ""labor_strike_disruption"": 0.004435, ""maritime_security_navigation_disruption"": 0.092967}"
1243,"[""weather_disruption""]","{""weather_disruption"": 0.832714, ""natural_disaster"": 0.081703, ""port_operational_disruption"": 0.16111, ""port_closure"": 0.338343, ""labor_strike_disruption"": 0.171282, ""maritime_security_navigation_disruption"": 0.178876}"
4463,"[""weather_disruption"", ""port_operational_disruption"", ""maritime_security_navigation_disruption""]","{""weather_disruption"": 0.852803, ""natural_disaster"": 0.005653, ""port_operational_disruption"": 0.652051, ""port_closure"": 0.4838, ""labor_strike_disruption"": 0.078899, ""maritime_security_navigation_disruption"": 0.783909}"
12,"[""weather_disruption""]","{""weather_disruption"": 0.970353, ""natural_disaster"": 0.221265, ""port_operational_disruption"": 0.038975, ""port_closure"": 0.009826, ""labor_strike_disruption"": 0.012198, ""maritime_security_navigation_disruption"": 0.03787}"
1992,"[""weather_disruption"", ""port_operational_disruption""]","{""weather_disruption"": 0.91655, ""natural_disaster"": 0.011471, ""port_operational_disruption"": 0.94787, ""port_closure"": 0.330719, ""labor_strike_disruption"": 0.023244, ""maritime_security_navigation_disruption"": 0.088744}"
4110,"[""weather_disruption""]","{""weather_disruption"": 0.868014, ""natural_disaster"": 0.054725, ""port_operational_disruption"": 0.048199, ""port_closure"": 0.019668, ""labor_strike_disruption"": 0.100735, ""maritime_security_navigation_disruption"": 0.08124}"
4201,"[""weather_disruption"", ""port_operational_disruption""]","{""weather_disruption"": 0.983492, ""natural_disaster"": 0.007833, ""port_operational_disruption"": 0.884263, ""port_closure"": 0.605927, ""labor_strike_disruption"": 0.004642, ""maritime_security_navigation_disruption"": 0.055918}"
4886,"[""port_operational_disruption""]","{""weather_disruption"": 0.050398, ""natural_disaster"": 0.00676, ""port_operational_disruption"": 0.952802, ""port_closure"": 0.098389, ""labor_strike_disruption"": 0.045859, ""maritime_security_navigation_disruption"": 0.090156}"
3057,"[""port_operational_disruption""]","{""weather_disruption"": 0.081827, ""natural_disaster"": 0.023024, ""port_operational_disruption"": 0.953635, ""port_closure"": 0.09891, ""labor_strike_disruption"": 0.0183, ""maritime_security_navigation_disruption"": 0.106287}"
2601,"[""labor_strike_disruption""]","{""weather_disruption"": 0.046781, ""natural_disaster"": 0.046634, ""port_operational_disruption"": 0.045815, ""port_closure"": 0.002818, ""labor_strike_disruption"": 0.99656, ""maritime_security_navigation_disruption"": 0.004726}"
3428,"[""weather_disruption"", ""port_closure""]","{""weather_disruption"": 0.952555, ""natural_disaster"": 0.018973, ""port_operational_disruption"": 0.548436, ""port_closure"": 0.901065, ""labor_strike_disruption"": 0.013042, ""maritime_security_navigation_disruption"": 0.06481}"
3043,"[""port_operational_disruption""]","{""weather_disruption"": 0.082517, ""natural_disaster"": 0.006049, ""port_operational_disruption"": 0.98522, ""port_closure"": 0.081715, ""labor_strike_disruption"": 0.018746, ""maritime_security_navigation_disruption"": 0.057238}"
2145,"[""port_operational_disruption""]","{""weather_disruption"": 0.100892, ""natural_disaster"": 0.00856, ""port_operational_disruption"": 0.965466, ""port_closure"": 0.095361, ""labor_strike_disruption"": 0.446206, ""maritime_security_navigation_disruption"": 0.056741}"
2274,"[""weather_disruption""]","{""weather_disruption"": 0.774875, ""natural_disaster"": 0.34083, ""port_operational_disruption"": 0.013464, ""port_closure"": 0.027238, ""labor_strike_disruption"": 0.151995, ""maritime_security_navigation_disruption"": 0.26209}"
3130,"[""maritime_security_navigation_disruption""]","{""weather_disruption"": 0.050742, ""natural_disaster"": 0.032712, ""port_operational_disruption"": 0.204207, ""port_closure"": 0.036823, ""labor_strike_disruption"": 0.026868, ""maritime_security_navigation_disruption"": 0.972029}"
4195,"[""weather_disruption"", ""port_operational_disruption""]","{""weather_disruption"": 0.962868, ""natural_disaster"": 0.021092, ""port_operational_disruption"": 0.904253, ""port_closure"": 0.347959, ""labor_strike_disruption"": 0.016548, ""maritime_security_navigation_disruption"": 0.02919}"
4521,"[""weather_disruption"", ""port_closure""]","{""weather_disruption"": 0.812864, ""natural_disaster"": 0.011024, ""port_operational_disruption"": 0.40844, ""port_closure"": 0.974255, ""labor_strike_disruption"": 0.01678, ""maritime_security_navigation_disruption"": 0.271002}"
4209,"[""weather_disruption"", ""port_operational_disruption"", ""port_closure""]","{""weather_disruption"": 0.983801, ""natural_disaster"": 0.007962, ""port_operational_disruption"": 0.719291, ""port_closure"": 0.968216, ""labor_strike_disruption"": 0.004405, ""maritime_security_navigation_disruption"": 0.092582}"
5301,"[""port_operational_disruption"", ""maritime_security_navigation_disruption""]","{""weather_disruption"": 0.036313, ""natural_disaster"": 0.012125, ""port_operational_disruption"": 0.879172, ""port_closure"": 0.092478, ""labor_strike_disruption"": 0.04118, ""maritime_security_navigation_disruption"": 0.671865}"
5090,"[""maritime_security_navigation_disruption""]","{""weather_disruption"": 0.235037, ""natural_disaster"": 0.021951, ""port_operational_disruption"": 0.147535, ""port_closure"": 0.056138, ""labor_strike_disruption"": 0.112519, ""maritime_security_navigation_disruption"": 0.767589}"
1418,"[""weather_disruption"", ""port_operational_disruption""]","{""weather_disruption"": 0.819686, ""natural_disaster"": 0.003854, ""port_operational_disruption"": 0.856321, ""port_closure"": 0.696021, ""labor_strike_disruption"": 0.015399, ""maritime_security_navigation_disruption"": 0.393965}"
2782,"[""labor_strike_disruption""]","{""weather_disruption"": 0.004513, ""natural_disaster"": 0.009312, ""port_operational_disruption"": 0.394478, ""port_closure"": 0.083858, ""labor_strike_disruption"": 0.987248, ""maritime_security_navigation_disruption"": 0.152256}"
4511,"[""weather_disruption"", ""port_closure""]","{""weather_disruption"": 0.922973, ""natural_disaster"": 0.003352, ""port_operational_disruption"": 0.471316, ""port_closure"": 0.961178, ""labor_strike_disruption"": 0.091984, ""maritime_security_navigation_disruption"": 0.201364}"
950,"[""weather_disruption""]","{""weather_disruption"": 0.905675, ""natural_disaster"": 0.036493, ""port_operational_disruption"": 0.075891, ""port_closure"": 0.046825, ""labor_strike_disruption"": 0.095904, ""maritime_security_navigation_disruption"": 0.136848}"
2620,"[""weather_disruption""]","{""weather_disruption"": 0.991539, ""natural_disaster"": 0.118704, ""port_operational_disruption"": 0.008661, ""port_closure"": 0.445792, ""labor_strike_disruption"": 0.006014, ""maritime_security_navigation_disruption"": 0.177912}"
5344,"[""weather_disruption"", ""port_operational_disruption""]","{""weather_disruption"": 0.944436, ""natural_disaster"": 0.011159, ""port_operational_disruption"": 0.707548, ""port_closure"": 0.345833, ""labor_strike_disruption"": 0.017272, ""maritime_security_navigation_disruption"": 0.109583}"
2326,"[""weather_disruption"", ""port_operational_disruption"", ""port_closure""]","{""weather_disruption"": 0.953642, ""natural_disaster"": 0.015364, ""port_operational_disruption"": 0.773643, ""port_closure"": 0.752695, ""labor_strike_disruption"": 0.016521, ""maritime_security_navigation_disruption"": 0.405758}"
179,"[""port_operational_disruption""]","{""weather_disruption"": 0.075781, ""natural_disaster"": 0.060157, ""port_operational_disruption"": 0.957485, ""port_closure"": 0.030505, ""labor_strike_disruption"": 0.09365, ""maritime_security_navigation_disruption"": 0.059399}"
3055,"[""port_operational_disruption""]","{""weather_disruption"": 0.079245, ""natural_disaster"": 0.006926, ""port_operational_disruption"": 0.981443, ""port_closure"": 0.087075, ""labor_strike_disruption"": 0.019536, ""maritime_security_navigation_disruption"": 0.045495}"
2574,"[""weather_disruption""]","{""weather_disruption"": 0.981088, ""natural_disaster"": 0.563656, ""port_operational_disruption"": 0.019483, ""port_closure"": 0.050952, ""labor_strike_disruption"": 0.027288, ""maritime_security_navigation_disruption"": 0.057822}"
105,"[""port_operational_disruption""]","{""weather_disruption"": 0.298437, ""natural_disaster"": 0.006115, ""port_operational_disruption"": 0.956014, ""port_closure"": 0.144144, ""labor_strike_disruption"": 0.028674, ""maritime_security_navigation_disruption"": 0.055988}"
3792,"[""port_operational_disruption""]","{""weather_disruption"": 0.404539, ""natural_disaster"": 0.012405, ""port_operational_disruption"": 0.938328, ""port_closure"": 0.149284, ""labor_strike_disruption"": 0.010602, ""maritime_security_navigation_disruption"": 0.142033}"
5208,"[""maritime_security_navigation_disruption""]","{""weather_disruption"": 0.215808, ""natural_disaster"": 0.095115, ""port_operational_disruption"": 0.510076, ""port_closure"": 0.147584, ""labor_strike_disruption"": 0.092784, ""maritime_security_navigation_disruption"": 0.672771}"
3871,"[""weather_disruption"", ""port_operational_disruption"", ""port_closure""]","{""weather_disruption"": 0.972698, ""natural_disaster"": 0.003567, ""port_operational_disruption"": 0.570482, ""port_closure"": 0.892134, ""labor_strike_disruption"": 0.036498, ""maritime_security_navigation_disruption"": 0.113205}"
1950,"[""labor_strike_disruption""]","{""weather_disruption"": 0.014411, ""natural_disaster"": 0.061134, ""port_operational_disruption"": 0.040039, ""port_closure"": 0.002741, ""labor_strike_disruption"": 0.96742, ""maritime_security_navigation_disruption"": 0.119338}"
330,"[""labor_strike_disruption""]","{""weather_disruption"": 0.049601, ""natural_disaster"": 0.017555, ""port_operational_disruption"": 0.164937, ""port_closure"": 0.171193, ""labor_strike_disruption"": 0.987253, ""maritime_security_navigation_disruption"": 0.083148}"
4923,"[""labor_strike_disruption""]","{""weather_disruption"": 0.00851, ""natural_disaster"": 0.011932, ""port_operational_disruption"": 0.511921, ""port_closure"": 0.025723, ""labor_strike_disruption"": 0.942025, ""maritime_security_navigation_disruption"": 0.157889}"
2,[],"{""weather_disruption"": 0.453996, ""natural_disaster"": 0.31082, ""port_operational_disruption"": 0.505253, ""port_closure"": 0.033161, ""labor_strike_disruption"": 0.003694, ""maritime_security_navigation_disruption"": 0.557961}"
4914,"[""weather_disruption""]","{""weather_disruption"": 0.895251, ""natural_disaster"": 0.12857, ""port_operational_disruption"": 0.456545, ""port_closure"": 0.027039, ""labor_strike_disruption"": 0.177746, ""maritime_security_navigation_disruption"": 0.039674}"
2765,"[""port_operational_disruption""]","{""weather_disruption"": 0.162459, ""natural_disaster"": 0.007675, ""port_operational_disruption"": 0.972141, ""port_closure"": 0.136053, ""labor_strike_disruption"": 0.046822, ""maritime_security_navigation_disruption"": 0.023784}"
3106,"[""labor_strike_disruption""]","{""weather_disruption"": 0.021796, ""natural_disaster"": 0.182778, ""port_operational_disruption"": 0.026799, ""port_closure"": 0.018612, ""labor_strike_disruption"": 0.969165, ""maritime_security_navigation_disruption"": 0.151639}"
3196,"[""port_operational_disruption""]","{""weather_disruption"": 0.040931, ""natural_disaster"": 0.00602, ""port_operational_disruption"": 0.971622, ""port_closure"": 0.057827, ""labor_strike_disruption"": 0.06194, ""maritime_security_navigation_disruption"": 0.053097}"
2479,"[""labor_strike_disruption""]","{""weather_disruption"": 0.004568, ""natural_disaster"": 0.023902, ""port_operational_disruption"": 0.047901, ""port_closure"": 0.011655, ""labor_strike_disruption"": 0.999378, ""maritime_security_navigation_disruption"": 0.017274}"
3607,"[""maritime_security_navigation_disruption""]","{""weather_disruption"": 0.179882, ""natural_disaster"": 0.008121, ""port_operational_disruption"": 0.234158, ""port_closure"": 0.091592, ""labor_strike_disruption"": 0.034364, ""maritime_security_navigation_disruption"": 0.950466}"
1902,"[""weather_disruption"", ""maritime_security_navigation_disruption""]","{""weather_disruption"": 0.909578, ""natural_disaster"": 0.018557, ""port_operational_disruption"": 0.177512, ""port_closure"": 0.054812, ""labor_strike_disruption"": 0.020976, ""maritime_security_navigation_disruption"": 0.694529}"
174,"[""labor_strike_disruption""]","{""weather_disruption"": 0.061258, ""natural_disaster"": 0.049191, ""port_operational_disruption"": 0.04751, ""port_closure"": 0.021768, ""labor_strike_disruption"": 0.983356, ""maritime_security_navigation_disruption"": 0.144858}"
1494,"[""weather_disruption"", ""port_closure"", ""maritime_security_navigation_disruption""]","{""weather_disruption"": 0.745216, ""natural_disaster"": 0.037605, ""port_operational_disruption"": 0.119087, ""port_closure"": 0.880063, ""labor_strike_disruption"": 0.021811, ""maritime_security_navigation_disruption"": 0.85192}"
2442,"[""port_operational_disruption"", ""labor_strike_disruption""]","{""weather_disruption"": 0.025493, ""natural_disaster"": 0.010119, ""port_operational_disruption"": 0.762305, ""port_closure"": 0.105154, ""labor_strike_disruption"": 0.68215, ""maritime_security_navigation_disruption"": 0.224079}"
1970,"[""labor_strike_disruption""]","{""weather_disruption"": 0.017461, ""natural_disaster"": 0.042182, ""port_operational_disruption"": 0.100383, ""port_closure"": 0.013042, ""labor_strike_disruption"": 0.989774, ""maritime_security_navigation_disruption"": 0.107577}"
2415,"[""weather_disruption""]","{""weather_disruption"": 0.989928, ""natural_disaster"": 0.370878, ""port_operational_disruption"": 0.172535, ""port_closure"": 0.036771, ""labor_strike_disruption"": 0.007282, ""maritime_security_navigation_disruption"": 0.028787}"
4160,"[""weather_disruption""]","{""weather_disruption"": 0.990223, ""natural_disaster"": 0.083523, ""port_operational_disruption"": 0.123528, ""port_closure"": 0.167089, ""labor_strike_disruption"": 0.005991, ""maritime_security_navigation_disruption"": 0.566746}"
1792,"[""weather_disruption""]","{""weather_disruption"": 0.981737, ""natural_disaster"": 0.11872, ""port_operational_disruption"": 0.074277, ""port_closure"": 0.108221, ""labor_strike_disruption"": 0.031454, ""maritime_security_navigation_disruption"": 0.070611}"
815,"[""labor_strike_disruption""]","{""weather_disruption"": 0.121386, ""natural_disaster"": 0.080711, ""port_operational_disruption"": 0.016989, ""port_closure"": 0.244566, ""labor_strike_disruption"": 0.79798, ""maritime_security_navigation_disruption"": 0.236939}"
3207,"[""port_operational_disruption""]","{""weather_disruption"": 0.080596, ""natural_disaster"": 0.005859, ""port_operational_disruption"": 0.970935, ""port_closure"": 0.090287, ""labor_strike_disruption"": 0.021836, ""maritime_security_navigation_disruption"": 0.04752}"
4694,"[""weather_disruption"", ""port_operational_disruption""]","{""weather_disruption"": 0.985388, ""natural_disaster"": 0.010281, ""port_operational_disruption"": 0.688899, ""port_closure"": 0.614009, ""labor_strike_disruption"": 0.005207, ""maritime_security_navigation_disruption"": 0.072991}"
1785,"[""labor_strike_disruption""]","{""weather_disruption"": 0.012212, ""natural_disaster"": 0.042308, ""port_operational_disruption"": 0.019648, ""port_closure"": 0.013638, ""labor_strike_disruption"": 0.983897, ""maritime_security_navigation_disruption"": 0.261322}"
431,"[""port_operational_disruption""]","{""weather_disruption"": 0.485407, ""natural_disaster"": 0.010177, ""port_operational_disruption"": 0.833974, ""port_closure"": 0.199985, ""labor_strike_disruption"": 0.040636, ""maritime_security_navigation_disruption"": 0.597264}"
4778,"[""port_operational_disruption""]","{""weather_disruption"": 0.135614, ""natural_disaster"": 0.02794, ""port_operational_disruption"": 0.941079, ""port_closure"": 0.053146, ""labor_strike_disruption"": 0.056551, ""maritime_security_navigation_disruption"": 0.098764}"
995,"[""labor_strike_disruption""]","{""weather_disruption"": 0.055938, ""natural_disaster"": 0.104152, ""port_operational_disruption"": 0.053696, ""port_closure"": 0.068564, ""labor_strike_disruption"": 0.966595, ""maritime_security_navigation_disruption"": 0.104556}"
304,"[""maritime_security_navigation_disruption""]","{""weather_disruption"": 0.044644, ""natural_disaster"": 0.025257, ""port_operational_disruption"": 0.143804, ""port_closure"": 0.020898, ""labor_strike_disruption"": 0.358089, ""maritime_security_navigation_disruption"": 0.729253}"
4661,"[""port_operational_disruption""]","{""weather_disruption"": 0.154959, ""natural_disaster"": 0.007139, ""port_operational_disruption"": 0.980972, ""port_closure"": 0.187976, ""labor_strike_disruption"": 0.01652, ""maritime_security_navigation_disruption"": 0.064043}"
1349,"[""labor_strike_disruption""]","{""weather_disruption"": 0.112019, ""natural_disaster"": 0.072807, ""port_operational_disruption"": 0.026537, ""port_closure"": 0.011025, ""labor_strike_disruption"": 0.992742, ""maritime_security_navigation_disruption"": 0.016009}"
5421,"[""weather_disruption""]","{""weather_disruption"": 0.978366, ""natural_disaster"": 0.079266, ""port_operational_disruption"": 0.037895, ""port_closure"": 0.051129, ""labor_strike_disruption"": 0.100049, ""maritime_security_navigation_disruption"": 0.014714}"
5221,"[""labor_strike_disruption""]","{""weather_disruption"": 0.032407, ""natural_disaster"": 0.016365, ""port_operational_disruption"": 0.111797, ""port_closure"": 0.015223, ""labor_strike_disruption"": 0.986925, ""maritime_security_navigation_disruption"": 0.192238}"
4389,"[""port_operational_disruption""]","{""weather_disruption"": 0.131479, ""natural_disaster"": 0.009558, ""port_operational_disruption"": 0.969257, ""port_closure"": 0.075155, ""labor_strike_disruption"": 0.020205, ""maritime_security_navigation_disruption"": 0.030262}"
1933,"[""weather_disruption"", ""port_operational_disruption"", ""port_closure""]","{""weather_disruption"": 0.933169, ""natural_disaster"": 0.004199, ""port_operational_disruption"": 0.820564, ""port_closure"": 0.908377, ""labor_strike_disruption"": 0.053986, ""maritime_security_navigation_disruption"": 0.106525}"
872,"[""weather_disruption"", ""port_operational_disruption""]","{""weather_disruption"": 0.778052, ""natural_disaster"": 0.027119, ""port_operational_disruption"": 0.839704, ""port_closure"": 0.237931, ""labor_strike_disruption"": 0.08225, ""maritime_security_navigation_disruption"": 0.059095}"
2698,"[""labor_strike_disruption""]","{""weather_disruption"": 0.002357, ""natural_disaster"": 0.002292, ""port_operational_disruption"": 0.196609, ""port_closure"": 0.049196, ""labor_strike_disruption"": 0.99477, ""maritime_security_navigation_disruption"": 0.340559}"
3031,"[""weather_disruption"", ""port_operational_disruption""]","{""weather_disruption"": 0.571029, ""natural_disaster"": 0.005866, ""port_operational_disruption"": 0.850485, ""port_closure"": 0.24861, ""labor_strike_disruption"": 0.019397, ""maritime_security_navigation_disruption"": 0.35756}"
4970,"[""maritime_security_navigation_disruption""]","{""weather_disruption"": 0.218947, ""natural_disaster"": 0.016271, ""port_operational_disruption"": 0.309155, ""port_closure"": 0.167789, ""labor_strike_disruption"": 0.04733, ""maritime_security_navigation_disruption"": 0.85757}"
4961,"[""maritime_security_navigation_disruption""]","{""weather_disruption"": 0.207766, ""natural_disaster"": 0.042258, ""port_operational_disruption"": 0.306713, ""port_closure"": 0.086201, ""labor_strike_disruption"": 0.129781, ""maritime_security_navigation_disruption"": 0.652881}"
2084,"[""port_operational_disruption""]","{""weather_disruption"": 0.346485, ""natural_disaster"": 0.011081, ""port_operational_disruption"": 0.962369, ""port_closure"": 0.199837, ""labor_strike_disruption"": 0.109104, ""maritime_security_navigation_disruption"": 0.046734}"
4054,"[""labor_strike_disruption""]","{""weather_disruption"": 0.015428, ""natural_disaster"": 0.005912, ""port_operational_disruption"": 0.443508, ""port_closure"": 0.181377, ""labor_strike_disruption"": 0.918306, ""maritime_security_navigation_disruption"": 0.301008}"
5015,"[""labor_strike_disruption""]","{""weather_disruption"": 0.132918, ""natural_disaster"": 0.018406, ""port_operational_disruption"": 0.120513, ""port_closure"": 0.015817, ""labor_strike_disruption"": 0.963486, ""maritime_security_navigation_disruption"": 0.009479}"
2672,"[""labor_strike_disruption""]","{""weather_disruption"": 0.216878, ""natural_disaster"": 0.01443, ""port_operational_disruption"": 0.118028, ""port_closure"": 0.102987, ""labor_strike_disruption"": 0.872404, ""maritime_security_navigation_disruption"": 0.2537}"
4480,"[""weather_disruption"", ""port_operational_disruption""]","{""weather_disruption"": 0.900982, ""natural_disaster"": 0.004622, ""port_operational_disruption"": 0.65727, ""port_closure"": 0.542826, ""labor_strike_disruption"": 0.019078, ""maritime_security_navigation_disruption"": 0.606381}"
625,"[""weather_disruption"", ""port_operational_disruption"", ""port_closure""]","{""weather_disruption"": 0.990214, ""natural_disaster"": 0.015713, ""port_operational_disruption"": 0.701798, ""port_closure"": 0.917514, ""labor_strike_disruption"": 0.010063, ""maritime_security_navigation_disruption"": 0.028032}"
1436,"[""port_operational_disruption""]","{""weather_disruption"": 0.241036, ""natural_disaster"": 0.007022, ""port_operational_disruption"": 0.976319, ""port_closure"": 0.083578, ""labor_strike_disruption"": 0.036754, ""maritime_security_navigation_disruption"": 0.163377}"
2706,"[""port_operational_disruption""]","{""weather_disruption"": 0.132073, ""natural_disaster"": 0.0066, ""port_operational_disruption"": 0.951988, ""port_closure"": 0.111627, ""labor_strike_disruption"": 0.038854, ""maritime_security_navigation_disruption"": 0.057242}"
3600,"[""maritime_security_navigation_disruption""]","{""weather_disruption"": 0.129766, ""natural_disaster"": 0.002495, ""port_operational_disruption"": 0.397749, ""port_closure"": 0.138061, ""labor_strike_disruption"": 0.055294, ""maritime_security_navigation_disruption"": 0.870053}"
3453,"[""labor_strike_disruption""]","{""weather_disruption"": 0.026675, ""natural_disaster"": 0.00818, ""port_operational_disruption"": 0.414917, ""port_closure"": 0.098548, ""labor_strike_disruption"": 0.945385, ""maritime_security_navigation_disruption"": 0.234773}"
2342,"[""weather_disruption"", ""port_operational_disruption""]","{""weather_disruption"": 0.993254, ""natural_disaster"": 0.016673, ""port_operational_disruption"": 0.838718, ""port_closure"": 0.306987, ""labor_strike_disruption"": 0.012242, ""maritime_security_navigation_disruption"": 0.181367}"
2662,"[""weather_disruption"", ""port_operational_disruption""]","{""weather_disruption"": 0.912113, ""natural_disaster"": 0.006417, ""port_operational_disruption"": 0.871789, ""port_closure"": 0.431072, ""labor_strike_disruption"": 0.039699, ""maritime_security_navigation_disruption"": 0.102899}"
526,"[""maritime_security_navigation_disruption""]","{""weather_disruption"": 0.048161, ""natural_disaster"": 0.024204, ""port_operational_disruption"": 0.127762, ""port_closure"": 0.016481, ""labor_strike_disruption"": 0.187901, ""maritime_security_navigation_disruption"": 0.965906}"
5766,"[""weather_disruption""]","{""weather_disruption"": 0.988329, ""natural_disaster"": 0.113959, ""port_operational_disruption"": 0.040812, ""port_closure"": 0.140372, ""labor_strike_disruption"": 0.008819, ""maritime_security_navigation_disruption"": 0.170568}"
1379,"[""port_operational_disruption""]","{""weather_disruption"": 0.10402, ""natural_disaster"": 0.003394, ""port_operational_disruption"": 0.950476, ""port_closure"": 0.083382, ""labor_strike_disruption"": 0.17209, ""maritime_security_navigation_disruption"": 0.419384}"
2194,"[""weather_disruption"", ""port_operational_disruption""]","{""weather_disruption"": 0.955641, ""natural_disaster"": 0.002978, ""port_operational_disruption"": 0.675306, ""port_closure"": 0.697385, ""labor_strike_disruption"": 0.067495, ""maritime_security_navigation_disruption"": 0.205513}"
3949,"[""weather_disruption"", ""port_closure""]","{""weather_disruption"": 0.988212, ""natural_disaster"": 0.011809, ""port_operational_disruption"": 0.275673, ""port_closure"": 0.977759, ""labor_strike_disruption"": 0.022921, ""maritime_security_navigation_disruption"": 0.058143}"
4952,"[""weather_disruption""]","{""weather_disruption"": 0.665378, ""natural_disaster"": 0.533091, ""port_operational_disruption"": 0.089009, ""port_closure"": 0.196188, ""labor_strike_disruption"": 0.112432, ""maritime_security_navigation_disruption"": 0.276938}"
1090,"[""weather_disruption"", ""port_operational_disruption"", ""port_closure""]","{""weather_disruption"": 0.788738, ""natural_disaster"": 0.00394, ""port_operational_disruption"": 0.891702, ""port_closure"": 0.85723, ""labor_strike_disruption"": 0.183911, ""maritime_security_navigation_disruption"": 0.095438}"
2675,[],"{""weather_disruption"": 0.299418, ""natural_disaster"": 0.067182, ""port_operational_disruption"": 0.546914, ""port_closure"": 0.366938, ""labor_strike_disruption"": 0.071416, ""maritime_security_navigation_disruption"": 0.417537}"
2916,"[""weather_disruption"", ""port_operational_disruption""]","{""weather_disruption"": 0.913187, ""natural_disaster"": 0.006107, ""port_operational_disruption"": 0.906434, ""port_closure"": 0.616654, ""labor_strike_disruption"": 0.023794, ""maritime_security_navigation_disruption"": 0.074469}"
5267,[],"{""weather_disruption"": 0.411227, ""natural_disaster"": 0.029815, ""port_operational_disruption"": 0.277305, ""port_closure"": 0.607696, ""labor_strike_disruption"": 0.144817, ""maritime_security_navigation_disruption"": 0.389284}"
2074,"[""port_operational_disruption""]","{""weather_disruption"": 0.140577, ""natural_disaster"": 0.020512, ""port_operational_disruption"": 0.975655, ""port_closure"": 0.138411, ""labor_strike_disruption"": 0.039777, ""maritime_security_navigation_disruption"": 0.054978}"
4701,"[""port_operational_disruption""]","{""weather_disruption"": 0.113214, ""natural_disaster"": 0.003756, ""port_operational_disruption"": 0.967194, ""port_closure"": 0.247225, ""labor_strike_disruption"": 0.04045, ""maritime_security_navigation_disruption"": 0.225925}"
3810,"[""weather_disruption""]","{""weather_disruption"": 0.758103, ""natural_disaster"": 0.008322, ""port_operational_disruption"": 0.444288, ""port_closure"": 0.136538, ""labor_strike_disruption"": 0.027473, ""maritime_security_navigation_disruption"": 0.395838}"
4631,"[""weather_disruption""]","{""weather_disruption"": 0.990251, ""natural_disaster"": 0.02231, ""port_operational_disruption"": 0.143201, ""port_closure"": 0.02811, ""labor_strike_disruption"": 0.007135, ""maritime_security_navigation_disruption"": 0.046038}"
1609,"[""weather_disruption"", ""port_operational_disruption""]","{""weather_disruption"": 0.945119, ""natural_disaster"": 0.004844, ""port_operational_disruption"": 0.909327, ""port_closure"": 0.328742, ""labor_strike_disruption"": 0.016153, ""maritime_security_navigation_disruption"": 0.136984}"
4770,"[""labor_strike_disruption""]","{""weather_disruption"": 0.013199, ""natural_disaster"": 0.020563, ""port_operational_disruption"": 0.064392, ""port_closure"": 0.022257, ""labor_strike_disruption"": 0.99547, ""maritime_security_navigation_disruption"": 0.148029}"
4184,"[""weather_disruption"", ""port_operational_disruption""]","{""weather_disruption"": 0.964214, ""natural_disaster"": 0.028168, ""port_operational_disruption"": 0.758235, ""port_closure"": 0.665444, ""labor_strike_disruption"": 0.011538, ""maritime_security_navigation_disruption"": 0.041055}"
3770,"[""weather_disruption""]","{""weather_disruption"": 0.970882, ""natural_disaster"": 0.022819, ""port_operational_disruption"": 0.149212, ""port_closure"": 0.222953, ""labor_strike_disruption"": 0.008559, ""maritime_security_navigation_disruption"": 0.569243}"
4518,"[""weather_disruption"", ""port_closure""]","{""weather_disruption"": 0.948673, ""natural_disaster"": 0.006515, ""port_operational_disruption"": 0.312938, ""port_closure"": 0.974442, ""labor_strike_disruption"": 0.019189, ""maritime_security_navigation_disruption"": 0.119651}"
2114,"[""labor_strike_disruption""]","{""weather_disruption"": 0.009282, ""natural_disaster"": 0.012619, ""port_operational_disruption"": 0.243062, ""port_closure"": 0.026331, ""labor_strike_disruption"": 0.948514, ""maritime_security_navigation_disruption"": 0.48004}"
5287,"[""port_operational_disruption""]","{""weather_disruption"": 0.293418, ""natural_disaster"": 0.01131, ""port_operational_disruption"": 0.746883, ""port_closure"": 0.236252, ""labor_strike_disruption"": 0.031519, ""maritime_security_navigation_disruption"": 0.202481}"
975,"[""weather_disruption""]","{""weather_disruption"": 0.959643, ""natural_disaster"": 0.138106, ""port_operational_disruption"": 0.097778, ""port_closure"": 0.182062, ""labor_strike_disruption"": 0.046853, ""maritime_security_navigation_disruption"": 0.06377}"
3737,"[""maritime_security_navigation_disruption""]","{""weather_disruption"": 0.317979, ""natural_disaster"": 0.005629, ""port_operational_disruption"": 0.229519, ""port_closure"": 0.258348, ""labor_strike_disruption"": 0.043971, ""maritime_security_navigation_disruption"": 0.884373}"
1091,"[""weather_disruption"", ""port_operational_disruption""]","{""weather_disruption"": 0.977568, ""natural_disaster"": 0.02774, ""port_operational_disruption"": 0.779937, ""port_closure"": 0.267272, ""labor_strike_disruption"": 0.024445, ""maritime_security_navigation_disruption"": 0.083685}"
2183,"[""weather_disruption""]","{""weather_disruption"": 0.978884, ""natural_disaster"": 0.160115, ""port_operational_disruption"": 0.011642, ""port_closure"": 0.305561, ""labor_strike_disruption"": 0.089396, ""maritime_security_navigation_disruption"": 0.06733}"
798,"[""labor_strike_disruption""]","{""weather_disruption"": 0.010874, ""natural_disaster"": 0.023092, ""port_operational_disruption"": 0.041223, ""port_closure"": 0.013912, ""labor_strike_disruption"": 0.992382, ""maritime_security_navigation_disruption"": 0.042977}"
1755,"[""port_operational_disruption""]","{""weather_disruption"": 0.230485, ""natural_disaster"": 0.012548, ""port_operational_disruption"": 0.985707, ""port_closure"": 0.190758, ""labor_strike_disruption"": 0.048269, ""maritime_security_navigation_disruption"": 0.021374}"
3907,"[""weather_disruption"", ""port_operational_disruption"", ""port_closure""]","{""weather_disruption"": 0.929034, ""natural_disaster"": 0.00764, ""port_operational_disruption"": 0.716953, ""port_closure"": 0.772497, ""labor_strike_disruption"": 0.035395, ""maritime_security_navigation_disruption"": 0.069263}"
286,"[""port_operational_disruption""]","{""weather_disruption"": 0.174035, ""natural_disaster"": 0.014307, ""port_operational_disruption"": 0.686982, ""port_closure"": 0.085443, ""labor_strike_disruption"": 0.093283, ""maritime_security_navigation_disruption"": 0.364849}"
3672,"[""labor_strike_disruption""]","{""weather_disruption"": 0.176205, ""natural_disaster"": 0.006246, ""port_operational_disruption"": 0.36817, ""port_closure"": 0.267221, ""labor_strike_disruption"": 0.791551, ""maritime_security_navigation_disruption"": 0.157042}"
2550,"[""labor_strike_disruption""]","{""weather_disruption"": 0.120087, ""natural_disaster"": 0.227938, ""port_operational_disruption"": 0.036507, ""port_closure"": 0.006086, ""labor_strike_disruption"": 0.961723, ""maritime_security_navigation_disruption"": 0.035901}"
27,[],"{""weather_disruption"": 0.318007, ""natural_disaster"": 0.042862, ""port_operational_disruption"": 0.39149, ""port_closure"": 0.295569, ""labor_strike_disruption"": 0.03325, ""maritime_security_navigation_disruption"": 0.498335}"
3713,"[""weather_disruption"", ""port_operational_disruption"", ""port_closure""]","{""weather_disruption"": 0.936376, ""natural_disaster"": 0.005801, ""port_operational_disruption"": 0.705891, ""port_closure"": 0.855813, ""labor_strike_disruption"": 0.011948, ""maritime_security_navigation_disruption"": 0.178328}"
2053,"[""port_operational_disruption""]","{""weather_disruption"": 0.42671, ""natural_disaster"": 0.010895, ""port_operational_disruption"": 0.986917, ""port_closure"": 0.070643, ""labor_strike_disruption"": 0.062022, ""maritime_security_navigation_disruption"": 0.075569}"
5242,"[""weather_disruption"", ""port_operational_disruption""]","{""weather_disruption"": 0.892357, ""natural_disaster"": 0.004765, ""port_operational_disruption"": 0.706628, ""port_closure"": 0.729428, ""labor_strike_disruption"": 0.155266, ""maritime_security_navigation_disruption"": 0.068763}"
2750,"[""port_operational_disruption""]","{""weather_disruption"": 0.057503, ""natural_disaster"": 0.012218, ""port_operational_disruption"": 0.960869, ""port_closure"": 0.162408, ""labor_strike_disruption"": 0.016011, ""maritime_security_navigation_disruption"": 0.0983}"
2217,"[""weather_disruption"", ""port_closure""]","{""weather_disruption"": 0.64365, ""natural_disaster"": 0.010251, ""port_operational_disruption"": 0.167527, ""port_closure"": 0.938574, ""labor_strike_disruption"": 0.103525, ""maritime_security_navigation_disruption"": 0.323734}"
4790,"[""port_operational_disruption""]","{""weather_disruption"": 0.014936, ""natural_disaster"": 0.004425, ""port_operational_disruption"": 0.976782, ""port_closure"": 0.027818, ""labor_strike_disruption"": 0.515165, ""maritime_security_navigation_disruption"": 0.089912}"
2592,"[""natural_disaster""]","{""weather_disruption"": 0.214089, ""natural_disaster"": 0.968372, ""port_operational_disruption"": 0.036838, ""port_closure"": 0.013777, ""labor_strike_disruption"": 0.165758, ""maritime_security_navigation_disruption"": 0.028196}"
4287,"[""maritime_security_navigation_disruption""]","{""weather_disruption"": 0.020694, ""natural_disaster"": 0.013554, ""port_operational_disruption"": 0.126814, ""port_closure"": 0.021097, ""labor_strike_disruption"": 0.129822, ""maritime_security_navigation_disruption"": 0.980058}"
2718,"[""labor_strike_disruption""]","{""weather_disruption"": 0.028167, ""natural_disaster"": 0.074384, ""port_operational_disruption"": 0.317627, ""port_closure"": 0.031621, ""labor_strike_disruption"": 0.907522, ""maritime_security_navigation_disruption"": 0.19723}"
1413,"[""port_operational_disruption""]","{""weather_disruption"": 0.445266, ""natural_disaster"": 0.02364, ""port_operational_disruption"": 0.737765, ""port_closure"": 0.109741, ""labor_strike_disruption"": 0.047789, ""maritime_security_navigation_disruption"": 0.618519}"
4773,"[""weather_disruption"", ""maritime_security_navigation_disruption""]","{""weather_disruption"": 0.871946, ""natural_disaster"": 0.006576, ""port_operational_disruption"": 0.162635, ""port_closure"": 0.620773, ""labor_strike_disruption"": 0.05673, ""maritime_security_navigation_disruption"": 0.811489}"
5756,"[""labor_strike_disruption""]","{""weather_disruption"": 0.002383, ""natural_disaster"": 0.017897, ""port_operational_disruption"": 0.009688, ""port_closure"": 0.008735, ""labor_strike_disruption"": 0.998818, ""maritime_security_navigation_disruption"": 0.293051}"
5055,"[""port_operational_disruption"", ""maritime_security_navigation_disruption""]","{""weather_disruption"": 0.07228, ""natural_disaster"": 0.007388, ""port_operational_disruption"": 0.744764, ""port_closure"": 0.040685, ""labor_strike_disruption"": 0.030504, ""maritime_security_navigation_disruption"": 0.731801}"
1082,"[""weather_disruption"", ""port_closure""]","{""weather_disruption"": 0.966274, ""natural_disaster"": 0.007495, ""port_operational_disruption"": 0.247079, ""port_closure"": 0.890936, ""labor_strike_disruption"": 0.027812, ""maritime_security_navigation_disruption"": 0.405965}"
605,"[""weather_disruption""]","{""weather_disruption"": 0.614785, ""natural_disaster"": 0.066955, ""port_operational_disruption"": 0.546747, ""port_closure"": 0.135418, ""labor_strike_disruption"": 0.154291, ""maritime_security_navigation_disruption"": 0.100672}"
4427,"[""weather_disruption"", ""port_closure""]","{""weather_disruption"": 0.932363, ""natural_disaster"": 0.010457, ""port_operational_disruption"": 0.483707, ""port_closure"": 0.986194, ""labor_strike_disruption"": 0.029581, ""maritime_security_navigation_disruption"": 0.277558}"
1705,"[""weather_disruption""]","{""weather_disruption"": 0.937103, ""natural_disaster"": 0.214667, ""port_operational_disruption"": 0.024055, ""port_closure"": 0.050751, ""labor_strike_disruption"": 0.089936, ""maritime_security_navigation_disruption"": 0.12949}"
2466,"[""maritime_security_navigation_disruption""]","{""weather_disruption"": 0.48858, ""natural_disaster"": 0.019614, ""port_operational_disruption"": 0.466681, ""port_closure"": 0.114326, ""labor_strike_disruption"": 0.077094, ""maritime_security_navigation_disruption"": 0.726324}"
3267,"[""labor_strike_disruption""]","{""weather_disruption"": 0.081992, ""natural_disaster"": 0.018106, ""port_operational_disruption"": 0.186649, ""port_closure"": 0.104466, ""labor_strike_disruption"": 0.918931, ""maritime_security_navigation_disruption"": 0.1383}"
5475,"[""weather_disruption"", ""port_operational_disruption""]","{""weather_disruption"": 0.992192, ""natural_disaster"": 0.026459, ""port_operational_disruption"": 0.572033, ""port_closure"": 0.684332, ""labor_strike_disruption"": 0.008631, ""maritime_security_navigation_disruption"": 0.047266}"
870,"[""maritime_security_navigation_disruption""]","{""weather_disruption"": 0.02192, ""natural_disaster"": 0.040539, ""port_operational_disruption"": 0.076779, ""port_closure"": 0.016604, ""labor_strike_disruption"": 0.468979, ""maritime_security_navigation_disruption"": 0.946545}"
998,"[""labor_strike_disruption""]","{""weather_disruption"": 0.123795, ""natural_disaster"": 0.120093, ""port_operational_disruption"": 0.072186, ""port_closure"": 0.077096, ""labor_strike_disruption"": 0.84412, ""maritime_security_navigation_disruption"": 0.189405}"
2952,"[""labor_strike_disruption""]","{""weather_disruption"": 0.009991, ""natural_disaster"": 0.06099, ""port_operational_disruption"": 0.018268, ""port_closure"": 0.011619, ""labor_strike_disruption"": 0.997625, ""maritime_security_navigation_disruption"": 0.027833}"
4548,"[""labor_strike_disruption""]","{""weather_disruption"": 0.018826, ""natural_disaster"": 0.082001, ""port_operational_disruption"": 0.030539, ""port_closure"": 0.014656, ""labor_strike_disruption"": 0.987504, ""maritime_security_navigation_disruption"": 0.110601}"
3108,"[""weather_disruption""]","{""weather_disruption"": 0.953932, ""natural_disaster"": 0.110334, ""port_operational_disruption"": 0.111912, ""port_closure"": 0.089017, ""labor_strike_disruption"": 0.085396, ""maritime_security_navigation_disruption"": 0.049579}"
5745,"[""port_operational_disruption""]","{""weather_disruption"": 0.060747, ""natural_disaster"": 0.002667, ""port_operational_disruption"": 0.929151, ""port_closure"": 0.066449, ""labor_strike_disruption"": 0.028674, ""maritime_security_navigation_disruption"": 0.244746}"
4308,"[""weather_disruption"", ""port_closure""]","{""weather_disruption"": 0.817546, ""natural_disaster"": 0.006517, ""port_operational_disruption"": 0.319543, ""port_closure"": 0.941931, ""labor_strike_disruption"": 0.035575, ""maritime_security_navigation_disruption"": 0.180776}"
5417,"[""port_operational_disruption""]","{""weather_disruption"": 0.412018, ""natural_disaster"": 0.001944, ""port_operational_disruption"": 0.946445, ""port_closure"": 0.157159, ""labor_strike_disruption"": 0.110987, ""maritime_security_navigation_disruption"": 0.393687}"
4140,"[""maritime_security_navigation_disruption""]","{""weather_disruption"": 0.017047, ""natural_disaster"": 0.011495, ""port_operational_disruption"": 0.152005, ""port_closure"": 0.020044, ""labor_strike_disruption"": 0.078181, ""maritime_security_navigation_disruption"": 0.986272}"
55,"[""labor_strike_disruption""]","{""weather_disruption"": 0.025606, ""natural_disaster"": 0.022576, ""port_operational_disruption"": 0.086106, ""port_closure"": 0.007661, ""labor_strike_disruption"": 0.991462, ""maritime_security_navigation_disruption"": 0.04136}"
4468,"[""weather_disruption""]","{""weather_disruption"": 0.953586, ""natural_disaster"": 0.034695, ""port_operational_disruption"": 0.246831, ""port_closure"": 0.101823, ""labor_strike_disruption"": 0.011623, ""maritime_security_navigation_disruption"": 0.32143}"
4925,"[""labor_strike_disruption""]","{""weather_disruption"": 0.021659, ""natural_disaster"": 0.012217, ""port_operational_disruption"": 0.035113, ""port_closure"": 0.015831, ""labor_strike_disruption"": 0.997043, ""maritime_security_navigation_disruption"": 0.11368}"
4229,"[""weather_disruption""]","{""weather_disruption"": 0.985395, ""natural_disaster"": 0.247187, ""port_operational_disruption"": 0.025114, ""port_closure"": 0.017177, ""labor_strike_disruption"": 0.029105, ""maritime_security_navigation_disruption"": 0.034673}"
2941,"[""port_operational_disruption""]","{""weather_disruption"": 0.18092, ""natural_disaster"": 0.005313, ""port_operational_disruption"": 0.957882, ""port_closure"": 0.330644, ""labor_strike_disruption"": 0.035624, ""maritime_security_navigation_disruption"": 0.063644}"
1998,"[""maritime_security_navigation_disruption""]","{""weather_disruption"": 0.027922, ""natural_disaster"": 0.033519, ""port_operational_disruption"": 0.435014, ""port_closure"": 0.013154, ""labor_strike_disruption"": 0.034722, ""maritime_security_navigation_disruption"": 0.962463}"
1469,"[""port_operational_disruption"", ""labor_strike_disruption""]","{""weather_disruption"": 0.021824, ""natural_disaster"": 0.002643, ""port_operational_disruption"": 0.558418, ""port_closure"": 0.018982, ""labor_strike_disruption"": 0.954374, ""maritime_security_navigation_disruption"": 0.314216}"
447,"[""labor_strike_disruption""]","{""weather_disruption"": 0.015365, ""natural_disaster"": 0.087214, ""port_operational_disruption"": 0.028999, ""port_closure"": 0.036111, ""labor_strike_disruption"": 0.983994, ""maritime_security_navigation_disruption"": 0.054887}"
801,"[""weather_disruption""]","{""weather_disruption"": 0.996701, ""natural_disaster"": 0.171818, ""port_operational_disruption"": 0.231006, ""port_closure"": 0.054097, ""labor_strike_disruption"": 0.002999, ""maritime_security_navigation_disruption"": 0.037564}"
2430,"[""port_operational_disruption""]","{""weather_disruption"": 0.131252, ""natural_disaster"": 0.11279, ""port_operational_disruption"": 0.800895, ""port_closure"": 0.065028, ""labor_strike_disruption"": 0.313312, ""maritime_security_navigation_disruption"": 0.163976}"
2464,"[""weather_disruption""]","{""weather_disruption"": 0.950433, ""natural_disaster"": 0.026343, ""port_operational_disruption"": 0.044805, ""port_closure"": 0.330935, ""labor_strike_disruption"": 0.039493, ""maritime_security_navigation_disruption"": 0.230568}"
3588,"[""maritime_security_navigation_disruption""]","{""weather_disruption"": 0.097492, ""natural_disaster"": 0.010001, ""port_operational_disruption"": 0.222763, ""port_closure"": 0.130278, ""labor_strike_disruption"": 0.029152, ""maritime_security_navigation_disruption"": 0.911354}"
2781,"[""weather_disruption"", ""port_closure""]","{""weather_disruption"": 0.980461, ""natural_disaster"": 0.005001, ""port_operational_disruption"": 0.477827, ""port_closure"": 0.909023, ""labor_strike_disruption"": 0.035472, ""maritime_security_navigation_disruption"": 0.104583}"
1572,"[""labor_strike_disruption""]","{""weather_disruption"": 0.158668, ""natural_disaster"": 0.015494, ""port_operational_disruption"": 0.011106, ""port_closure"": 0.032656, ""labor_strike_disruption"": 0.994982, ""maritime_security_navigation_disruption"": 0.027117}"
2492,"[""labor_strike_disruption""]","{""weather_disruption"": 0.001859, ""natural_disaster"": 0.058057, ""port_operational_disruption"": 0.011677, ""port_closure"": 0.003708, ""labor_strike_disruption"": 0.996173, ""maritime_security_navigation_disruption"": 0.206905}"
2834,"[""weather_disruption"", ""port_operational_disruption""]","{""weather_disruption"": 0.595383, ""natural_disaster"": 0.013939, ""port_operational_disruption"": 0.93179, ""port_closure"": 0.429632, ""labor_strike_disruption"": 0.026651, ""maritime_security_navigation_disruption"": 0.170742}"
1940,"[""weather_disruption"", ""port_operational_disruption""]","{""weather_disruption"": 0.88895, ""natural_disaster"": 0.001806, ""port_operational_disruption"": 0.779311, ""port_closure"": 0.709786, ""labor_strike_disruption"": 0.077706, ""maritime_security_navigation_disruption"": 0.114038}"
4458,"[""port_operational_disruption""]","{""weather_disruption"": 0.08044, ""natural_disaster"": 0.011374, ""port_operational_disruption"": 0.906411, ""port_closure"": 0.221306, ""labor_strike_disruption"": 0.077018, ""maritime_security_navigation_disruption"": 0.428429}"
2891,"[""weather_disruption"", ""port_closure""]","{""weather_disruption"": 0.821985, ""natural_disaster"": 0.021308, ""port_operational_disruption"": 0.311444, ""port_closure"": 0.975436, ""labor_strike_disruption"": 0.05532, ""maritime_security_navigation_disruption"": 0.148651}"
4753,"[""labor_strike_disruption""]","{""weather_disruption"": 0.064204, ""natural_disaster"": 0.013119, ""port_operational_disruption"": 0.365567, ""port_closure"": 0.2858, ""labor_strike_disruption"": 0.640127, ""maritime_security_navigation_disruption"": 0.41465}"
826,"[""weather_disruption"", ""port_operational_disruption""]","{""weather_disruption"": 0.61211, ""natural_disaster"": 0.015328, ""port_operational_disruption"": 0.886695, ""port_closure"": 0.637019, ""labor_strike_disruption"": 0.010068, ""maritime_security_navigation_disruption"": 0.111693}"
3528,"[""weather_disruption""]","{""weather_disruption"": 0.983165, ""natural_disaster"": 0.273223, ""port_operational_disruption"": 0.008784, ""port_closure"": 0.491911, ""labor_strike_disruption"": 0.062883, ""maritime_security_navigation_disruption"": 0.354182}"
5034,"[""labor_strike_disruption""]","{""weather_disruption"": 0.02672, ""natural_disaster"": 0.025794, ""port_operational_disruption"": 0.032065, ""port_closure"": 0.013777, ""labor_strike_disruption"": 0.991088, ""maritime_security_navigation_disruption"": 0.0451}"
4974,"[""labor_strike_disruption""]","{""weather_disruption"": 0.006406, ""natural_disaster"": 0.079702, ""port_operational_disruption"": 0.011208, ""port_closure"": 0.012743, ""labor_strike_disruption"": 0.971137, ""maritime_security_navigation_disruption"": 0.195913}"
2856,"[""port_operational_disruption"", ""labor_strike_disruption""]","{""weather_disruption"": 0.194498, ""natural_disaster"": 0.007022, ""port_operational_disruption"": 0.762264, ""port_closure"": 0.182307, ""labor_strike_disruption"": 0.744952, ""maritime_security_navigation_disruption"": 0.056897}"
2793,"[""port_operational_disruption""]","{""weather_disruption"": 0.470867, ""natural_disaster"": 0.011461, ""port_operational_disruption"": 0.957628, ""port_closure"": 0.142916, ""labor_strike_disruption"": 0.012155, ""maritime_security_navigation_disruption"": 0.052976}"
5216,"[""labor_strike_disruption""]","{""weather_disruption"": 0.005219, ""natural_disaster"": 0.018517, ""port_operational_disruption"": 0.028659, ""port_closure"": 0.018174, ""labor_strike_disruption"": 0.926997, ""maritime_security_navigation_disruption"": 0.424626}"
5653,"[""port_operational_disruption""]","{""weather_disruption"": 0.166982, ""natural_disaster"": 0.008972, ""port_operational_disruption"": 0.951968, ""port_closure"": 0.068271, ""labor_strike_disruption"": 0.051541, ""maritime_security_navigation_disruption"": 0.05338}"
2122,"[""port_operational_disruption"", ""labor_strike_disruption""]","{""weather_disruption"": 0.191775, ""natural_disaster"": 0.043589, ""port_operational_disruption"": 0.558061, ""port_closure"": 0.522709, ""labor_strike_disruption"": 0.558253, ""maritime_security_navigation_disruption"": 0.068542}"
454,"[""weather_disruption"", ""port_operational_disruption""]","{""weather_disruption"": 0.919237, ""natural_disaster"": 0.00492, ""port_operational_disruption"": 0.676494, ""port_closure"": 0.593915, ""labor_strike_disruption"": 0.16037, ""maritime_security_navigation_disruption"": 0.102882}"
2007,"[""labor_strike_disruption""]","{""weather_disruption"": 0.008822, ""natural_disaster"": 0.006101, ""port_operational_disruption"": 0.173554, ""port_closure"": 0.006114, ""labor_strike_disruption"": 0.933454, ""maritime_security_navigation_disruption"": 0.49169}"
4296,"[""maritime_security_navigation_disruption""]","{""weather_disruption"": 0.098542, ""natural_disaster"": 0.105859, ""port_operational_disruption"": 0.126859, ""port_closure"": 0.027265, ""labor_strike_disruption"": 0.257607, ""maritime_security_navigation_disruption"": 0.775376}"
4507,"[""weather_disruption"", ""port_closure"", ""maritime_security_navigation_disruption""]","{""weather_disruption"": 0.977917, ""natural_disaster"": 0.012414, ""port_operational_disruption"": 0.173365, ""port_closure"": 0.945234, ""labor_strike_disruption"": 0.013997, ""maritime_security_navigation_disruption"": 0.686537}"
4797,"[""port_operational_disruption""]","{""weather_disruption"": 0.11719, ""natural_disaster"": 0.022106, ""port_operational_disruption"": 0.9468, ""port_closure"": 0.059165, ""labor_strike_disruption"": 0.036835, ""maritime_security_navigation_disruption"": 0.044251}"
818,"[""port_operational_disruption""]","{""weather_disruption"": 0.089989, ""natural_disaster"": 0.007528, ""port_operational_disruption"": 0.984027, ""port_closure"": 0.053113, ""labor_strike_disruption"": 0.018241, ""maritime_security_navigation_disruption"": 0.019429}"
4926,"[""labor_strike_disruption""]","{""weather_disruption"": 0.002276, ""natural_disaster"": 0.005323, ""port_operational_disruption"": 0.103364, ""port_closure"": 0.021622, ""labor_strike_disruption"": 0.991188, ""maritime_security_navigation_disruption"": 0.28056}"
4892,"[""port_operational_disruption""]","{""weather_disruption"": 0.057629, ""natural_disaster"": 0.004236, ""port_operational_disruption"": 0.963996, ""port_closure"": 0.111588, ""labor_strike_disruption"": 0.043401, ""maritime_security_navigation_disruption"": 0.043799}"
2347,"[""weather_disruption"", ""port_operational_disruption""]","{""weather_disruption"": 0.989651, ""natural_disaster"": 0.023487, ""port_operational_disruption"": 0.809043, ""port_closure"": 0.521535, ""labor_strike_disruption"": 0.008478, ""maritime_security_navigation_disruption"": 0.077381}"
3243,"[""port_operational_disruption""]","{""weather_disruption"": 0.08746, ""natural_disaster"": 0.028119, ""port_operational_disruption"": 0.956449, ""port_closure"": 0.059192, ""labor_strike_disruption"": 0.023642, ""maritime_security_navigation_disruption"": 0.021872}"
1964,"[""labor_strike_disruption""]","{""weather_disruption"": 0.017393, ""natural_disaster"": 0.025044, ""port_operational_disruption"": 0.055834, ""port_closure"": 0.002709, ""labor_strike_disruption"": 0.990918, ""maritime_security_navigation_disruption"": 0.090274}"
2909,"[""weather_disruption"", ""port_closure""]","{""weather_disruption"": 0.943064, ""natural_disaster"": 0.018821, ""port_operational_disruption"": 0.43606, ""port_closure"": 0.963333, ""labor_strike_disruption"": 0.028645, ""maritime_security_navigation_disruption"": 0.148921}"
1862,"[""labor_strike_disruption""]","{""weather_disruption"": 0.018468, ""natural_disaster"": 0.03223, ""port_operational_disruption"": 0.015258, ""port_closure"": 0.001905, ""labor_strike_disruption"": 0.996039, ""maritime_security_navigation_disruption"": 0.022677}"
5196,"[""labor_strike_disruption""]","{""weather_disruption"": 0.163439, ""natural_disaster"": 0.043389, ""port_operational_disruption"": 0.052691, ""port_closure"": 0.045727, ""labor_strike_disruption"": 0.855885, ""maritime_security_navigation_disruption"": 0.396581}"
4552,"[""weather_disruption""]","{""weather_disruption"": 0.930438, ""natural_disaster"": 0.078629, ""port_operational_disruption"": 0.036103, ""port_closure"": 0.296762, ""labor_strike_disruption"": 0.014629, ""maritime_security_navigation_disruption"": 0.094552}"
2261,"[""labor_strike_disruption""]","{""weather_disruption"": 0.00718, ""natural_disaster"": 0.072032, ""port_operational_disruption"": 0.019214, ""port_closure"": 0.017006, ""labor_strike_disruption"": 0.996625, ""maritime_security_navigation_disruption"": 0.132697}"
2868,"[""weather_disruption"", ""port_closure""]","{""weather_disruption"": 0.973255, ""natural_disaster"": 0.011947, ""port_operational_disruption"": 0.208571, ""port_closure"": 0.923471, ""labor_strike_disruption"": 0.012514, ""maritime_security_navigation_disruption"": 0.54876}"
2809,"[""labor_strike_disruption""]","{""weather_disruption"": 0.006291, ""natural_disaster"": 0.005446, ""port_operational_disruption"": 0.207607, ""port_closure"": 0.01229, ""labor_strike_disruption"": 0.991433, ""maritime_security_navigation_disruption"": 0.48316}"
1980,"[""weather_disruption""]","{""weather_disruption"": 0.969678, ""natural_disaster"": 0.250549, ""port_operational_disruption"": 0.085304, ""port_closure"": 0.072977, ""labor_strike_disruption"": 0.011878, ""maritime_security_navigation_disruption"": 0.057801}"
301,"[""labor_strike_disruption""]","{""weather_disruption"": 0.472112, ""natural_disaster"": 0.01554, ""port_operational_disruption"": 0.072389, ""port_closure"": 0.054456, ""labor_strike_disruption"": 0.936288, ""maritime_security_navigation_disruption"": 0.125365}"
2170,"[""port_operational_disruption"", ""maritime_security_navigation_disruption""]","{""weather_disruption"": 0.47316, ""natural_disaster"": 0.011414, ""port_operational_disruption"": 0.595916, ""port_closure"": 0.355172, ""labor_strike_disruption"": 0.018373, ""maritime_security_navigation_disruption"": 0.745421}"
2292,"[""weather_disruption""]","{""weather_disruption"": 0.968058, ""natural_disaster"": 0.076076, ""port_operational_disruption"": 0.03693, ""port_closure"": 0.050376, ""labor_strike_disruption"": 0.059231, ""maritime_security_navigation_disruption"": 0.190496}"
2846,"[""weather_disruption"", ""port_operational_disruption""]","{""weather_disruption"": 0.719, ""natural_disaster"": 0.005424, ""port_operational_disruption"": 0.945636, ""port_closure"": 0.489998, ""labor_strike_disruption"": 0.054212, ""maritime_security_navigation_disruption"": 0.076802}"
3855,"[""maritime_security_navigation_disruption""]","{""weather_disruption"": 0.156895, ""natural_disaster"": 0.024381, ""port_operational_disruption"": 0.118795, ""port_closure"": 0.149271, ""labor_strike_disruption"": 0.03824, ""maritime_security_navigation_disruption"": 0.920198}"
2625,"[""labor_strike_disruption""]","{""weather_disruption"": 0.055949, ""natural_disaster"": 0.027814, ""port_operational_disruption"": 0.045191, ""port_closure"": 0.012145, ""labor_strike_disruption"": 0.990172, ""maritime_security_navigation_disruption"": 0.018754}"
4479,"[""labor_strike_disruption""]","{""weather_disruption"": 0.110503, ""natural_disaster"": 0.006764, ""port_operational_disruption"": 0.133714, ""port_closure"": 0.127143, ""labor_strike_disruption"": 0.936873, ""maritime_security_navigation_disruption"": 0.379585}"
1170,"[""port_operational_disruption""]","{""weather_disruption"": 0.122759, ""natural_disaster"": 0.010841, ""port_operational_disruption"": 0.964896, ""port_closure"": 0.10492, ""labor_strike_disruption"": 0.015011, ""maritime_security_navigation_disruption"": 0.033485}"
4103,"[""port_operational_disruption""]","{""weather_disruption"": 0.263056, ""natural_disaster"": 0.008711, ""port_operational_disruption"": 0.96962, ""port_closure"": 0.190199, ""labor_strike_disruption"": 0.020017, ""maritime_security_navigation_disruption"": 0.063738}"
2861,"[""weather_disruption"", ""port_operational_disruption""]","{""weather_disruption"": 0.94016, ""natural_disaster"": 0.010645, ""port_operational_disruption"": 0.941151, ""port_closure"": 0.50965, ""labor_strike_disruption"": 0.022277, ""maritime_security_navigation_disruption"": 0.095383}"
5747,"[""port_operational_disruption""]","{""weather_disruption"": 0.055889, ""natural_disaster"": 0.014455, ""port_operational_disruption"": 0.905633, ""port_closure"": 0.196318, ""labor_strike_disruption"": 0.048949, ""maritime_security_navigation_disruption"": 0.050718}"
428,"[""weather_disruption"", ""port_operational_disruption""]","{""weather_disruption"": 0.963421, ""natural_disaster"": 0.009815, ""port_operational_disruption"": 0.786086, ""port_closure"": 0.368329, ""labor_strike_disruption"": 0.044476, ""maritime_security_navigation_disruption"": 0.147337}"
5345,"[""port_operational_disruption""]","{""weather_disruption"": 0.157266, ""natural_disaster"": 0.017501, ""port_operational_disruption"": 0.726738, ""port_closure"": 0.214326, ""labor_strike_disruption"": 0.191833, ""maritime_security_navigation_disruption"": 0.327537}"
5547,"[""labor_strike_disruption""]","{""weather_disruption"": 0.015132, ""natural_disaster"": 0.018201, ""port_operational_disruption"": 0.274965, ""port_closure"": 0.020605, ""labor_strike_disruption"": 0.970179, ""maritime_security_navigation_disruption"": 0.331127}"
2902,"[""labor_strike_disruption""]","{""weather_disruption"": 0.017512, ""natural_disaster"": 0.012089, ""port_operational_disruption"": 0.098797, ""port_closure"": 0.115366, ""labor_strike_disruption"": 0.981892, ""maritime_security_navigation_disruption"": 0.152391}"
889,"[""maritime_security_navigation_disruption""]","{""weather_disruption"": 0.192589, ""natural_disaster"": 0.025871, ""port_operational_disruption"": 0.251109, ""port_closure"": 0.642004, ""labor_strike_disruption"": 0.099599, ""maritime_security_navigation_disruption"": 0.811448}"
874,"[""weather_disruption"", ""port_operational_disruption""]","{""weather_disruption"": 0.642785, ""natural_disaster"": 0.011143, ""port_operational_disruption"": 0.913983, ""port_closure"": 0.54928, ""labor_strike_disruption"": 0.056208, ""maritime_security_navigation_disruption"": 0.163253}"
1402,"[""port_operational_disruption"", ""labor_strike_disruption""]","{""weather_disruption"": 0.030456, ""natural_disaster"": 0.010399, ""port_operational_disruption"": 0.659297, ""port_closure"": 0.028366, ""labor_strike_disruption"": 0.942291, ""maritime_security_navigation_disruption"": 0.024243}"
4628,"[""weather_disruption""]","{""weather_disruption"": 0.964908, ""natural_disaster"": 0.170267, ""port_operational_disruption"": 0.039611, ""port_closure"": 0.123357, ""labor_strike_disruption"": 0.004952, ""maritime_security_navigation_disruption"": 0.059813}"
984,"[""weather_disruption""]","{""weather_disruption"": 0.92664, ""natural_disaster"": 0.039125, ""port_operational_disruption"": 0.048766, ""port_closure"": 0.059571, ""labor_strike_disruption"": 0.067248, ""maritime_security_navigation_disruption"": 0.221782}"
4817,"[""port_operational_disruption""]","{""weather_disruption"": 0.08059, ""natural_disaster"": 0.007617, ""port_operational_disruption"": 0.934181, ""port_closure"": 0.05662, ""labor_strike_disruption"": 0.058379, ""maritime_security_navigation_disruption"": 0.212682}"
5200,"[""port_operational_disruption"", ""maritime_security_navigation_disruption""]","{""weather_disruption"": 0.008865, ""natural_disaster"": 0.053344, ""port_operational_disruption"": 0.55988, ""port_closure"": 0.015554, ""labor_strike_disruption"": 0.095076, ""maritime_security_navigation_disruption"": 0.914688}"
5689,"[""labor_strike_disruption""]","{""weather_disruption"": 0.020127, ""natural_disaster"": 0.029822, ""port_operational_disruption"": 0.062024, ""port_closure"": 0.044793, ""labor_strike_disruption"": 0.920466, ""maritime_security_navigation_disruption"": 0.07383}"
1799,"[""labor_strike_disruption""]","{""weather_disruption"": 0.007172, ""natural_disaster"": 0.008127, ""port_operational_disruption"": 0.088432, ""port_closure"": 0.002855, ""labor_strike_disruption"": 0.994334, ""maritime_security_navigation_disruption"": 0.079758}"
5008,"[""maritime_security_navigation_disruption""]","{""weather_disruption"": 0.198631, ""natural_disaster"": 0.012304, ""port_operational_disruption"": 0.048793, ""port_closure"": 0.027149, ""labor_strike_disruption"": 0.406242, ""maritime_security_navigation_disruption"": 0.763876}"
3831,"[""port_operational_disruption""]","{""weather_disruption"": 0.057945, ""natural_disaster"": 0.02135, ""port_operational_disruption"": 0.893903, ""port_closure"": 0.024849, ""labor_strike_disruption"": 0.059368, ""maritime_security_navigation_disruption"": 0.198358}"
882,"[""labor_strike_disruption""]","{""weather_disruption"": 0.024679, ""natural_disaster"": 0.003586, ""port_operational_disruption"": 0.13238, ""port_closure"": 0.093017, ""labor_strike_disruption"": 0.993104, ""maritime_security_navigation_disruption"": 0.173787}"
3091,"[""labor_strike_disruption""]","{""weather_disruption"": 0.010203, ""natural_disaster"": 0.06527, ""port_operational_disruption"": 0.193612, ""port_closure"": 0.016071, ""labor_strike_disruption"": 0.983472, ""maritime_security_navigation_disruption"": 0.10476}"
5336,"[""port_operational_disruption""]","{""weather_disruption"": 0.132764, ""natural_disaster"": 0.006527, ""port_operational_disruption"": 0.961376, ""port_closure"": 0.169277, ""labor_strike_disruption"": 0.021365, ""maritime_security_navigation_disruption"": 0.108015}"
2044,"[""weather_disruption"", ""port_closure""]","{""weather_disruption"": 0.557558, ""natural_disaster"": 0.004242, ""port_operational_disruption"": 0.450345, ""port_closure"": 0.948431, ""labor_strike_disruption"": 0.08313, ""maritime_security_navigation_disruption"": 0.236502}"
2497,"[""labor_strike_disruption""]","{""weather_disruption"": 0.007271, ""natural_disaster"": 0.077815, ""port_operational_disruption"": 0.067278, ""port_closure"": 0.005468, ""labor_strike_disruption"": 0.997078, ""maritime_security_navigation_disruption"": 0.041342}"
453,"[""weather_disruption"", ""port_closure""]","{""weather_disruption"": 0.878734, ""natural_disaster"": 0.02143, ""port_operational_disruption"": 0.428352, ""port_closure"": 0.763674, ""labor_strike_disruption"": 0.026286, ""maritime_security_navigation_disruption"": 0.21242}"
3219,"[""port_operational_disruption""]","{""weather_disruption"": 0.064254, ""natural_disaster"": 0.001634, ""port_operational_disruption"": 0.984882, ""port_closure"": 0.111781, ""labor_strike_disruption"": 0.051179, ""maritime_security_navigation_disruption"": 0.052283}"
5404,"[""port_operational_disruption""]","{""weather_disruption"": 0.189349, ""natural_disaster"": 0.006609, ""port_operational_disruption"": 0.74536, ""port_closure"": 0.05033, ""labor_strike_disruption"": 0.087316, ""maritime_security_navigation_disruption"": 0.615899}"
5087,"[""weather_disruption""]","{""weather_disruption"": 0.996253, ""natural_disaster"": 0.255493, ""port_operational_disruption"": 0.11084, ""port_closure"": 0.097076, ""labor_strike_disruption"": 0.021672, ""maritime_security_navigation_disruption"": 0.03993}"
1549,"[""weather_disruption"", ""port_closure""]","{""weather_disruption"": 0.948468, ""natural_disaster"": 0.006462, ""port_operational_disruption"": 0.504613, ""port_closure"": 0.973605, ""labor_strike_disruption"": 0.037466, ""maritime_security_navigation_disruption"": 0.141665}"
808,"[""weather_disruption""]","{""weather_disruption"": 0.970373, ""natural_disaster"": 0.089636, ""port_operational_disruption"": 0.069097, ""port_closure"": 0.081096, ""labor_strike_disruption"": 0.040661, ""maritime_security_navigation_disruption"": 0.077416}"
3222,"[""port_operational_disruption""]","{""weather_disruption"": 0.201933, ""natural_disaster"": 0.00514, ""port_operational_disruption"": 0.960492, ""port_closure"": 0.193517, ""labor_strike_disruption"": 0.024818, ""maritime_security_navigation_disruption"": 0.020042}"
953,"[""weather_disruption"", ""labor_strike_disruption""]","{""weather_disruption"": 0.592374, ""natural_disaster"": 0.045697, ""port_operational_disruption"": 0.079839, ""port_closure"": 0.034589, ""labor_strike_disruption"": 0.696104, ""maritime_security_navigation_disruption"": 0.017917}"
5462,"[""weather_disruption"", ""port_operational_disruption""]","{""weather_disruption"": 0.95528, ""natural_disaster"": 0.015384, ""port_operational_disruption"": 0.869762, ""port_closure"": 0.228381, ""labor_strike_disruption"": 0.039782, ""maritime_security_navigation_disruption"": 0.053566}"
470,"[""port_operational_disruption""]","{""weather_disruption"": 0.042873, ""natural_disaster"": 0.040094, ""port_operational_disruption"": 0.912432, ""port_closure"": 0.069742, ""labor_strike_disruption"": 0.069957, ""maritime_security_navigation_disruption"": 0.588583}"
2010,"[""weather_disruption""]","{""weather_disruption"": 0.989635, ""natural_disaster"": 0.034912, ""port_operational_disruption"": 0.087619, ""port_closure"": 0.208905, ""labor_strike_disruption"": 0.012822, ""maritime_security_navigation_disruption"": 0.068618}"
1190,"[""port_operational_disruption""]","{""weather_disruption"": 0.093844, ""natural_disaster"": 0.003807, ""port_operational_disruption"": 0.979131, ""port_closure"": 0.148175, ""labor_strike_disruption"": 0.036645, ""maritime_security_navigation_disruption"": 0.029754}"
5680,"[""weather_disruption""]","{""weather_disruption"": 0.981036, ""natural_disaster"": 0.129984, ""port_operational_disruption"": 0.120645, ""port_closure"": 0.025641, ""labor_strike_disruption"": 0.006443, ""maritime_security_navigation_disruption"": 0.231939}"
4131,"[""maritime_security_navigation_disruption""]","{""weather_disruption"": 0.029664, ""natural_disaster"": 0.028482, ""port_operational_disruption"": 0.267316, ""port_closure"": 0.036281, ""labor_strike_disruption"": 0.163273, ""maritime_security_navigation_disruption"": 0.905604}"
4878,"[""port_operational_disruption""]","{""weather_disruption"": 0.055623, ""natural_disaster"": 0.00384, ""port_operational_disruption"": 0.954345, ""port_closure"": 0.159609, ""labor_strike_disruption"": 0.027176, ""maritime_security_navigation_disruption"": 0.170487}"
5159,"[""labor_strike_disruption""]","{""weather_disruption"": 0.025904, ""natural_disaster"": 0.044093, ""port_operational_disruption"": 0.036245, ""port_closure"": 0.060787, ""labor_strike_disruption"": 0.983992, ""maritime_security_navigation_disruption"": 0.046824}"
2759,"[""port_operational_disruption""]","{""weather_disruption"": 0.06211, ""natural_disaster"": 0.011726, ""port_operational_disruption"": 0.984526, ""port_closure"": 0.074654, ""labor_strike_disruption"": 0.015074, ""maritime_security_navigation_disruption"": 0.062179}"
3894,"[""maritime_security_navigation_disruption""]","{""weather_disruption"": 0.029574, ""natural_disaster"": 0.03633, ""port_operational_disruption"": 0.162711, ""port_closure"": 0.015148, ""labor_strike_disruption"": 0.098994, ""maritime_security_navigation_disruption"": 0.94599}"
4543,"[""labor_strike_disruption""]","{""weather_disruption"": 0.071395, ""natural_disaster"": 0.011447, ""port_operational_disruption"": 0.191544, ""port_closure"": 0.093901, ""labor_strike_disruption"": 0.983164, ""maritime_security_navigation_disruption"": 0.030926}"
191,"[""labor_strike_disruption""]","{""weather_disruption"": 0.111434, ""natural_disaster"": 0.005583, ""port_operational_disruption"": 0.338481, ""port_closure"": 0.506411, ""labor_strike_disruption"": 0.722591, ""maritime_security_navigation_disruption"": 0.4202}"
1628,"[""weather_disruption"", ""port_operational_disruption"", ""port_closure""]","{""weather_disruption"": 0.979889, ""natural_disaster"": 0.003591, ""port_operational_disruption"": 0.724643, ""port_closure"": 0.868361, ""labor_strike_disruption"": 0.055518, ""maritime_security_navigation_disruption"": 0.068109}"
2619,"[""natural_disaster""]","{""weather_disruption"": 0.230112, ""natural_disaster"": 0.93948, ""port_operational_disruption"": 0.046145, ""port_closure"": 0.00984, ""labor_strike_disruption"": 0.097713, ""maritime_security_navigation_disruption"": 0.027713}"
1850,"[""weather_disruption""]","{""weather_disruption"": 0.743823, ""natural_disaster"": 0.00861, ""port_operational_disruption"": 0.235047, ""port_closure"": 0.621073, ""labor_strike_disruption"": 0.133491, ""maritime_security_navigation_disruption"": 0.623624}"
1043,"[""natural_disaster""]","{""weather_disruption"": 0.496286, ""natural_disaster"": 0.948537, ""port_operational_disruption"": 0.024994, ""port_closure"": 0.010361, ""labor_strike_disruption"": 0.047967, ""maritime_security_navigation_disruption"": 0.133857}"
1140,[],"{""weather_disruption"": 0.456244, ""natural_disaster"": 0.044968, ""port_operational_disruption"": 0.052197, ""port_closure"": 0.277515, ""labor_strike_disruption"": 0.205727, ""maritime_security_navigation_disruption"": 0.430388}"
3178,"[""maritime_security_navigation_disruption""]","{""weather_disruption"": 0.007529, ""natural_disaster"": 0.013716, ""port_operational_disruption"": 0.098473, ""port_closure"": 0.004151, ""labor_strike_disruption"": 0.180915, ""maritime_security_navigation_disruption"": 0.95899}"
5616,"[""labor_strike_disruption""]","{""weather_disruption"": 0.021378, ""natural_disaster"": 0.011286, ""port_operational_disruption"": 0.0201, ""port_closure"": 0.013375, ""labor_strike_disruption"": 0.986835, ""maritime_security_navigation_disruption"": 0.089476}"
1556,"[""weather_disruption"", ""port_closure"", ""maritime_security_navigation_disruption""]","{""weather_disruption"": 0.823426, ""natural_disaster"": 0.0082, ""port_operational_disruption"": 0.294045, ""port_closure"": 0.877381, ""labor_strike_disruption"": 0.052622, ""maritime_security_navigation_disruption"": 0.814112}"
4002,"[""weather_disruption"", ""port_closure""]","{""weather_disruption"": 0.938267, ""natural_disaster"": 0.013084, ""port_operational_disruption"": 0.335357, ""port_closure"": 0.964597, ""labor_strike_disruption"": 0.017894, ""maritime_security_navigation_disruption"": 0.241374}"
1915,"[""labor_strike_disruption""]","{""weather_disruption"": 0.005987, ""natural_disaster"": 0.129773, ""port_operational_disruption"": 0.042445, ""port_closure"": 0.001174, ""labor_strike_disruption"": 0.989501, ""maritime_security_navigation_disruption"": 0.03935}"
5637,"[""weather_disruption""]","{""weather_disruption"": 0.856046, ""natural_disaster"": 0.337724, ""port_operational_disruption"": 0.058508, ""port_closure"": 0.068706, ""labor_strike_disruption"": 0.124429, ""maritime_security_navigation_disruption"": 0.245896}"
2942,"[""port_operational_disruption""]","{""weather_disruption"": 0.088726, ""natural_disaster"": 0.010792, ""port_operational_disruption"": 0.94629, ""port_closure"": 0.217028, ""labor_strike_disruption"": 0.025022, ""maritime_security_navigation_disruption"": 0.301014}"
700,"[""labor_strike_disruption""]","{""weather_disruption"": 0.063482, ""natural_disaster"": 0.054351, ""port_operational_disruption"": 0.057678, ""port_closure"": 0.006934, ""labor_strike_disruption"": 0.973493, ""maritime_security_navigation_disruption"": 0.07471}"
707,"[""labor_strike_disruption""]","{""weather_disruption"": 0.004431, ""natural_disaster"": 0.030085, ""port_operational_disruption"": 0.091129, ""port_closure"": 0.004445, ""labor_strike_disruption"": 0.998487, ""maritime_security_navigation_disruption"": 0.032779}"
637,"[""natural_disaster""]","{""weather_disruption"": 0.283143, ""natural_disaster"": 0.984487, ""port_operational_disruption"": 0.013603, ""port_closure"": 0.008584, ""labor_strike_disruption"": 0.025853, ""maritime_security_navigation_disruption"": 0.042613}"
2866,"[""labor_strike_disruption""]","{""weather_disruption"": 0.008326, ""natural_disaster"": 0.007678, ""port_operational_disruption"": 0.072132, ""port_closure"": 0.055022, ""labor_strike_disruption"": 0.996181, ""maritime_security_navigation_disruption"": 0.121933}"
973,"[""labor_strike_disruption""]","{""weather_disruption"": 0.071212, ""natural_disaster"": 0.061317, ""port_operational_disruption"": 0.01086, ""port_closure"": 0.087453, ""labor_strike_disruption"": 0.987117, ""maritime_security_navigation_disruption"": 0.091282}"
4362,"[""natural_disaster""]","{""weather_disruption"": 0.105242, ""natural_disaster"": 0.985726, ""port_operational_disruption"": 0.013074, ""port_closure"": 0.00815, ""labor_strike_disruption"": 0.032861, ""maritime_security_navigation_disruption"": 0.242681}"
568,"[""weather_disruption"", ""port_closure"", ""maritime_security_navigation_disruption""]","{""weather_disruption"": 0.941564, ""natural_disaster"": 0.00721, ""port_operational_disruption"": 0.445248, ""port_closure"": 0.895895, ""labor_strike_disruption"": 0.029184, ""maritime_security_navigation_disruption"": 0.694223}"
4430,"[""weather_disruption"", ""port_closure""]","{""weather_disruption"": 0.830178, ""natural_disaster"": 0.006024, ""port_operational_disruption"": 0.475348, ""port_closure"": 0.795872, ""labor_strike_disruption"": 0.097448, ""maritime_security_navigation_disruption"": 0.221939}"
1414,"[""port_operational_disruption"", ""maritime_security_navigation_disruption""]","{""weather_disruption"": 0.050535, ""natural_disaster"": 0.013678, ""port_operational_disruption"": 0.592766, ""port_closure"": 0.06314, ""labor_strike_disruption"": 0.034467, ""maritime_security_navigation_disruption"": 0.848375}"
5431,"[""labor_strike_disruption""]","{""weather_disruption"": 0.037821, ""natural_disaster"": 0.026639, ""port_operational_disruption"": 0.016949, ""port_closure"": 0.015158, ""labor_strike_disruption"": 0.969172, ""maritime_security_navigation_disruption"": 0.245845}"
4246,"[""labor_strike_disruption""]","{""weather_disruption"": 0.027467, ""natural_disaster"": 0.081595, ""port_operational_disruption"": 0.015896, ""port_closure"": 0.007976, ""labor_strike_disruption"": 0.985874, ""maritime_security_navigation_disruption"": 0.119111}"
5542,"[""weather_disruption""]","{""weather_disruption"": 0.91402, ""natural_disaster"": 0.020208, ""port_operational_disruption"": 0.130419, ""port_closure"": 0.163625, ""labor_strike_disruption"": 0.013135, ""maritime_security_navigation_disruption"": 0.166261}"
4288,"[""maritime_security_navigation_disruption""]","{""weather_disruption"": 0.040645, ""natural_disaster"": 0.024873, ""port_operational_disruption"": 0.396539, ""port_closure"": 0.05679, ""labor_strike_disruption"": 0.19301, ""maritime_security_navigation_disruption"": 0.861305}"
5778,"[""labor_strike_disruption""]","{""weather_disruption"": 0.015942, ""natural_disaster"": 0.01688, ""port_operational_disruption"": 0.136508, ""port_closure"": 0.028847, ""labor_strike_disruption"": 0.980934, ""maritime_security_navigation_disruption"": 0.241492}"
2001,"[""maritime_security_navigation_disruption""]","{""weather_disruption"": 0.032788, ""natural_disaster"": 0.01701, ""port_operational_disruption"": 0.50108, ""port_closure"": 0.02803, ""labor_strike_disruption"": 0.021092, ""maritime_security_navigation_disruption"": 0.965557}"
2768,"[""port_operational_disruption""]","{""weather_disruption"": 0.159494, ""natural_disaster"": 0.006291, ""port_operational_disruption"": 0.950033, ""port_closure"": 0.216713, ""labor_strike_disruption"": 0.037502, ""maritime_security_navigation_disruption"": 0.06724}"
49,"[""maritime_security_navigation_disruption""]","{""weather_disruption"": 0.037785, ""natural_disaster"": 0.006726, ""port_operational_disruption"": 0.336738, ""port_closure"": 0.020096, ""labor_strike_disruption"": 0.092722, ""maritime_security_navigation_disruption"": 0.951256}"
5459,"[""weather_disruption"", ""port_operational_disruption"", ""port_closure""]","{""weather_disruption"": 0.938103, ""natural_disaster"": 0.045239, ""port_operational_disruption"": 0.77891, ""port_closure"": 0.825061, ""labor_strike_disruption"": 0.006515, ""maritime_security_navigation_disruption"": 0.138822}"
376,"[""weather_disruption""]","{""weather_disruption"": 0.985423, ""natural_disaster"": 0.103576, ""port_operational_disruption"": 0.061629, ""port_closure"": 0.192035, ""labor_strike_disruption"": 0.011186, ""maritime_security_navigation_disruption"": 0.361174}"
162,"[""maritime_security_navigation_disruption""]","{""weather_disruption"": 0.40542, ""natural_disaster"": 0.095912, ""port_operational_disruption"": 0.322894, ""port_closure"": 0.070031, ""labor_strike_disruption"": 0.024551, ""maritime_security_navigation_disruption"": 0.659236}"
1593,"[""weather_disruption"", ""port_operational_disruption""]","{""weather_disruption"": 0.963081, ""natural_disaster"": 0.004508, ""port_operational_disruption"": 0.810879, ""port_closure"": 0.352733, ""labor_strike_disruption"": 0.035183, ""maritime_security_navigation_disruption"": 0.245333}"
1492,"[""natural_disaster""]","{""weather_disruption"": 0.109855, ""natural_disaster"": 0.982527, ""port_operational_disruption"": 0.059747, ""port_closure"": 0.00626, ""labor_strike_disruption"": 0.158892, ""maritime_security_navigation_disruption"": 0.031426}"
3152,"[""port_operational_disruption"", ""maritime_security_navigation_disruption""]","{""weather_disruption"": 0.03521, ""natural_disaster"": 0.011553, ""port_operational_disruption"": 0.600113, ""port_closure"": 0.151742, ""labor_strike_disruption"": 0.107355, ""maritime_security_navigation_disruption"": 0.930257}"
4179,"[""weather_disruption"", ""port_operational_disruption"", ""port_closure""]","{""weather_disruption"": 0.990532, ""natural_disaster"": 0.017309, ""port_operational_disruption"": 0.698933, ""port_closure"": 0.757208, ""labor_strike_disruption"": 0.028064, ""maritime_security_navigation_disruption"": 0.051835}"
1999,"[""weather_disruption""]","{""weather_disruption"": 0.871014, ""natural_disaster"": 0.080708, ""port_operational_disruption"": 0.125398, ""port_closure"": 0.469562, ""labor_strike_disruption"": 0.09477, ""maritime_security_navigation_disruption"": 0.31135}"
1898,"[""labor_strike_disruption""]","{""weather_disruption"": 0.0226, ""natural_disaster"": 0.065442, ""port_operational_disruption"": 0.020453, ""port_closure"": 0.02477, ""labor_strike_disruption"": 0.997436, ""maritime_security_navigation_disruption"": 0.027003}"
4987,"[""port_operational_disruption""]","{""weather_disruption"": 0.162402, ""natural_disaster"": 0.010676, ""port_operational_disruption"": 0.967569, ""port_closure"": 0.08575, ""labor_strike_disruption"": 0.020447, ""maritime_security_navigation_disruption"": 0.036325}"
1801,"[""weather_disruption""]","{""weather_disruption"": 0.992112, ""natural_disaster"": 0.022845, ""port_operational_disruption"": 0.075744, ""port_closure"": 0.154563, ""labor_strike_disruption"": 0.01241, ""maritime_security_navigation_disruption"": 0.316478}"
3654,"[""labor_strike_disruption""]","{""weather_disruption"": 0.012677, ""natural_disaster"": 0.065727, ""port_operational_disruption"": 0.019176, ""port_closure"": 0.003879, ""labor_strike_disruption"": 0.909016, ""maritime_security_navigation_disruption"": 0.240416}"
3900,"[""weather_disruption"", ""port_operational_disruption""]","{""weather_disruption"": 0.671187, ""natural_disaster"": 0.011869, ""port_operational_disruption"": 0.966002, ""port_closure"": 0.108333, ""labor_strike_disruption"": 0.025807, ""maritime_security_navigation_disruption"": 0.132213}"
4088,"[""weather_disruption""]","{""weather_disruption"": 0.556608, ""natural_disaster"": 0.08244, ""port_operational_disruption"": 0.276886, ""port_closure"": 0.414619, ""labor_strike_disruption"": 0.109963, ""maritime_security_navigation_disruption"": 0.363379}"
5365,"[""port_operational_disruption""]","{""weather_disruption"": 0.049909, ""natural_disaster"": 0.019304, ""port_operational_disruption"": 0.953401, ""port_closure"": 0.060466, ""labor_strike_disruption"": 0.016116, ""maritime_security_navigation_disruption"": 0.088531}"
1682,"[""labor_strike_disruption""]","{""weather_disruption"": 0.044964, ""natural_disaster"": 0.039699, ""port_operational_disruption"": 0.323899, ""port_closure"": 0.006375, ""labor_strike_disruption"": 0.819355, ""maritime_security_navigation_disruption"": 0.077221}"
5391,"[""labor_strike_disruption""]","{""weather_disruption"": 0.013558, ""natural_disaster"": 0.054599, ""port_operational_disruption"": 0.142387, ""port_closure"": 0.005628, ""labor_strike_disruption"": 0.995882, ""maritime_security_navigation_disruption"": 0.044772}"
3122,"[""port_operational_disruption""]","{""weather_disruption"": 0.14675, ""natural_disaster"": 0.010345, ""port_operational_disruption"": 0.916873, ""port_closure"": 0.12197, ""labor_strike_disruption"": 0.042388, ""maritime_security_navigation_disruption"": 0.055352}"
628,"[""weather_disruption"", ""port_operational_disruption""]","{""weather_disruption"": 0.957172, ""natural_disaster"": 0.00523, ""port_operational_disruption"": 0.934668, ""port_closure"": 0.300217, ""labor_strike_disruption"": 0.02922, ""maritime_security_navigation_disruption"": 0.132516}"
3412,"[""port_operational_disruption"", ""maritime_security_navigation_disruption""]","{""weather_disruption"": 0.004392, ""natural_disaster"": 0.027634, ""port_operational_disruption"": 0.624915, ""port_closure"": 0.014139, ""labor_strike_disruption"": 0.156232, ""maritime_security_navigation_disruption"": 0.86694}"
4095,"[""weather_disruption""]","{""weather_disruption"": 0.924537, ""natural_disaster"": 0.11917, ""port_operational_disruption"": 0.157918, ""port_closure"": 0.062063, ""labor_strike_disruption"": 0.011062, ""maritime_security_navigation_disruption"": 0.355948}"
4513,"[""weather_disruption"", ""port_closure""]","{""weather_disruption"": 0.970009, ""natural_disaster"": 0.065756, ""port_operational_disruption"": 0.397497, ""port_closure"": 0.928811, ""labor_strike_disruption"": 0.002867, ""maritime_security_navigation_disruption"": 0.156318}"
3344,"[""port_operational_disruption""]","{""weather_disruption"": 0.195513, ""natural_disaster"": 0.010485, ""port_operational_disruption"": 0.985885, ""port_closure"": 0.018323, ""labor_strike_disruption"": 0.058764, ""maritime_security_navigation_disruption"": 0.042719}"
3662,"[""port_operational_disruption"", ""maritime_security_navigation_disruption""]","{""weather_disruption"": 0.021249, ""natural_disaster"": 0.010124, ""port_operational_disruption"": 0.649343, ""port_closure"": 0.01782, ""labor_strike_disruption"": 0.208073, ""maritime_security_navigation_disruption"": 0.867539}"
4659,"[""port_operational_disruption"", ""maritime_security_navigation_disruption""]","{""weather_disruption"": 0.102438, ""natural_disaster"": 0.006021, ""port_operational_disruption"": 0.860353, ""port_closure"": 0.271212, ""labor_strike_disruption"": 0.043076, ""maritime_security_navigation_disruption"": 0.819901}"
3631,"[""weather_disruption"", ""port_closure""]","{""weather_disruption"": 0.989149, ""natural_disaster"": 0.006349, ""port_operational_disruption"": 0.444546, ""port_closure"": 0.8004, ""labor_strike_disruption"": 0.095994, ""maritime_security_navigation_disruption"": 0.055066}"
5053,"[""labor_strike_disruption""]","{""weather_disruption"": 0.001961, ""natural_disaster"": 0.001379, ""port_operational_disruption"": 0.370952, ""port_closure"": 0.024215, ""labor_strike_disruption"": 0.996097, ""maritime_security_navigation_disruption"": 0.339821}"
2091,"[""weather_disruption"", ""port_closure"", ""maritime_security_navigation_disruption""]","{""weather_disruption"": 0.924266, ""natural_disaster"": 0.019627, ""port_operational_disruption"": 0.237855, ""port_closure"": 0.908566, ""labor_strike_disruption"": 0.044529, ""maritime_security_navigation_disruption"": 0.80322}"
5363,"[""port_closure""]","{""weather_disruption"": 0.140209, ""natural_disaster"": 0.027419, ""port_operational_disruption"": 0.478932, ""port_closure"": 0.827013, ""labor_strike_disruption"": 0.21992, ""maritime_security_navigation_disruption"": 0.347472}"
4820,"[""port_operational_disruption""]","{""weather_disruption"": 0.140378, ""natural_disaster"": 0.009434, ""port_operational_disruption"": 0.990412, ""port_closure"": 0.021272, ""labor_strike_disruption"": 0.043792, ""maritime_security_navigation_disruption"": 0.024601}"
4435,"[""port_operational_disruption"", ""labor_strike_disruption""]","{""weather_disruption"": 0.066808, ""natural_disaster"": 0.006373, ""port_operational_disruption"": 0.709858, ""port_closure"": 0.103109, ""labor_strike_disruption"": 0.834694, ""maritime_security_navigation_disruption"": 0.224072}"
550,"[""labor_strike_disruption""]","{""weather_disruption"": 0.039195, ""natural_disaster"": 0.076996, ""port_operational_disruption"": 0.030855, ""port_closure"": 0.03946, ""labor_strike_disruption"": 0.98222, ""maritime_security_navigation_disruption"": 0.102473}"
3463,"[""port_operational_disruption"", ""labor_strike_disruption""]","{""weather_disruption"": 0.072337, ""natural_disaster"": 0.008632, ""port_operational_disruption"": 0.748209, ""port_closure"": 0.13376, ""labor_strike_disruption"": 0.905669, ""maritime_security_navigation_disruption"": 0.018275}"
403,"[""port_operational_disruption""]","{""weather_disruption"": 0.090921, ""natural_disaster"": 0.057107, ""port_operational_disruption"": 0.755567, ""port_closure"": 0.114148, ""labor_strike_disruption"": 0.115668, ""maritime_security_navigation_disruption"": 0.642159}"
2913,"[""weather_disruption"", ""port_operational_disruption""]","{""weather_disruption"": 0.979752, ""natural_disaster"": 0.004076, ""port_operational_disruption"": 0.913166, ""port_closure"": 0.647988, ""labor_strike_disruption"": 0.009777, ""maritime_security_navigation_disruption"": 0.042116}"
4499,"[""weather_disruption"", ""port_operational_disruption""]","{""weather_disruption"": 0.818507, ""natural_disaster"": 0.009602, ""port_operational_disruption"": 0.908522, ""port_closure"": 0.487424, ""labor_strike_disruption"": 0.0479, ""maritime_security_navigation_disruption"": 0.209678}"
341,"[""labor_strike_disruption""]","{""weather_disruption"": 0.017255, ""natural_disaster"": 0.03774, ""port_operational_disruption"": 0.075606, ""port_closure"": 0.042814, ""labor_strike_disruption"": 0.987478, ""maritime_security_navigation_disruption"": 0.066866}"
2369,"[""weather_disruption"", ""port_operational_disruption""]","{""weather_disruption"": 0.993697, ""natural_disaster"": 0.010289, ""port_operational_disruption"": 0.637444, ""port_closure"": 0.612232, ""labor_strike_disruption"": 0.007771, ""maritime_security_navigation_disruption"": 0.053825}"
194,"[""port_operational_disruption"", ""maritime_security_navigation_disruption""]","{""weather_disruption"": 0.024317, ""natural_disaster"": 0.006824, ""port_operational_disruption"": 0.552683, ""port_closure"": 0.016258, ""labor_strike_disruption"": 0.129602, ""maritime_security_navigation_disruption"": 0.877156}"
5721,"[""port_operational_disruption""]","{""weather_disruption"": 0.105808, ""natural_disaster"": 0.004802, ""port_operational_disruption"": 0.989956, ""port_closure"": 0.040159, ""labor_strike_disruption"": 0.058435, ""maritime_security_navigation_disruption"": 0.102824}"
1338,"[""port_closure""]","{""weather_disruption"": 0.411487, ""natural_disaster"": 0.002907, ""port_operational_disruption"": 0.494634, ""port_closure"": 0.837562, ""labor_strike_disruption"": 0.139114, ""maritime_security_navigation_disruption"": 0.498163}"
2889,"[""port_closure""]","{""weather_disruption"": 0.284731, ""natural_disaster"": 0.004677, ""port_operational_disruption"": 0.299984, ""port_closure"": 0.814485, ""labor_strike_disruption"": 0.255881, ""maritime_security_navigation_disruption"": 0.238266}"
2023,"[""port_operational_disruption""]","{""weather_disruption"": 0.130005, ""natural_disaster"": 0.005063, ""port_operational_disruption"": 0.911472, ""port_closure"": 0.096023, ""labor_strike_disruption"": 0.032813, ""maritime_security_navigation_disruption"": 0.519375}"
1441,"[""maritime_security_navigation_disruption""]","{""weather_disruption"": 0.011654, ""natural_disaster"": 0.016375, ""port_operational_disruption"": 0.405064, ""port_closure"": 0.017418, ""labor_strike_disruption"": 0.185941, ""maritime_security_navigation_disruption"": 0.902311}"
4545,"[""weather_disruption"", ""port_operational_disruption""]","{""weather_disruption"": 0.862293, ""natural_disaster"": 0.005537, ""port_operational_disruption"": 0.947059, ""port_closure"": 0.241488, ""labor_strike_disruption"": 0.026513, ""maritime_security_navigation_disruption"": 0.080126}"
3959,"[""maritime_security_navigation_disruption""]","{""weather_disruption"": 0.061625, ""natural_disaster"": 0.002899, ""port_operational_disruption"": 0.464523, ""port_closure"": 0.061317, ""labor_strike_disruption"": 0.100392, ""maritime_security_navigation_disruption"": 0.746685}"
2721,"[""labor_strike_disruption""]","{""weather_disruption"": 0.003401, ""natural_disaster"": 0.04896, ""port_operational_disruption"": 0.007293, ""port_closure"": 0.014477, ""labor_strike_disruption"": 0.996692, ""maritime_security_navigation_disruption"": 0.347123}"
1104,"[""port_operational_disruption""]","{""weather_disruption"": 0.098725, ""natural_disaster"": 0.006318, ""port_operational_disruption"": 0.971927, ""port_closure"": 0.064146, ""labor_strike_disruption"": 0.04924, ""maritime_security_navigation_disruption"": 0.065913}"
3720,"[""weather_disruption"", ""port_operational_disruption""]","{""weather_disruption"": 0.856698, ""natural_disaster"": 0.007395, ""port_operational_disruption"": 0.787758, ""port_closure"": 0.632387, ""labor_strike_disruption"": 0.013437, ""maritime_security_navigation_disruption"": 0.312714}"
2054,"[""port_operational_disruption""]","{""weather_disruption"": 0.167016, ""natural_disaster"": 0.006652, ""port_operational_disruption"": 0.976273, ""port_closure"": 0.326266, ""labor_strike_disruption"": 0.186903, ""maritime_security_navigation_disruption"": 0.027685}"
123,"[""weather_disruption""]","{""weather_disruption"": 0.987066, ""natural_disaster"": 0.116304, ""port_operational_disruption"": 0.231717, ""port_closure"": 0.091253, ""labor_strike_disruption"": 0.017489, ""maritime_security_navigation_disruption"": 0.03497}"
4908,"[""weather_disruption""]","{""weather_disruption"": 0.993601, ""natural_disaster"": 0.049849, ""port_operational_disruption"": 0.057068, ""port_closure"": 0.04525, ""labor_strike_disruption"": 0.010796, ""maritime_security_navigation_disruption"": 0.119479}"
2814,"[""weather_disruption"", ""port_operational_disruption""]","{""weather_disruption"": 0.562555, ""natural_disaster"": 0.004616, ""port_operational_disruption"": 0.821591, ""port_closure"": 0.571368, ""labor_strike_disruption"": 0.032799, ""maritime_security_navigation_disruption"": 0.332899}"
1206,"[""weather_disruption"", ""port_operational_disruption""]","{""weather_disruption"": 0.917819, ""natural_disaster"": 0.009318, ""port_operational_disruption"": 0.881309, ""port_closure"": 0.135829, ""labor_strike_disruption"": 0.071688, ""maritime_security_navigation_disruption"": 0.051362}"
4153,"[""weather_disruption""]","{""weather_disruption"": 0.587651, ""natural_disaster"": 0.104285, ""port_operational_disruption"": 0.479293, ""port_closure"": 0.045729, ""labor_strike_disruption"": 0.094751, ""maritime_security_navigation_disruption"": 0.13216}"
3811,"[""labor_strike_disruption""]","{""weather_disruption"": 0.019351, ""natural_disaster"": 0.045769, ""port_operational_disruption"": 0.03133, ""port_closure"": 0.038119, ""labor_strike_disruption"": 0.981687, ""maritime_security_navigation_disruption"": 0.036566}"
702,"[""labor_strike_disruption""]","{""weather_disruption"": 0.005037, ""natural_disaster"": 0.024756, ""port_operational_disruption"": 0.013605, ""port_closure"": 0.007569, ""labor_strike_disruption"": 0.974037, ""maritime_security_navigation_disruption"": 0.378578}"
3323,"[""maritime_security_navigation_disruption""]","{""weather_disruption"": 0.06181, ""natural_disaster"": 0.005682, ""port_operational_disruption"": 0.415808, ""port_closure"": 0.154146, ""labor_strike_disruption"": 0.041688, ""maritime_security_navigation_disruption"": 0.956623}"
4558,"[""weather_disruption"", ""port_closure""]","{""weather_disruption"": 0.92344, ""natural_disaster"": 0.005275, ""port_operational_disruption"": 0.5129, ""port_closure"": 0.910883, ""labor_strike_disruption"": 0.023021, ""maritime_security_navigation_disruption"": 0.210685}"
1994,"[""port_operational_disruption""]","{""weather_disruption"": 0.083607, ""natural_disaster"": 0.00311, ""port_operational_disruption"": 0.994699, ""port_closure"": 0.059318, ""labor_strike_disruption"": 0.027199, ""maritime_security_navigation_disruption"": 0.149093}"
2283,"[""labor_strike_disruption""]","{""weather_disruption"": 0.003072, ""natural_disaster"": 0.040213, ""port_operational_disruption"": 0.024052, ""port_closure"": 0.00256, ""labor_strike_disruption"": 0.999301, ""maritime_security_navigation_disruption"": 0.026645}"
4640,"[""port_operational_disruption""]","{""weather_disruption"": 0.100652, ""natural_disaster"": 0.008252, ""port_operational_disruption"": 0.963486, ""port_closure"": 0.19091, ""labor_strike_disruption"": 0.040131, ""maritime_security_navigation_disruption"": 0.077623}"
649,"[""port_operational_disruption""]","{""weather_disruption"": 0.125223, ""natural_disaster"": 0.012757, ""port_operational_disruption"": 0.987335, ""port_closure"": 0.038279, ""labor_strike_disruption"": 0.130626, ""maritime_security_navigation_disruption"": 0.046243}"
4833,"[""weather_disruption""]","{""weather_disruption"": 0.981628, ""natural_disaster"": 0.104716, ""port_operational_disruption"": 0.052835, ""port_closure"": 0.02558, ""labor_strike_disruption"": 0.008347, ""maritime_security_navigation_disruption"": 0.08409}"
3204,"[""port_operational_disruption""]","{""weather_disruption"": 0.114921, ""natural_disaster"": 0.004783, ""port_operational_disruption"": 0.9617, ""port_closure"": 0.084394, ""labor_strike_disruption"": 0.051301, ""maritime_security_navigation_disruption"": 0.027156}"
3957,"[""port_closure""]","{""weather_disruption"": 0.331414, ""natural_disaster"": 0.049533, ""port_operational_disruption"": 0.272316, ""port_closure"": 0.921871, ""labor_strike_disruption"": 0.02661, ""maritime_security_navigation_disruption"": 0.264413}"
664,"[""port_operational_disruption""]","{""weather_disruption"": 0.355164, ""natural_disaster"": 0.006797, ""port_operational_disruption"": 0.967007, ""port_closure"": 0.325247, ""labor_strike_disruption"": 0.099484, ""maritime_security_navigation_disruption"": 0.161543}"
1748,"[""labor_strike_disruption""]","{""weather_disruption"": 0.045381, ""natural_disaster"": 0.089239, ""port_operational_disruption"": 0.012568, ""port_closure"": 0.053331, ""labor_strike_disruption"": 0.987225, ""maritime_security_navigation_disruption"": 0.097552}"
4649,"[""port_operational_disruption""]","{""weather_disruption"": 0.111934, ""natural_disaster"": 0.023546, ""port_operational_disruption"": 0.96592, ""port_closure"": 0.051949, ""labor_strike_disruption"": 0.03763, ""maritime_security_navigation_disruption"": 0.078652}"
2106,"[""weather_disruption"", ""port_operational_disruption"", ""port_closure""]","{""weather_disruption"": 0.723281, ""natural_disaster"": 0.001943, ""port_operational_disruption"": 0.891032, ""port_closure"": 0.843369, ""labor_strike_disruption"": 0.077365, ""maritime_security_navigation_disruption"": 0.180159}"
5017,"[""labor_strike_disruption""]","{""weather_disruption"": 0.03353, ""natural_disaster"": 0.035958, ""port_operational_disruption"": 0.01136, ""port_closure"": 0.035177, ""labor_strike_disruption"": 0.979679, ""maritime_security_navigation_disruption"": 0.116953}"
3038,"[""port_operational_disruption""]","{""weather_disruption"": 0.285797, ""natural_disaster"": 0.006272, ""port_operational_disruption"": 0.958134, ""port_closure"": 0.306461, ""labor_strike_disruption"": 0.01816, ""maritime_security_navigation_disruption"": 0.0403}"
4198,"[""weather_disruption"", ""port_operational_disruption"", ""port_closure""]","{""weather_disruption"": 0.97625, ""natural_disaster"": 0.026935, ""port_operational_disruption"": 0.650067, ""port_closure"": 0.866081, ""labor_strike_disruption"": 0.006721, ""maritime_security_navigation_disruption"": 0.168357}"
646,[],"{""weather_disruption"": 0.243742, ""natural_disaster"": 0.26281, ""port_operational_disruption"": 0.355097, ""port_closure"": 0.014548, ""labor_strike_disruption"": 0.065889, ""maritime_security_navigation_disruption"": 0.398531}"
2332,"[""weather_disruption"", ""port_operational_disruption""]","{""weather_disruption"": 0.977039, ""natural_disaster"": 0.007998, ""port_operational_disruption"": 0.853088, ""port_closure"": 0.672087, ""labor_strike_disruption"": 0.009351, ""maritime_security_navigation_disruption"": 0.150172}"
116,"[""labor_strike_disruption""]","{""weather_disruption"": 0.011108, ""natural_disaster"": 0.006387, ""port_operational_disruption"": 0.272502, ""port_closure"": 0.007056, ""labor_strike_disruption"": 0.991986, ""maritime_security_navigation_disruption"": 0.065158}"
1856,"[""labor_strike_disruption"", ""maritime_security_navigation_disruption""]","{""weather_disruption"": 0.026262, ""natural_disaster"": 0.00579, ""port_operational_disruption"": 0.530103, ""port_closure"": 0.214549, ""labor_strike_disruption"": 0.689165, ""maritime_security_navigation_disruption"": 0.902239}"
4950,"[""natural_disaster""]","{""weather_disruption"": 0.087501, ""natural_disaster"": 0.98964, ""port_operational_disruption"": 0.023106, ""port_closure"": 0.003084, ""labor_strike_disruption"": 0.071101, ""maritime_security_navigation_disruption"": 0.080223}"
1774,"[""port_operational_disruption""]","{""weather_disruption"": 0.217727, ""natural_disaster"": 0.006725, ""port_operational_disruption"": 0.830498, ""port_closure"": 0.615771, ""labor_strike_disruption"": 0.165289, ""maritime_security_navigation_disruption"": 0.182841}"
865,"[""maritime_security_navigation_disruption""]","{""weather_disruption"": 0.157824, ""natural_disaster"": 0.026994, ""port_operational_disruption"": 0.300494, ""port_closure"": 0.010796, ""labor_strike_disruption"": 0.103829, ""maritime_security_navigation_disruption"": 0.673669}"
749,"[""weather_disruption""]","{""weather_disruption"": 0.774148, ""natural_disaster"": 0.139761, ""port_operational_disruption"": 0.331173, ""port_closure"": 0.172978, ""labor_strike_disruption"": 0.03611, ""maritime_security_navigation_disruption"": 0.200201}"
5443,"[""port_operational_disruption""]","{""weather_disruption"": 0.136659, ""natural_disaster"": 0.004896, ""port_operational_disruption"": 0.90804, ""port_closure"": 0.161135, ""labor_strike_disruption"": 0.018551, ""maritime_security_navigation_disruption"": 0.582208}"
3772,"[""weather_disruption""]","{""weather_disruption"": 0.933635, ""natural_disaster"": 0.028182, ""port_operational_disruption"": 0.100027, ""port_closure"": 0.151082, ""labor_strike_disruption"": 0.011276, ""maritime_security_navigation_disruption"": 0.614192}"
1943,"[""port_operational_disruption""]","{""weather_disruption"": 0.211667, ""natural_disaster"": 0.015332, ""port_operational_disruption"": 0.85739, ""port_closure"": 0.17077, ""labor_strike_disruption"": 0.048695, ""maritime_security_navigation_disruption"": 0.205198}"
2682,"[""weather_disruption"", ""port_operational_disruption"", ""port_closure""]","{""weather_disruption"": 0.893035, ""natural_disaster"": 0.006304, ""port_operational_disruption"": 0.740027, ""port_closure"": 0.794824, ""labor_strike_disruption"": 0.04958, ""maritime_security_navigation_disruption"": 0.079292}"
1766,"[""weather_disruption"", ""port_operational_disruption""]","{""weather_disruption"": 0.860826, ""natural_disaster"": 0.010599, ""port_operational_disruption"": 0.686015, ""port_closure"": 0.211614, ""labor_strike_disruption"": 0.05804, ""maritime_security_navigation_disruption"": 0.463274}"
4031,"[""weather_disruption""]","{""weather_disruption"": 0.976886, ""natural_disaster"": 0.135693, ""port_operational_disruption"": 0.086346, ""port_closure"": 0.551528, ""labor_strike_disruption"": 0.026157, ""maritime_security_navigation_disruption"": 0.055175}"
4690,"[""weather_disruption"", ""port_closure""]","{""weather_disruption"": 0.953577, ""natural_disaster"": 0.010886, ""port_operational_disruption"": 0.426632, ""port_closure"": 0.983296, ""labor_strike_disruption"": 0.005751, ""maritime_security_navigation_disruption"": 0.086063}"
3835,"[""port_operational_disruption""]","{""weather_disruption"": 0.137288, ""natural_disaster"": 0.068978, ""port_operational_disruption"": 0.732283, ""port_closure"": 0.049895, ""labor_strike_disruption"": 0.035823, ""maritime_security_navigation_disruption"": 0.258122}"
181,"[""port_operational_disruption""]","{""weather_disruption"": 0.277395, ""natural_disaster"": 0.028978, ""port_operational_disruption"": 0.929487, ""port_closure"": 0.094816, ""labor_strike_disruption"": 0.090817, ""maritime_security_navigation_disruption"": 0.064526}"
367,"[""weather_disruption""]","{""weather_disruption"": 0.922728, ""natural_disaster"": 0.084553, ""port_operational_disruption"": 0.08365, ""port_closure"": 0.184015, ""labor_strike_disruption"": 0.018533, ""maritime_security_navigation_disruption"": 0.368075}"
1736,"[""port_operational_disruption""]","{""weather_disruption"": 0.125088, ""natural_disaster"": 0.005159, ""port_operational_disruption"": 0.709881, ""port_closure"": 0.105906, ""labor_strike_disruption"": 0.449163, ""maritime_security_navigation_disruption"": 0.357013}"
3611,"[""maritime_security_navigation_disruption""]","{""weather_disruption"": 0.08819, ""natural_disaster"": 0.012042, ""port_operational_disruption"": 0.407871, ""port_closure"": 0.033817, ""labor_strike_disruption"": 0.052089, ""maritime_security_navigation_disruption"": 0.941291}"
1114,"[""labor_strike_disruption""]","{""weather_disruption"": 0.009182, ""natural_disaster"": 0.02288, ""port_operational_disruption"": 0.015104, ""port_closure"": 0.004706, ""labor_strike_disruption"": 0.9992, ""maritime_security_navigation_disruption"": 0.040418}"
31,"[""weather_disruption""]","{""weather_disruption"": 0.991437, ""natural_disaster"": 0.249713, ""port_operational_disruption"": 0.034275, ""port_closure"": 0.072577, ""labor_strike_disruption"": 0.015559, ""maritime_security_navigation_disruption"": 0.111502}"
4258,"[""maritime_security_navigation_disruption""]","{""weather_disruption"": 0.041386, ""natural_disaster"": 0.011054, ""port_operational_disruption"": 0.094719, ""port_closure"": 0.112552, ""labor_strike_disruption"": 0.046839, ""maritime_security_navigation_disruption"": 0.979087}"
566,"[""labor_strike_disruption""]","{""weather_disruption"": 0.010275, ""natural_disaster"": 0.059633, ""port_operational_disruption"": 0.066614, ""port_closure"": 0.021478, ""labor_strike_disruption"": 0.988419, ""maritime_security_navigation_disruption"": 0.137486}"
2597,"[""labor_strike_disruption""]","{""weather_disruption"": 0.034846, ""natural_disaster"": 0.013597, ""port_operational_disruption"": 0.043925, ""port_closure"": 0.085294, ""labor_strike_disruption"": 0.979919, ""maritime_security_navigation_disruption"": 0.022007}"
3238,"[""port_operational_disruption""]","{""weather_disruption"": 0.095713, ""natural_disaster"": 0.00841, ""port_operational_disruption"": 0.95638, ""port_closure"": 0.105752, ""labor_strike_disruption"": 0.032045, ""maritime_security_navigation_disruption"": 0.023498}"
4118,"[""weather_disruption""]","{""weather_disruption"": 0.972485, ""natural_disaster"": 0.040544, ""port_operational_disruption"": 0.099558, ""port_closure"": 0.147186, ""labor_strike_disruption"": 0.012808, ""maritime_security_navigation_disruption"": 0.120234}"
4193,"[""weather_disruption"", ""port_operational_disruption""]","{""weather_disruption"": 0.939388, ""natural_disaster"": 0.012726, ""port_operational_disruption"": 0.889114, ""port_closure"": 0.554373, ""labor_strike_disruption"": 0.011425, ""maritime_security_navigation_disruption"": 0.076527}"
4597,"[""port_operational_disruption""]","{""weather_disruption"": 0.047816, ""natural_disaster"": 0.011679, ""port_operational_disruption"": 0.892857, ""port_closure"": 0.134385, ""labor_strike_disruption"": 0.051758, ""maritime_security_navigation_disruption"": 0.042573}"
3408,"[""port_operational_disruption"", ""maritime_security_navigation_disruption""]","{""weather_disruption"": 0.006727, ""natural_disaster"": 0.017996, ""port_operational_disruption"": 0.646175, ""port_closure"": 0.016433, ""labor_strike_disruption"": 0.26809, ""maritime_security_navigation_disruption"": 0.8443}"
5472,"[""weather_disruption"", ""port_closure""]","{""weather_disruption"": 0.990497, ""natural_disaster"": 0.006645, ""port_operational_disruption"": 0.486449, ""port_closure"": 0.895559, ""labor_strike_disruption"": 0.008127, ""maritime_security_navigation_disruption"": 0.079335}"
3685,"[""weather_disruption""]","{""weather_disruption"": 0.709314, ""natural_disaster"": 0.094923, ""port_operational_disruption"": 0.122516, ""port_closure"": 0.142397, ""labor_strike_disruption"": 0.191366, ""maritime_security_navigation_disruption"": 0.055197}"
3863,"[""maritime_security_navigation_disruption""]","{""weather_disruption"": 0.08785, ""natural_disaster"": 0.021626, ""port_operational_disruption"": 0.076641, ""port_closure"": 0.067086, ""labor_strike_disruption"": 0.057007, ""maritime_security_navigation_disruption"": 0.963609}"
2313,"[""weather_disruption""]","{""weather_disruption"": 0.994848, ""natural_disaster"": 0.042587, ""port_operational_disruption"": 0.069136, ""port_closure"": 0.193411, ""labor_strike_disruption"": 0.005085, ""maritime_security_navigation_disruption"": 0.219687}"
3620,"[""weather_disruption"", ""port_operational_disruption""]","{""weather_disruption"": 0.546706, ""natural_disaster"": 0.023815, ""port_operational_disruption"": 0.771334, ""port_closure"": 0.348154, ""labor_strike_disruption"": 0.046085, ""maritime_security_navigation_disruption"": 0.13564}"
2366,"[""weather_disruption"", ""port_operational_disruption""]","{""weather_disruption"": 0.979393, ""natural_disaster"": 0.00777, ""port_operational_disruption"": 0.888117, ""port_closure"": 0.605781, ""labor_strike_disruption"": 0.010782, ""maritime_security_navigation_disruption"": 0.137623}"
1685,"[""labor_strike_disruption""]","{""weather_disruption"": 0.033079, ""natural_disaster"": 0.075474, ""port_operational_disruption"": 0.016424, ""port_closure"": 0.057841, ""labor_strike_disruption"": 0.970169, ""maritime_security_navigation_disruption"": 0.054318}"
3197,"[""port_operational_disruption""]","{""weather_disruption"": 0.068365, ""natural_disaster"": 0.00489, ""port_operational_disruption"": 0.976455, ""port_closure"": 0.155047, ""labor_strike_disruption"": 0.030132, ""maritime_security_navigation_disruption"": 0.018078}"
5663,"[""labor_strike_disruption""]","{""weather_disruption"": 0.045852, ""natural_disaster"": 0.014114, ""port_operational_disruption"": 0.020061, ""port_closure"": 0.017848, ""labor_strike_disruption"": 0.672078, ""maritime_security_navigation_disruption"": 0.466388}"
5727,"[""port_operational_disruption""]","{""weather_disruption"": 0.225076, ""natural_disaster"": 0.007698, ""port_operational_disruption"": 0.944732, ""port_closure"": 0.162879, ""labor_strike_disruption"": 0.021514, ""maritime_security_navigation_disruption"": 0.259788}"
175,"[""port_operational_disruption""]","{""weather_disruption"": 0.310839, ""natural_disaster"": 0.010565, ""port_operational_disruption"": 0.97647, ""port_closure"": 0.062566, ""labor_strike_disruption"": 0.025507, ""maritime_security_navigation_disruption"": 0.020403}"
1886,"[""weather_disruption""]","{""weather_disruption"": 0.791238, ""natural_disaster"": 0.027226, ""port_operational_disruption"": 0.08617, ""port_closure"": 0.02302, ""labor_strike_disruption"": 0.146228, ""maritime_security_navigation_disruption"": 0.087295}"
5755,"[""labor_strike_disruption""]","{""weather_disruption"": 0.01783, ""natural_disaster"": 0.036178, ""port_operational_disruption"": 0.038161, ""port_closure"": 0.009025, ""labor_strike_disruption"": 0.968015, ""maritime_security_navigation_disruption"": 0.324326}"
3185,"[""labor_strike_disruption""]","{""weather_disruption"": 0.014135, ""natural_disaster"": 0.024652, ""port_operational_disruption"": 0.115613, ""port_closure"": 0.010045, ""labor_strike_disruption"": 0.898543, ""maritime_security_navigation_disruption"": 0.481303}"
4207,"[""weather_disruption"", ""port_operational_disruption"", ""port_closure""]","{""weather_disruption"": 0.942042, ""natural_disaster"": 0.011269, ""port_operational_disruption"": 0.629259, ""port_closure"": 0.907457, ""labor_strike_disruption"": 0.00728, ""maritime_security_navigation_disruption"": 0.136742}"
3857,"[""maritime_security_navigation_disruption""]","{""weather_disruption"": 0.056616, ""natural_disaster"": 0.046913, ""port_operational_disruption"": 0.098996, ""port_closure"": 0.06363, ""labor_strike_disruption"": 0.070867, ""maritime_security_navigation_disruption"": 0.903147}"
4222,"[""weather_disruption"", ""port_operational_disruption""]","{""weather_disruption"": 0.973832, ""natural_disaster"": 0.008322, ""port_operational_disruption"": 0.831609, ""port_closure"": 0.716078, ""labor_strike_disruption"": 0.009523, ""maritime_security_navigation_disruption"": 0.063147}"
4780,"[""port_operational_disruption""]","{""weather_disruption"": 0.04533, ""natural_disaster"": 0.006764, ""port_operational_disruption"": 0.98434, ""port_closure"": 0.020214, ""labor_strike_disruption"": 0.071486, ""maritime_security_navigation_disruption"": 0.089817}"
4456,"[""weather_disruption"", ""port_closure""]","{""weather_disruption"": 0.932033, ""natural_disaster"": 0.013857, ""port_operational_disruption"": 0.373992, ""port_closure"": 0.969247, ""labor_strike_disruption"": 0.020281, ""maritime_security_navigation_disruption"": 0.075744}"
3576,"[""maritime_security_navigation_disruption""]","{""weather_disruption"": 0.24372, ""natural_disaster"": 0.010998, ""port_operational_disruption"": 0.225874, ""port_closure"": 0.148224, ""labor_strike_disruption"": 0.020593, ""maritime_security_navigation_disruption"": 0.94872}"
1920,"[""labor_strike_disruption""]","{""weather_disruption"": 0.017734, ""natural_disaster"": 0.047039, ""port_operational_disruption"": 0.076661, ""port_closure"": 0.02484, ""labor_strike_disruption"": 0.974075, ""maritime_security_navigation_disruption"": 0.053228}"
5137,"[""weather_disruption"", ""natural_disaster""]","{""weather_disruption"": 0.982721, ""natural_disaster"": 0.616153, ""port_operational_disruption"": 0.086892, ""port_closure"": 0.040267, ""labor_strike_disruption"": 0.008847, ""maritime_security_navigation_disruption"": 0.064338}"
2377,"[""weather_disruption"", ""port_operational_disruption""]","{""weather_disruption"": 0.725438, ""natural_disaster"": 0.008132, ""port_operational_disruption"": 0.784841, ""port_closure"": 0.206785, ""labor_strike_disruption"": 0.070903, ""maritime_security_navigation_disruption"": 0.395372}"
1674,"[""labor_strike_disruption""]","{""weather_disruption"": 0.013106, ""natural_disaster"": 0.028577, ""port_operational_disruption"": 0.103582, ""port_closure"": 0.01787, ""labor_strike_disruption"": 0.995989, ""maritime_security_navigation_disruption"": 0.031164}"
3925,"[""port_operational_disruption""]","{""weather_disruption"": 0.06623, ""natural_disaster"": 0.0138, ""port_operational_disruption"": 0.969138, ""port_closure"": 0.024689, ""labor_strike_disruption"": 0.011777, ""maritime_security_navigation_disruption"": 0.156382}"
2067,"[""weather_disruption"", ""port_closure""]","{""weather_disruption"": 0.593471, ""natural_disaster"": 0.04398, ""port_operational_disruption"": 0.503821, ""port_closure"": 0.893383, ""labor_strike_disruption"": 0.085623, ""maritime_security_navigation_disruption"": 0.067305}"
971,"[""labor_strike_disruption""]","{""weather_disruption"": 0.007428, ""natural_disaster"": 0.01083, ""port_operational_disruption"": 0.028575, ""port_closure"": 0.003199, ""labor_strike_disruption"": 0.999015, ""maritime_security_navigation_disruption"": 0.019689}"
3661,"[""labor_strike_disruption"", ""maritime_security_navigation_disruption""]","{""weather_disruption"": 0.004112, ""natural_disaster"": 0.009568, ""port_operational_disruption"": 0.081531, ""port_closure"": 0.00352, ""labor_strike_disruption"": 0.844661, ""maritime_security_navigation_disruption"": 0.818864}"
1770,"[""weather_disruption"", ""port_operational_disruption""]","{""weather_disruption"": 0.743081, ""natural_disaster"": 0.020948, ""port_operational_disruption"": 0.564446, ""port_closure"": 0.648748, ""labor_strike_disruption"": 0.142028, ""maritime_security_navigation_disruption"": 0.25666}"
4709,"[""labor_strike_disruption""]","{""weather_disruption"": 0.127841, ""natural_disaster"": 0.012415, ""port_operational_disruption"": 0.261344, ""port_closure"": 0.075589, ""labor_strike_disruption"": 0.900808, ""maritime_security_navigation_disruption"": 0.124039}"
4938,"[""port_operational_disruption"", ""maritime_security_navigation_disruption""]","{""weather_disruption"": 0.114028, ""natural_disaster"": 0.007779, ""port_operational_disruption"": 0.710531, ""port_closure"": 0.166629, ""labor_strike_disruption"": 0.034507, ""maritime_security_navigation_disruption"": 0.846693}"
2002,"[""maritime_security_navigation_disruption""]","{""weather_disruption"": 0.006044, ""natural_disaster"": 0.036429, ""port_operational_disruption"": 0.324385, ""port_closure"": 0.003825, ""labor_strike_disruption"": 0.133894, ""maritime_security_navigation_disruption"": 0.966637}"
3279,"[""weather_disruption"", ""port_closure""]","{""weather_disruption"": 0.922539, ""natural_disaster"": 0.014431, ""port_operational_disruption"": 0.225405, ""port_closure"": 0.962673, ""labor_strike_disruption"": 0.017215, ""maritime_security_navigation_disruption"": 0.307778}"
1944,"[""port_operational_disruption"", ""labor_strike_disruption""]","{""weather_disruption"": 0.195442, ""natural_disaster"": 0.006105, ""port_operational_disruption"": 0.579973, ""port_closure"": 0.363466, ""labor_strike_disruption"": 0.632711, ""maritime_security_navigation_disruption"": 0.166756}"
5330,"[""weather_disruption"", ""port_operational_disruption"", ""maritime_security_navigation_disruption""]","{""weather_disruption"": 0.641988, ""natural_disaster"": 0.001999, ""port_operational_disruption"": 0.733408, ""port_closure"": 0.277597, ""labor_strike_disruption"": 0.048229, ""maritime_security_navigation_disruption"": 0.836274}"
3348,[],"{""weather_disruption"": 0.031996, ""natural_disaster"": 0.03361, ""port_operational_disruption"": 0.533652, ""port_closure"": 0.023083, ""labor_strike_disruption"": 0.099571, ""maritime_security_navigation_disruption"": 0.525514}"
2723,"[""port_operational_disruption""]","{""weather_disruption"": 0.148502, ""natural_disaster"": 0.010242, ""port_operational_disruption"": 0.976167, ""port_closure"": 0.181084, ""labor_strike_disruption"": 0.023668, ""maritime_security_navigation_disruption"": 0.051034}"
4562,"[""weather_disruption"", ""port_operational_disruption""]","{""weather_disruption"": 0.950067, ""natural_disaster"": 0.020437, ""port_operational_disruption"": 0.708368, ""port_closure"": 0.664238, ""labor_strike_disruption"": 0.023715, ""maritime_security_navigation_disruption"": 0.064367}"
2878,"[""weather_disruption"", ""port_closure""]","{""weather_disruption"": 0.939248, ""natural_disaster"": 0.011975, ""port_operational_disruption"": 0.403927, ""port_closure"": 0.973699, ""labor_strike_disruption"": 0.01019, ""maritime_security_navigation_disruption"": 0.173964}"
3157,"[""weather_disruption"", ""port_closure""]","{""weather_disruption"": 0.94705, ""natural_disaster"": 0.025085, ""port_operational_disruption"": 0.35435, ""port_closure"": 0.881626, ""labor_strike_disruption"": 0.018316, ""maritime_security_navigation_disruption"": 0.390867}"
1894,[],"{""weather_disruption"": 0.431894, ""natural_disaster"": 0.047137, ""port_operational_disruption"": 0.489671, ""port_closure"": 0.654426, ""labor_strike_disruption"": 0.044103, ""maritime_security_navigation_disruption"": 0.348236}"
3994,"[""weather_disruption"", ""port_closure""]","{""weather_disruption"": 0.62643, ""natural_disaster"": 0.037256, ""port_operational_disruption"": 0.433875, ""port_closure"": 0.947953, ""labor_strike_disruption"": 0.057037, ""maritime_security_navigation_disruption"": 0.111466}"
4399,"[""port_operational_disruption""]","{""weather_disruption"": 0.090551, ""natural_disaster"": 0.006707, ""port_operational_disruption"": 0.970866, ""port_closure"": 0.205992, ""labor_strike_disruption"": 0.019622, ""maritime_security_navigation_disruption"": 0.05155}"
5595,"[""port_operational_disruption""]","{""weather_disruption"": 0.191852, ""natural_disaster"": 0.00715, ""port_operational_disruption"": 0.909533, ""port_closure"": 0.139688, ""labor_strike_disruption"": 0.328324, ""maritime_security_navigation_disruption"": 0.040309}"
2025,"[""weather_disruption"", ""port_closure""]","{""weather_disruption"": 0.617815, ""natural_disaster"": 0.002757, ""port_operational_disruption"": 0.364323, ""port_closure"": 0.873849, ""labor_strike_disruption"": 0.071685, ""maritime_security_navigation_disruption"": 0.578149}"
5109,"[""maritime_security_navigation_disruption""]","{""weather_disruption"": 0.187344, ""natural_disaster"": 0.018987, ""port_operational_disruption"": 0.189377, ""port_closure"": 0.17726, ""labor_strike_disruption"": 0.075255, ""maritime_security_navigation_disruption"": 0.884743}"
4256,"[""maritime_security_navigation_disruption""]","{""weather_disruption"": 0.182446, ""natural_disaster"": 0.013119, ""port_operational_disruption"": 0.217008, ""port_closure"": 0.177465, ""labor_strike_disruption"": 0.029355, ""maritime_security_navigation_disruption"": 0.969948}"
5359,"[""weather_disruption"", ""port_closure""]","{""weather_disruption"": 0.940654, ""natural_disaster"": 0.014481, ""port_operational_disruption"": 0.145425, ""port_closure"": 0.956338, ""labor_strike_disruption"": 0.052491, ""maritime_security_navigation_disruption"": 0.480217}"
2860,"[""weather_disruption"", ""port_operational_disruption""]","{""weather_disruption"": 0.559001, ""natural_disaster"": 0.006848, ""port_operational_disruption"": 0.906105, ""port_closure"": 0.550597, ""labor_strike_disruption"": 0.043361, ""maritime_security_navigation_disruption"": 0.295529}"
2202,"[""weather_disruption"", ""port_operational_disruption""]","{""weather_disruption"": 0.949606, ""natural_disaster"": 0.013218, ""port_operational_disruption"": 0.958283, ""port_closure"": 0.282646, ""labor_strike_disruption"": 0.02737, ""maritime_security_navigation_disruption"": 0.127471}"
3232,"[""port_operational_disruption""]","{""weather_disruption"": 0.082029, ""natural_disaster"": 0.004527, ""port_operational_disruption"": 0.970011, ""port_closure"": 0.033503, ""labor_strike_disruption"": 0.037057, ""maritime_security_navigation_disruption"": 0.020945}"
1630,"[""weather_disruption"", ""port_operational_disruption""]","{""weather_disruption"": 0.922549, ""natural_disaster"": 0.003689, ""port_operational_disruption"": 0.909965, ""port_closure"": 0.727255, ""labor_strike_disruption"": 0.071631, ""maritime_security_navigation_disruption"": 0.132334}"
3962,"[""weather_disruption"", ""port_closure""]","{""weather_disruption"": 0.973153, ""natural_disaster"": 0.014004, ""port_operational_disruption"": 0.319055, ""port_closure"": 0.938207, ""labor_strike_disruption"": 0.016665, ""maritime_security_navigation_disruption"": 0.32748}"
5764,"[""weather_disruption"", ""port_operational_disruption""]","{""weather_disruption"": 0.843341, ""natural_disaster"": 0.0101, ""port_operational_disruption"": 0.761412, ""port_closure"": 0.320288, ""labor_strike_disruption"": 0.046907, ""maritime_security_navigation_disruption"": 0.361632}"
3952,"[""port_operational_disruption""]","{""weather_disruption"": 0.285608, ""natural_disaster"": 0.002764, ""port_operational_disruption"": 0.691262, ""port_closure"": 0.40929, ""labor_strike_disruption"": 0.058721, ""maritime_security_navigation_disruption"": 0.624414}"
543,"[""maritime_security_navigation_disruption""]","{""weather_disruption"": 0.260288, ""natural_disaster"": 0.022694, ""port_operational_disruption"": 0.541444, ""port_closure"": 0.081667, ""labor_strike_disruption"": 0.083369, ""maritime_security_navigation_disruption"": 0.682479}"
4755,"[""port_operational_disruption""]","{""weather_disruption"": 0.072309, ""natural_disaster"": 0.010103, ""port_operational_disruption"": 0.964139, ""port_closure"": 0.066054, ""labor_strike_disruption"": 0.169415, ""maritime_security_navigation_disruption"": 0.04884}"
735,"[""labor_strike_disruption""]","{""weather_disruption"": 0.030489, ""natural_disaster"": 0.020496, ""port_operational_disruption"": 0.058239, ""port_closure"": 0.004951, ""labor_strike_disruption"": 0.990468, ""maritime_security_navigation_disruption"": 0.026171}"
5437,"[""labor_strike_disruption""]","{""weather_disruption"": 0.033331, ""natural_disaster"": 0.010004, ""port_operational_disruption"": 0.055353, ""port_closure"": 0.03224, ""labor_strike_disruption"": 0.966053, ""maritime_security_navigation_disruption"": 0.077442}"
886,"[""port_operational_disruption""]","{""weather_disruption"": 0.035312, ""natural_disaster"": 0.015084, ""port_operational_disruption"": 0.953563, ""port_closure"": 0.095409, ""labor_strike_disruption"": 0.187783, ""maritime_security_navigation_disruption"": 0.125646}"
2932,"[""port_operational_disruption""]","{""weather_disruption"": 0.081369, ""natural_disaster"": 0.007676, ""port_operational_disruption"": 0.970565, ""port_closure"": 0.264388, ""labor_strike_disruption"": 0.022181, ""maritime_security_navigation_disruption"": 0.087245}"
375,"[""weather_disruption""]","{""weather_disruption"": 0.979977, ""natural_disaster"": 0.060154, ""port_operational_disruption"": 0.117037, ""port_closure"": 0.131027, ""labor_strike_disruption"": 0.016145, ""maritime_security_navigation_disruption"": 0.252856}"
2336,"[""weather_disruption"", ""port_operational_disruption""]","{""weather_disruption"": 0.974469, ""natural_disaster"": 0.025519, ""port_operational_disruption"": 0.686142, ""port_closure"": 0.195134, ""labor_strike_disruption"": 0.004955, ""maritime_security_navigation_disruption"": 0.180713}"
913,"[""port_operational_disruption"", ""labor_strike_disruption""]","{""weather_disruption"": 0.015412, ""natural_disaster"": 0.001905, ""port_operational_disruption"": 0.599156, ""port_closure"": 0.134624, ""labor_strike_disruption"": 0.895511, ""maritime_security_navigation_disruption"": 0.397737}"
4664,"[""port_operational_disruption""]","{""weather_disruption"": 0.332311, ""natural_disaster"": 0.013609, ""port_operational_disruption"": 0.893377, ""port_closure"": 0.412788, ""labor_strike_disruption"": 0.149987, ""maritime_security_navigation_disruption"": 0.261329}"
2320,"[""weather_disruption"", ""port_operational_disruption""]","{""weather_disruption"": 0.860119, ""natural_disaster"": 0.019335, ""port_operational_disruption"": 0.90938, ""port_closure"": 0.192202, ""labor_strike_disruption"": 0.03976, ""maritime_security_navigation_disruption"": 0.411757}"
5321,"[""maritime_security_navigation_disruption""]","{""weather_disruption"": 0.137975, ""natural_disaster"": 0.005642, ""port_operational_disruption"": 0.534949, ""port_closure"": 0.021689, ""labor_strike_disruption"": 0.023581, ""maritime_security_navigation_disruption"": 0.912409}"
4641,"[""port_operational_disruption""]","{""weather_disruption"": 0.095768, ""natural_disaster"": 0.013364, ""port_operational_disruption"": 0.973331, ""port_closure"": 0.25308, ""labor_strike_disruption"": 0.032854, ""maritime_security_navigation_disruption"": 0.035653}"
410,"[""port_operational_disruption""]","{""weather_disruption"": 0.189962, ""natural_disaster"": 0.013944, ""port_operational_disruption"": 0.879186, ""port_closure"": 0.339636, ""labor_strike_disruption"": 0.15046, ""maritime_security_navigation_disruption"": 0.242864}"
1382,"[""port_operational_disruption""]","{""weather_disruption"": 0.369551, ""natural_disaster"": 0.01836, ""port_operational_disruption"": 0.946301, ""port_closure"": 0.291353, ""labor_strike_disruption"": 0.078367, ""maritime_security_navigation_disruption"": 0.066556}"
3557,"[""labor_strike_disruption""]","{""weather_disruption"": 0.02885, ""natural_disaster"": 0.039037, ""port_operational_disruption"": 0.061318, ""port_closure"": 0.005852, ""labor_strike_disruption"": 0.992437, ""maritime_security_navigation_disruption"": 0.109778}"
5370,"[""port_operational_disruption""]","{""weather_disruption"": 0.197485, ""natural_disaster"": 0.005096, ""port_operational_disruption"": 0.901655, ""port_closure"": 0.309855, ""labor_strike_disruption"": 0.063956, ""maritime_security_navigation_disruption"": 0.490168}"
3101,"[""weather_disruption""]","{""weather_disruption"": 0.993433, ""natural_disaster"": 0.114892, ""port_operational_disruption"": 0.050718, ""port_closure"": 0.080045, ""labor_strike_disruption"": 0.013862, ""maritime_security_navigation_disruption"": 0.11534}"
4451,"[""weather_disruption""]","{""weather_disruption"": 0.975141, ""natural_disaster"": 0.339925, ""port_operational_disruption"": 0.049587, ""port_closure"": 0.074636, ""labor_strike_disruption"": 0.00449, ""maritime_security_navigation_disruption"": 0.170421}"
1928,"[""weather_disruption"", ""port_operational_disruption""]","{""weather_disruption"": 0.901618, ""natural_disaster"": 0.007273, ""port_operational_disruption"": 0.591789, ""port_closure"": 0.615529, ""labor_strike_disruption"": 0.031801, ""maritime_security_navigation_disruption"": 0.493648}"
675,"[""maritime_security_navigation_disruption""]","{""weather_disruption"": 0.208939, ""natural_disaster"": 0.05464, ""port_operational_disruption"": 0.281211, ""port_closure"": 0.067219, ""labor_strike_disruption"": 0.055143, ""maritime_security_navigation_disruption"": 0.867962}"
4719,"[""weather_disruption"", ""port_operational_disruption"", ""port_closure""]","{""weather_disruption"": 0.984278, ""natural_disaster"": 0.009553, ""port_operational_disruption"": 0.750199, ""port_closure"": 0.766276, ""labor_strike_disruption"": 0.025759, ""maritime_security_navigation_disruption"": 0.110403}"
2310,"[""labor_strike_disruption""]","{""weather_disruption"": 0.006452, ""natural_disaster"": 0.00577, ""port_operational_disruption"": 0.078593, ""port_closure"": 0.023447, ""labor_strike_disruption"": 0.996808, ""maritime_security_navigation_disruption"": 0.081324}"
825,"[""weather_disruption"", ""port_operational_disruption"", ""port_closure""]","{""weather_disruption"": 0.56087, ""natural_disaster"": 0.01186, ""port_operational_disruption"": 0.626658, ""port_closure"": 0.887375, ""labor_strike_disruption"": 0.048888, ""maritime_security_navigation_disruption"": 0.050714}"
3716,"[""weather_disruption"", ""port_operational_disruption"", ""port_closure""]","{""weather_disruption"": 0.72369, ""natural_disaster"": 0.01177, ""port_operational_disruption"": 0.720214, ""port_closure"": 0.78092, ""labor_strike_disruption"": 0.042929, ""maritime_security_navigation_disruption"": 0.323571}"
2794,"[""port_operational_disruption""]","{""weather_disruption"": 0.237332, ""natural_disaster"": 0.010641, ""port_operational_disruption"": 0.870138, ""port_closure"": 0.30827, ""labor_strike_disruption"": 0.101582, ""maritime_security_navigation_disruption"": 0.094448}"
1381,"[""port_operational_disruption""]","{""weather_disruption"": 0.15259, ""natural_disaster"": 0.00426, ""port_operational_disruption"": 0.987531, ""port_closure"": 0.111462, ""labor_strike_disruption"": 0.024285, ""maritime_security_navigation_disruption"": 0.037122}"
3852,"[""port_operational_disruption""]","{""weather_disruption"": 0.161529, ""natural_disaster"": 0.045507, ""port_operational_disruption"": 0.901096, ""port_closure"": 0.008672, ""labor_strike_disruption"": 0.085808, ""maritime_security_navigation_disruption"": 0.132708}"
609,"[""weather_disruption"", ""port_operational_disruption""]","{""weather_disruption"": 0.979596, ""natural_disaster"": 0.01842, ""port_operational_disruption"": 0.779504, ""port_closure"": 0.713874, ""labor_strike_disruption"": 0.006728, ""maritime_security_navigation_disruption"": 0.056261}"
1109,"[""labor_strike_disruption""]","{""weather_disruption"": 0.055132, ""natural_disaster"": 0.088868, ""port_operational_disruption"": 0.019694, ""port_closure"": 0.043692, ""labor_strike_disruption"": 0.990639, ""maritime_security_navigation_disruption"": 0.010592}"
40,"[""weather_disruption"", ""port_operational_disruption"", ""port_closure""]","{""weather_disruption"": 0.964248, ""natural_disaster"": 0.023068, ""port_operational_disruption"": 0.58894, ""port_closure"": 0.767641, ""labor_strike_disruption"": 0.003308, ""maritime_security_navigation_disruption"": 0.258611}"
1694,"[""maritime_security_navigation_disruption""]","{""weather_disruption"": 0.051938, ""natural_disaster"": 0.006534, ""port_operational_disruption"": 0.333403, ""port_closure"": 0.003472, ""labor_strike_disruption"": 0.153618, ""maritime_security_navigation_disruption"": 0.906813}"
36,"[""weather_disruption""]","{""weather_disruption"": 0.840011, ""natural_disaster"": 0.018006, ""port_operational_disruption"": 0.11194, ""port_closure"": 0.57681, ""labor_strike_disruption"": 0.124572, ""maritime_security_navigation_disruption"": 0.478395}"
4470,"[""port_operational_disruption""]","{""weather_disruption"": 0.062194, ""natural_disaster"": 0.008882, ""port_operational_disruption"": 0.833233, ""port_closure"": 0.032229, ""labor_strike_disruption"": 0.175848, ""maritime_security_navigation_disruption"": 0.385193}"
1234,"[""port_operational_disruption""]","{""weather_disruption"": 0.095595, ""natural_disaster"": 0.007802, ""port_operational_disruption"": 0.975391, ""port_closure"": 0.052928, ""labor_strike_disruption"": 0.056536, ""maritime_security_navigation_disruption"": 0.060323}"
5409,"[""labor_strike_disruption""]","{""weather_disruption"": 0.007763, ""natural_disaster"": 0.010379, ""port_operational_disruption"": 0.120335, ""port_closure"": 0.050515, ""labor_strike_disruption"": 0.988808, ""maritime_security_navigation_disruption"": 0.392695}"
4729,"[""weather_disruption"", ""port_operational_disruption"", ""port_closure""]","{""weather_disruption"": 0.54445, ""natural_disaster"": 0.005712, ""port_operational_disruption"": 0.735372, ""port_closure"": 0.756465, ""labor_strike_disruption"": 0.018042, ""maritime_security_navigation_disruption"": 0.400508}"
508,"[""labor_strike_disruption""]","{""weather_disruption"": 0.01405, ""natural_disaster"": 0.04328, ""port_operational_disruption"": 0.014918, ""port_closure"": 0.004543, ""labor_strike_disruption"": 0.99478, ""maritime_security_navigation_disruption"": 0.03321}"
1743,"[""labor_strike_disruption""]","{""weather_disruption"": 0.120975, ""natural_disaster"": 0.053859, ""port_operational_disruption"": 0.042522, ""port_closure"": 0.242526, ""labor_strike_disruption"": 0.639782, ""maritime_security_navigation_disruption"": 0.546009}"
1763,"[""weather_disruption"", ""port_operational_disruption""]","{""weather_disruption"": 0.958273, ""natural_disaster"": 0.009425, ""port_operational_disruption"": 0.810779, ""port_closure"": 0.699935, ""labor_strike_disruption"": 0.011699, ""maritime_security_navigation_disruption"": 0.124519}"
3930,"[""port_operational_disruption"", ""maritime_security_navigation_disruption""]","{""weather_disruption"": 0.050844, ""natural_disaster"": 0.002279, ""port_operational_disruption"": 0.898966, ""port_closure"": 0.170875, ""labor_strike_disruption"": 0.043087, ""maritime_security_navigation_disruption"": 0.675848}"
487,"[""port_operational_disruption""]","{""weather_disruption"": 0.053835, ""natural_disaster"": 0.004573, ""port_operational_disruption"": 0.9758, ""port_closure"": 0.120609, ""labor_strike_disruption"": 0.045643, ""maritime_security_navigation_disruption"": 0.032815}"
3007,"[""weather_disruption""]","{""weather_disruption"": 0.945889, ""natural_disaster"": 0.045484, ""port_operational_disruption"": 0.324372, ""port_closure"": 0.038256, ""labor_strike_disruption"": 0.039186, ""maritime_security_navigation_disruption"": 0.21045}"
3115,"[""labor_strike_disruption""]","{""weather_disruption"": 0.012213, ""natural_disaster"": 0.011065, ""port_operational_disruption"": 0.2378, ""port_closure"": 0.037048, ""labor_strike_disruption"": 0.974705, ""maritime_security_navigation_disruption"": 0.273899}"
806,"[""weather_disruption""]","{""weather_disruption"": 0.995172, ""natural_disaster"": 0.148836, ""port_operational_disruption"": 0.067465, ""port_closure"": 0.027481, ""labor_strike_disruption"": 0.01568, ""maritime_security_navigation_disruption"": 0.060059}"
4514,"[""weather_disruption"", ""port_closure""]","{""weather_disruption"": 0.978009, ""natural_disaster"": 0.014127, ""port_operational_disruption"": 0.419244, ""port_closure"": 0.94969, ""labor_strike_disruption"": 0.013035, ""maritime_security_navigation_disruption"": 0.469188}"
3581,"[""maritime_security_navigation_disruption""]","{""weather_disruption"": 0.180049, ""natural_disaster"": 0.006724, ""port_operational_disruption"": 0.231679, ""port_closure"": 0.038396, ""labor_strike_disruption"": 0.02229, ""maritime_security_navigation_disruption"": 0.992009}"
3541,"[""maritime_security_navigation_disruption""]","{""weather_disruption"": 0.305232, ""natural_disaster"": 0.003996, ""port_operational_disruption"": 0.408139, ""port_closure"": 0.589746, ""labor_strike_disruption"": 0.200108, ""maritime_security_navigation_disruption"": 0.86987}"
3170,"[""labor_strike_disruption"", ""maritime_security_navigation_disruption""]","{""weather_disruption"": 0.013005, ""natural_disaster"": 0.048197, ""port_operational_disruption"": 0.223068, ""port_closure"": 0.024322, ""labor_strike_disruption"": 0.666442, ""maritime_security_navigation_disruption"": 0.901165}"
2786,"[""weather_disruption"", ""port_operational_disruption""]","{""weather_disruption"": 0.70119, ""natural_disaster"": 0.003956, ""port_operational_disruption"": 0.927476, ""port_closure"": 0.66656, ""labor_strike_disruption"": 0.023898, ""maritime_security_navigation_disruption"": 0.074525}"
4622,"[""port_operational_disruption""]","{""weather_disruption"": 0.057421, ""natural_disaster"": 0.00616, ""port_operational_disruption"": 0.96134, ""port_closure"": 0.070299, ""labor_strike_disruption"": 0.126738, ""maritime_security_navigation_disruption"": 0.015904}"
2166,"[""weather_disruption""]","{""weather_disruption"": 0.795091, ""natural_disaster"": 0.092021, ""port_operational_disruption"": 0.106476, ""port_closure"": 0.133939, ""labor_strike_disruption"": 0.017032, ""maritime_security_navigation_disruption"": 0.569097}"
2642,"[""port_operational_disruption""]","{""weather_disruption"": 0.061753, ""natural_disaster"": 0.005835, ""port_operational_disruption"": 0.94377, ""port_closure"": 0.21386, ""labor_strike_disruption"": 0.034604, ""maritime_security_navigation_disruption"": 0.12995}"
54,"[""labor_strike_disruption""]","{""weather_disruption"": 0.0301, ""natural_disaster"": 0.009893, ""port_operational_disruption"": 0.408353, ""port_closure"": 0.005635, ""labor_strike_disruption"": 0.955849, ""maritime_security_navigation_disruption"": 0.133004}"
3116,"[""labor_strike_disruption""]","{""weather_disruption"": 0.010767, ""natural_disaster"": 0.009874, ""port_operational_disruption"": 0.125151, ""port_closure"": 0.026219, ""labor_strike_disruption"": 0.988993, ""maritime_security_navigation_disruption"": 0.201987}"
2288,"[""labor_strike_disruption""]","{""weather_disruption"": 0.033271, ""natural_disaster"": 0.311528, ""port_operational_disruption"": 0.039331, ""port_closure"": 0.05647, ""labor_strike_disruption"": 0.941007, ""maritime_security_navigation_disruption"": 0.123182}"
296,"[""weather_disruption""]","{""weather_disruption"": 0.953515, ""natural_disaster"": 0.026654, ""port_operational_disruption"": 0.173736, ""port_closure"": 0.219803, ""labor_strike_disruption"": 0.121806, ""maritime_security_navigation_disruption"": 0.089424}"
1874,"[""port_operational_disruption""]","{""weather_disruption"": 0.240459, ""natural_disaster"": 0.011966, ""port_operational_disruption"": 0.942814, ""port_closure"": 0.072748, ""labor_strike_disruption"": 0.107929, ""maritime_security_navigation_disruption"": 0.118246}"
4289,"[""maritime_security_navigation_disruption""]","{""weather_disruption"": 0.071504, ""natural_disaster"": 0.007143, ""port_operational_disruption"": 0.388369, ""port_closure"": 0.199781, ""labor_strike_disruption"": 0.049582, ""maritime_security_navigation_disruption"": 0.799208}"
5767,"[""weather_disruption""]","{""weather_disruption"": 0.994704, ""natural_disaster"": 0.102375, ""port_operational_disruption"": 0.051932, ""port_closure"": 0.035613, ""labor_strike_disruption"": 0.008267, ""maritime_security_navigation_disruption"": 0.090525}"
4899,[],"{""weather_disruption"": 0.191327, ""natural_disaster"": 0.043641, ""port_operational_disruption"": 0.499922, ""port_closure"": 0.455333, ""labor_strike_disruption"": 0.26728, ""maritime_security_navigation_disruption"": 0.468312}"
3579,"[""maritime_security_navigation_disruption""]","{""weather_disruption"": 0.12599, ""natural_disaster"": 0.009047, ""port_operational_disruption"": 0.224535, ""port_closure"": 0.147459, ""labor_strike_disruption"": 0.052512, ""maritime_security_navigation_disruption"": 0.881615}"
5699,"[""weather_disruption""]","{""weather_disruption"": 0.900349, ""natural_disaster"": 0.348729, ""port_operational_disruption"": 0.052961, ""port_closure"": 0.065033, ""labor_strike_disruption"": 0.049076, ""maritime_security_navigation_disruption"": 0.08873}"
690,"[""labor_strike_disruption""]","{""weather_disruption"": 0.005591, ""natural_disaster"": 0.015115, ""port_operational_disruption"": 0.013835, ""port_closure"": 0.006978, ""labor_strike_disruption"": 0.999088, ""maritime_security_navigation_disruption"": 0.024924}"
4183,"[""weather_disruption"", ""port_operational_disruption""]","{""weather_disruption"": 0.949259, ""natural_disaster"": 0.01184, ""port_operational_disruption"": 0.896044, ""port_closure"": 0.383969, ""labor_strike_disruption"": 0.035738, ""maritime_security_navigation_disruption"": 0.080367}"
1055,"[""natural_disaster""]","{""weather_disruption"": 0.209423, ""natural_disaster"": 0.991664, ""port_operational_disruption"": 0.01328, ""port_closure"": 0.01718, ""labor_strike_disruption"": 0.021273, ""maritime_security_navigation_disruption"": 0.038398}"
2066,"[""weather_disruption"", ""port_closure""]","{""weather_disruption"": 0.892922, ""natural_disaster"": 0.031327, ""port_operational_disruption"": 0.217243, ""port_closure"": 0.966614, ""labor_strike_disruption"": 0.010259, ""maritime_security_navigation_disruption"": 0.362982}"
2757,"[""port_operational_disruption""]","{""weather_disruption"": 0.187304, ""natural_disaster"": 0.009112, ""port_operational_disruption"": 0.980563, ""port_closure"": 0.211778, ""labor_strike_disruption"": 0.01761, ""maritime_security_navigation_disruption"": 0.080246}"
4826,"[""port_operational_disruption""]","{""weather_disruption"": 0.065383, ""natural_disaster"": 0.008238, ""port_operational_disruption"": 0.966995, ""port_closure"": 0.066428, ""labor_strike_disruption"": 0.035632, ""maritime_security_navigation_disruption"": 0.090339}"
4177,"[""weather_disruption"", ""port_operational_disruption""]","{""weather_disruption"": 0.884327, ""natural_disaster"": 0.024598, ""port_operational_disruption"": 0.627658, ""port_closure"": 0.258522, ""labor_strike_disruption"": 0.008664, ""maritime_security_navigation_disruption"": 0.474142}"
3200,"[""port_operational_disruption""]","{""weather_disruption"": 0.280559, ""natural_disaster"": 0.009273, ""port_operational_disruption"": 0.941435, ""port_closure"": 0.515978, ""labor_strike_disruption"": 0.046953, ""maritime_security_navigation_disruption"": 0.03634}"
850,"[""port_operational_disruption""]","{""weather_disruption"": 0.081073, ""natural_disaster"": 0.004849, ""port_operational_disruption"": 0.98666, ""port_closure"": 0.037489, ""labor_strike_disruption"": 0.071504, ""maritime_security_navigation_disruption"": 0.074648}"
1664,"[""maritime_security_navigation_disruption""]","{""weather_disruption"": 0.35884, ""natural_disaster"": 0.018835, ""port_operational_disruption"": 0.20392, ""port_closure"": 0.214984, ""labor_strike_disruption"": 0.081546, ""maritime_security_navigation_disruption"": 0.940664}"
1634,"[""weather_disruption"", ""port_operational_disruption""]","{""weather_disruption"": 0.982572, ""natural_disaster"": 0.021301, ""port_operational_disruption"": 0.757628, ""port_closure"": 0.550858, ""labor_strike_disruption"": 0.040097, ""maritime_security_navigation_disruption"": 0.126548}"
1718,"[""weather_disruption""]","{""weather_disruption"": 0.994512, ""natural_disaster"": 0.254313, ""port_operational_disruption"": 0.012918, ""port_closure"": 0.101822, ""labor_strike_disruption"": 0.012718, ""maritime_security_navigation_disruption"": 0.134577}"
1819,"[""labor_strike_disruption""]","{""weather_disruption"": 0.037734, ""natural_disaster"": 0.026958, ""port_operational_disruption"": 0.081208, ""port_closure"": 0.02915, ""labor_strike_disruption"": 0.984984, ""maritime_security_navigation_disruption"": 0.054895}"
4561,"[""weather_disruption"", ""port_closure""]","{""weather_disruption"": 0.896965, ""natural_disaster"": 0.012927, ""port_operational_disruption"": 0.402343, ""port_closure"": 0.978598, ""labor_strike_disruption"": 0.088737, ""maritime_security_navigation_disruption"": 0.090724}"
4613,"[""weather_disruption""]","{""weather_disruption"": 0.993335, ""natural_disaster"": 0.351579, ""port_operational_disruption"": 0.086779, ""port_closure"": 0.033564, ""labor_strike_disruption"": 0.009957, ""maritime_security_navigation_disruption"": 0.030922}"
285,"[""weather_disruption"", ""port_operational_disruption""]","{""weather_disruption"": 0.663505, ""natural_disaster"": 0.025166, ""port_operational_disruption"": 0.591702, ""port_closure"": 0.026439, ""labor_strike_disruption"": 0.12819, ""maritime_security_navigation_disruption"": 0.418746}"
5183,"[""weather_disruption"", ""port_operational_disruption"", ""maritime_security_navigation_disruption""]","{""weather_disruption"": 0.676706, ""natural_disaster"": 0.008772, ""port_operational_disruption"": 0.672105, ""port_closure"": 0.533541, ""labor_strike_disruption"": 0.077096, ""maritime_security_navigation_disruption"": 0.881296}"
4491,"[""port_operational_disruption""]","{""weather_disruption"": 0.099413, ""natural_disaster"": 0.018708, ""port_operational_disruption"": 0.752075, ""port_closure"": 0.034518, ""labor_strike_disruption"": 0.083995, ""maritime_security_navigation_disruption"": 0.380779}"
4590,"[""weather_disruption"", ""maritime_security_navigation_disruption""]","{""weather_disruption"": 0.784835, ""natural_disaster"": 0.006043, ""port_operational_disruption"": 0.313178, ""port_closure"": 0.572739, ""labor_strike_disruption"": 0.036874, ""maritime_security_navigation_disruption"": 0.832966}"
2009,"[""weather_disruption""]","{""weather_disruption"": 0.976901, ""natural_disaster"": 0.03326, ""port_operational_disruption"": 0.080253, ""port_closure"": 0.174481, ""labor_strike_disruption"": 0.017221, ""maritime_security_navigation_disruption"": 0.088386}"
2580,"[""weather_disruption""]","{""weather_disruption"": 0.971966, ""natural_disaster"": 0.550138, ""port_operational_disruption"": 0.011892, ""port_closure"": 0.079041, ""labor_strike_disruption"": 0.024251, ""maritime_security_navigation_disruption"": 0.100245}"
2110,"[""weather_disruption"", ""port_closure""]","{""weather_disruption"": 0.964121, ""natural_disaster"": 0.002918, ""port_operational_disruption"": 0.319329, ""port_closure"": 0.992531, ""labor_strike_disruption"": 0.016067, ""maritime_security_navigation_disruption"": 0.329134}"
563,"[""weather_disruption"", ""port_operational_disruption""]","{""weather_disruption"": 0.989919, ""natural_disaster"": 0.005012, ""port_operational_disruption"": 0.75808, ""port_closure"": 0.743961, ""labor_strike_disruption"": 0.019987, ""maritime_security_navigation_disruption"": 0.087158}"
1351,"[""port_closure""]","{""weather_disruption"": 0.353632, ""natural_disaster"": 0.010469, ""port_operational_disruption"": 0.221017, ""port_closure"": 0.844434, ""labor_strike_disruption"": 0.062051, ""maritime_security_navigation_disruption"": 0.557733}"
4462,"[""labor_strike_disruption""]","{""weather_disruption"": 0.021962, ""natural_disaster"": 0.056627, ""port_operational_disruption"": 0.022003, ""port_closure"": 0.017824, ""labor_strike_disruption"": 0.995376, ""maritime_security_navigation_disruption"": 0.037767}"
5573,"[""natural_disaster""]","{""weather_disruption"": 0.134921, ""natural_disaster"": 0.991228, ""port_operational_disruption"": 0.014908, ""port_closure"": 0.005013, ""labor_strike_disruption"": 0.054499, ""maritime_security_navigation_disruption"": 0.142237}"
3422,"[""port_operational_disruption""]","{""weather_disruption"": 0.072596, ""natural_disaster"": 0.005903, ""port_operational_disruption"": 0.975533, ""port_closure"": 0.037104, ""labor_strike_disruption"": 0.130968, ""maritime_security_navigation_disruption"": 0.015475}"
1693,"[""labor_strike_disruption""]","{""weather_disruption"": 0.006398, ""natural_disaster"": 0.029302, ""port_operational_disruption"": 0.02967, ""port_closure"": 0.00578, ""labor_strike_disruption"": 0.992651, ""maritime_security_navigation_disruption"": 0.142275}"
4519,"[""weather_disruption"", ""port_closure""]","{""weather_disruption"": 0.842517, ""natural_disaster"": 0.080237, ""port_operational_disruption"": 0.187925, ""port_closure"": 0.943435, ""labor_strike_disruption"": 0.03579, ""maritime_security_navigation_disruption"": 0.443652}"
4540,"[""weather_disruption""]","{""weather_disruption"": 0.84374, ""natural_disaster"": 0.074456, ""port_operational_disruption"": 0.027573, ""port_closure"": 0.357547, ""labor_strike_disruption"": 0.120866, ""maritime_security_navigation_disruption"": 0.170751}"
1787,"[""weather_disruption""]","{""weather_disruption"": 0.919085, ""natural_disaster"": 0.119024, ""port_operational_disruption"": 0.203367, ""port_closure"": 0.148698, ""labor_strike_disruption"": 0.017476, ""maritime_security_navigation_disruption"": 0.418863}"
3768,"[""weather_disruption"", ""port_operational_disruption""]","{""weather_disruption"": 0.854531, ""natural_disaster"": 0.0219, ""port_operational_disruption"": 0.655212, ""port_closure"": 0.370689, ""labor_strike_disruption"": 0.052652, ""maritime_security_navigation_disruption"": 0.464287}"
991,"[""labor_strike_disruption""]","{""weather_disruption"": 0.012515, ""natural_disaster"": 0.074778, ""port_operational_disruption"": 0.168613, ""port_closure"": 0.010563, ""labor_strike_disruption"": 0.996636, ""maritime_security_navigation_disruption"": 0.025841}"
1602,"[""weather_disruption"", ""port_operational_disruption""]","{""weather_disruption"": 0.952659, ""natural_disaster"": 0.070502, ""port_operational_disruption"": 0.864851, ""port_closure"": 0.134224, ""labor_strike_disruption"": 0.047215, ""maritime_security_navigation_disruption"": 0.041736}"
1119,"[""labor_strike_disruption""]","{""weather_disruption"": 0.008582, ""natural_disaster"": 0.006587, ""port_operational_disruption"": 0.292519, ""port_closure"": 0.008011, ""labor_strike_disruption"": 0.989289, ""maritime_security_navigation_disruption"": 0.06648}"
3209,"[""port_operational_disruption""]","{""weather_disruption"": 0.092836, ""natural_disaster"": 0.004475, ""port_operational_disruption"": 0.981016, ""port_closure"": 0.064385, ""labor_strike_disruption"": 0.047369, ""maritime_security_navigation_disruption"": 0.030508}"
5032,"[""port_operational_disruption""]","{""weather_disruption"": 0.071634, ""natural_disaster"": 0.003609, ""port_operational_disruption"": 0.828743, ""port_closure"": 0.182678, ""labor_strike_disruption"": 0.10133, ""maritime_security_navigation_disruption"": 0.484852}"
890,"[""weather_disruption"", ""port_closure""]","{""weather_disruption"": 0.926919, ""natural_disaster"": 0.031713, ""port_operational_disruption"": 0.172304, ""port_closure"": 0.966374, ""labor_strike_disruption"": 0.018038, ""maritime_security_navigation_disruption"": 0.173009}"
639,"[""weather_disruption""]","{""weather_disruption"": 0.961769, ""natural_disaster"": 0.335831, ""port_operational_disruption"": 0.032317, ""port_closure"": 0.038665, ""labor_strike_disruption"": 0.009546, ""maritime_security_navigation_disruption"": 0.043328}"
2755,"[""port_operational_disruption""]","{""weather_disruption"": 0.213758, ""natural_disaster"": 0.006058, ""port_operational_disruption"": 0.979822, ""port_closure"": 0.080439, ""labor_strike_disruption"": 0.014692, ""maritime_security_navigation_disruption"": 0.043094}"
1735,"[""port_operational_disruption""]","{""weather_disruption"": 0.209957, ""natural_disaster"": 0.002899, ""port_operational_disruption"": 0.567766, ""port_closure"": 0.106035, ""labor_strike_disruption"": 0.435329, ""maritime_security_navigation_disruption"": 0.423367}"
5077,"[""port_operational_disruption"", ""maritime_security_navigation_disruption""]","{""weather_disruption"": 0.004761, ""natural_disaster"": 0.008404, ""port_operational_disruption"": 0.855454, ""port_closure"": 0.020818, ""labor_strike_disruption"": 0.232229, ""maritime_security_navigation_disruption"": 0.720093}"
3574,"[""maritime_security_navigation_disruption""]","{""weather_disruption"": 0.297711, ""natural_disaster"": 0.006941, ""port_operational_disruption"": 0.2338, ""port_closure"": 0.108824, ""labor_strike_disruption"": 0.030547, ""maritime_security_navigation_disruption"": 0.976707}"
774,[],"{""weather_disruption"": 0.330413, ""natural_disaster"": 0.149676, ""port_operational_disruption"": 0.338996, ""port_closure"": 0.016536, ""labor_strike_disruption"": 0.05985, ""maritime_security_navigation_disruption"": 0.397387}"
2289,"[""weather_disruption""]","{""weather_disruption"": 0.982254, ""natural_disaster"": 0.142835, ""port_operational_disruption"": 0.078291, ""port_closure"": 0.112169, ""labor_strike_disruption"": 0.061499, ""maritime_security_navigation_disruption"": 0.016956}"
4200,"[""weather_disruption"", ""port_operational_disruption""]","{""weather_disruption"": 0.976104, ""natural_disaster"": 0.00817, ""port_operational_disruption"": 0.886372, ""port_closure"": 0.729005, ""labor_strike_disruption"": 0.004428, ""maritime_security_navigation_disruption"": 0.068874}"
4573,"[""maritime_security_navigation_disruption""]","{""weather_disruption"": 0.295165, ""natural_disaster"": 0.01357, ""port_operational_disruption"": 0.213503, ""port_closure"": 0.243785, ""labor_strike_disruption"": 0.034027, ""maritime_security_navigation_disruption"": 0.943537}"
1320,"[""labor_strike_disruption""]","{""weather_disruption"": 0.009313, ""natural_disaster"": 0.01194, ""port_operational_disruption"": 0.3059, ""port_closure"": 0.064145, ""labor_strike_disruption"": 0.987381, ""maritime_security_navigation_disruption"": 0.212014}"
1200,"[""port_operational_disruption""]","{""weather_disruption"": 0.241844, ""natural_disaster"": 0.006505, ""port_operational_disruption"": 0.948131, ""port_closure"": 0.1796, ""labor_strike_disruption"": 0.015738, ""maritime_security_navigation_disruption"": 0.087138}"
4860,"[""labor_strike_disruption""]","{""weather_disruption"": 0.031119, ""natural_disaster"": 0.065664, ""port_operational_disruption"": 0.027237, ""port_closure"": 0.037773, ""labor_strike_disruption"": 0.994465, ""maritime_security_navigation_disruption"": 0.073814}"
2852,"[""weather_disruption"", ""port_operational_disruption"", ""port_closure""]","{""weather_disruption"": 0.954079, ""natural_disaster"": 0.003871, ""port_operational_disruption"": 0.850261, ""port_closure"": 0.794676, ""labor_strike_disruption"": 0.027635, ""maritime_security_navigation_disruption"": 0.062771}"
3446,"[""port_operational_disruption""]","{""weather_disruption"": 0.047739, ""natural_disaster"": 0.00467, ""port_operational_disruption"": 0.797134, ""port_closure"": 0.119149, ""labor_strike_disruption"": 0.249656, ""maritime_security_navigation_disruption"": 0.599235}"
1399,"[""port_operational_disruption""]","{""weather_disruption"": 0.309753, ""natural_disaster"": 0.021581, ""port_operational_disruption"": 0.982716, ""port_closure"": 0.042855, ""labor_strike_disruption"": 0.011707, ""maritime_security_navigation_disruption"": 0.033777}"
3211,"[""port_operational_disruption""]","{""weather_disruption"": 0.059664, ""natural_disaster"": 0.008134, ""port_operational_disruption"": 0.944275, ""port_closure"": 0.038031, ""labor_strike_disruption"": 0.018241, ""maritime_security_navigation_disruption"": 0.09905}"
3069,"[""weather_disruption""]","{""weather_disruption"": 0.924799, ""natural_disaster"": 0.039349, ""port_operational_disruption"": 0.119689, ""port_closure"": 0.206108, ""labor_strike_disruption"": 0.089016, ""maritime_security_navigation_disruption"": 0.335292}"
1165,"[""port_operational_disruption""]","{""weather_disruption"": 0.143552, ""natural_disaster"": 0.017434, ""port_operational_disruption"": 0.960103, ""port_closure"": 0.080641, ""labor_strike_disruption"": 0.019719, ""maritime_security_navigation_disruption"": 0.039392}"
2788,"[""port_operational_disruption""]","{""weather_disruption"": 0.442978, ""natural_disaster"": 0.008801, ""port_operational_disruption"": 0.985487, ""port_closure"": 0.335027, ""labor_strike_disruption"": 0.014972, ""maritime_security_navigation_disruption"": 0.027522}"
997,"[""labor_strike_disruption""]","{""weather_disruption"": 0.018753, ""natural_disaster"": 0.026509, ""port_operational_disruption"": 0.157187, ""port_closure"": 0.008661, ""labor_strike_disruption"": 0.983308, ""maritime_security_navigation_disruption"": 0.107701}"
2035,"[""weather_disruption"", ""port_closure""]","{""weather_disruption"": 0.966972, ""natural_disaster"": 0.019652, ""port_operational_disruption"": 0.346358, ""port_closure"": 0.887023, ""labor_strike_disruption"": 0.019227, ""maritime_security_navigation_disruption"": 0.478804}"
4253,"[""port_operational_disruption"", ""maritime_security_navigation_disruption""]","{""weather_disruption"": 0.015209, ""natural_disaster"": 0.030488, ""port_operational_disruption"": 0.733708, ""port_closure"": 0.020541, ""labor_strike_disruption"": 0.085923, ""maritime_security_navigation_disruption"": 0.811468}"
1941,"[""weather_disruption"", ""port_operational_disruption"", ""port_closure""]","{""weather_disruption"": 0.952922, ""natural_disaster"": 0.001388, ""port_operational_disruption"": 0.940121, ""port_closure"": 0.772016, ""labor_strike_disruption"": 0.030204, ""maritime_security_navigation_disruption"": 0.086135}"
326,[],"{""weather_disruption"": 0.348109, ""natural_disaster"": 0.109493, ""port_operational_disruption"": 0.139379, ""port_closure"": 0.08206, ""labor_strike_disruption"": 0.363037, ""maritime_security_navigation_disruption"": 0.280798}"
5693,"[""weather_disruption""]","{""weather_disruption"": 0.892032, ""natural_disaster"": 0.093039, ""port_operational_disruption"": 0.111956, ""port_closure"": 0.035844, ""labor_strike_disruption"": 0.047284, ""maritime_security_navigation_disruption"": 0.085948}"
1552,"[""labor_strike_disruption""]","{""weather_disruption"": 0.07526, ""natural_disaster"": 0.047076, ""port_operational_disruption"": 0.334954, ""port_closure"": 0.051066, ""labor_strike_disruption"": 0.665132, ""maritime_security_navigation_disruption"": 0.159389}"
4834,"[""weather_disruption""]","{""weather_disruption"": 0.985591, ""natural_disaster"": 0.019593, ""port_operational_disruption"": 0.509563, ""port_closure"": 0.067849, ""labor_strike_disruption"": 0.015613, ""maritime_security_navigation_disruption"": 0.036666}"
2593,"[""natural_disaster""]","{""weather_disruption"": 0.245766, ""natural_disaster"": 0.971613, ""port_operational_disruption"": 0.093105, ""port_closure"": 0.010994, ""labor_strike_disruption"": 0.0428, ""maritime_security_navigation_disruption"": 0.023174}"
5386,"[""labor_strike_disruption""]","{""weather_disruption"": 0.052005, ""natural_disaster"": 0.101484, ""port_operational_disruption"": 0.109531, ""port_closure"": 0.001545, ""labor_strike_disruption"": 0.98705, ""maritime_security_navigation_disruption"": 0.009092}"
4922,"[""labor_strike_disruption""]","{""weather_disruption"": 0.014496, ""natural_disaster"": 0.03245, ""port_operational_disruption"": 0.061384, ""port_closure"": 0.042674, ""labor_strike_disruption"": 0.990742, ""maritime_security_navigation_disruption"": 0.287722}"
3998,"[""weather_disruption"", ""port_operational_disruption"", ""maritime_security_navigation_disruption""]","{""weather_disruption"": 0.924944, ""natural_disaster"": 0.014783, ""port_operational_disruption"": 0.616867, ""port_closure"": 0.381628, ""labor_strike_disruption"": 0.007601, ""maritime_security_navigation_disruption"": 0.704981}"
3423,"[""port_operational_disruption""]","{""weather_disruption"": 0.092312, ""natural_disaster"": 0.008204, ""port_operational_disruption"": 0.869869, ""port_closure"": 0.2097, ""labor_strike_disruption"": 0.104408, ""maritime_security_navigation_disruption"": 0.222951}"
3993,"[""weather_disruption"", ""port_operational_disruption"", ""port_closure""]","{""weather_disruption"": 0.768151, ""natural_disaster"": 0.128698, ""port_operational_disruption"": 0.615502, ""port_closure"": 0.754579, ""labor_strike_disruption"": 0.016865, ""maritime_security_navigation_disruption"": 0.372636}"
1014,"[""port_operational_disruption""]","{""weather_disruption"": 0.111383, ""natural_disaster"": 0.03914, ""port_operational_disruption"": 0.690926, ""port_closure"": 0.107714, ""labor_strike_disruption"": 0.040089, ""maritime_security_navigation_disruption"": 0.630938}"
4376,"[""natural_disaster""]","{""weather_disruption"": 0.136549, ""natural_disaster"": 0.975111, ""port_operational_disruption"": 0.044102, ""port_closure"": 0.002134, ""labor_strike_disruption"": 0.156368, ""maritime_security_navigation_disruption"": 0.062116}"
1681,"[""maritime_security_navigation_disruption""]","{""weather_disruption"": 0.057677, ""natural_disaster"": 0.041052, ""port_operational_disruption"": 0.197078, ""port_closure"": 0.047256, ""labor_strike_disruption"": 0.147961, ""maritime_security_navigation_disruption"": 0.887842}"
4502,"[""weather_disruption"", ""port_operational_disruption""]","{""weather_disruption"": 0.893266, ""natural_disaster"": 0.009294, ""port_operational_disruption"": 0.577457, ""port_closure"": 0.468388, ""labor_strike_disruption"": 0.023454, ""maritime_security_navigation_disruption"": 0.361331}"
2280,"[""weather_disruption""]","{""weather_disruption"": 0.573442, ""natural_disaster"": 0.042562, ""port_operational_disruption"": 0.438011, ""port_closure"": 0.316742, ""labor_strike_disruption"": 0.420425, ""maritime_security_navigation_disruption"": 0.256546}"
150,"[""weather_disruption""]","{""weather_disruption"": 0.935626, ""natural_disaster"": 0.476174, ""port_operational_disruption"": 0.044729, ""port_closure"": 0.06272, ""labor_strike_disruption"": 0.011439, ""maritime_security_navigation_disruption"": 0.088998}"
1147,"[""labor_strike_disruption""]","{""weather_disruption"": 0.023486, ""natural_disaster"": 0.027505, ""port_operational_disruption"": 0.07324, ""port_closure"": 0.003264, ""labor_strike_disruption"": 0.986778, ""maritime_security_navigation_disruption"": 0.048337}"
1710,"[""port_operational_disruption""]","{""weather_disruption"": 0.374225, ""natural_disaster"": 0.009214, ""port_operational_disruption"": 0.81165, ""port_closure"": 0.394886, ""labor_strike_disruption"": 0.148148, ""maritime_security_navigation_disruption"": 0.227238}"
3228,"[""port_operational_disruption""]","{""weather_disruption"": 0.256454, ""natural_disaster"": 0.014401, ""port_operational_disruption"": 0.908964, ""port_closure"": 0.094456, ""labor_strike_disruption"": 0.019004, ""maritime_security_navigation_disruption"": 0.039776}"
4555,"[""labor_strike_disruption""]","{""weather_disruption"": 0.011053, ""natural_disaster"": 0.013866, ""port_operational_disruption"": 0.033211, ""port_closure"": 0.045777, ""labor_strike_disruption"": 0.997096, ""maritime_security_navigation_disruption"": 0.130577}"
2093,"[""weather_disruption"", ""port_closure""]","{""weather_disruption"": 0.902698, ""natural_disaster"": 0.006556, ""port_operational_disruption"": 0.534356, ""port_closure"": 0.981443, ""labor_strike_disruption"": 0.016327, ""maritime_security_navigation_disruption"": 0.173701}"
3847,"[""maritime_security_navigation_disruption""]","{""weather_disruption"": 0.169211, ""natural_disaster"": 0.017719, ""port_operational_disruption"": 0.267392, ""port_closure"": 0.063658, ""labor_strike_disruption"": 0.038107, ""maritime_security_navigation_disruption"": 0.966383}"
2526,"[""labor_strike_disruption""]","{""weather_disruption"": 0.004594, ""natural_disaster"": 0.023992, ""port_operational_disruption"": 0.084221, ""port_closure"": 0.005153, ""labor_strike_disruption"": 0.998347, ""maritime_security_navigation_disruption"": 0.027434}"
4619,"[""port_operational_disruption""]","{""weather_disruption"": 0.0547, ""natural_disaster"": 0.016501, ""port_operational_disruption"": 0.76529, ""port_closure"": 0.043534, ""labor_strike_disruption"": 0.33489, ""maritime_security_navigation_disruption"": 0.483995}"
5725,"[""port_operational_disruption"", ""labor_strike_disruption""]","{""weather_disruption"": 0.028262, ""natural_disaster"": 0.004548, ""port_operational_disruption"": 0.960949, ""port_closure"": 0.041851, ""labor_strike_disruption"": 0.585565, ""maritime_security_navigation_disruption"": 0.187765}"
5464,"[""weather_disruption"", ""port_operational_disruption""]","{""weather_disruption"": 0.965002, ""natural_disaster"": 0.008826, ""port_operational_disruption"": 0.787864, ""port_closure"": 0.547774, ""labor_strike_disruption"": 0.062301, ""maritime_security_navigation_disruption"": 0.115901}"
2630,"[""labor_strike_disruption""]","{""weather_disruption"": 0.010121, ""natural_disaster"": 0.013551, ""port_operational_disruption"": 0.03729, ""port_closure"": 0.010327, ""labor_strike_disruption"": 0.998637, ""maritime_security_navigation_disruption"": 0.007889}"
4485,"[""weather_disruption"", ""port_closure""]","{""weather_disruption"": 0.925049, ""natural_disaster"": 0.008295, ""port_operational_disruption"": 0.522248, ""port_closure"": 0.967563, ""labor_strike_disruption"": 0.053713, ""maritime_security_navigation_disruption"": 0.07997}"
523,"[""maritime_security_navigation_disruption""]","{""weather_disruption"": 0.064567, ""natural_disaster"": 0.006308, ""port_operational_disruption"": 0.516153, ""port_closure"": 0.041236, ""labor_strike_disruption"": 0.106679, ""maritime_security_navigation_disruption"": 0.817574}"
3591,"[""maritime_security_navigation_disruption""]","{""weather_disruption"": 0.229545, ""natural_disaster"": 0.018035, ""port_operational_disruption"": 0.135352, ""port_closure"": 0.090249, ""labor_strike_disruption"": 0.071123, ""maritime_security_navigation_disruption"": 0.898741}"
3798,"[""weather_disruption"", ""port_operational_disruption"", ""port_closure""]","{""weather_disruption"": 0.591228, ""natural_disaster"": 0.008706, ""port_operational_disruption"": 0.63048, ""port_closure"": 0.812541, ""labor_strike_disruption"": 0.010733, ""maritime_security_navigation_disruption"": 0.505467}"
493,"[""weather_disruption"", ""port_operational_disruption""]","{""weather_disruption"": 0.891241, ""natural_disaster"": 0.025762, ""port_operational_disruption"": 0.683508, ""port_closure"": 0.611602, ""labor_strike_disruption"": 0.012387, ""maritime_security_navigation_disruption"": 0.090052}"
4896,"[""port_operational_disruption""]","{""weather_disruption"": 0.084898, ""natural_disaster"": 0.005712, ""port_operational_disruption"": 0.938842, ""port_closure"": 0.159905, ""labor_strike_disruption"": 0.055275, ""maritime_security_navigation_disruption"": 0.039015}"
3627,"[""weather_disruption"", ""port_operational_disruption"", ""port_closure""]","{""weather_disruption"": 0.99225, ""natural_disaster"": 0.006832, ""port_operational_disruption"": 0.572642, ""port_closure"": 0.894815, ""labor_strike_disruption"": 0.002521, ""maritime_security_navigation_disruption"": 0.260949}"
4635,"[""weather_disruption"", ""port_operational_disruption""]","{""weather_disruption"": 0.991637, ""natural_disaster"": 0.01027, ""port_operational_disruption"": 0.854047, ""port_closure"": 0.603516, ""labor_strike_disruption"": 0.004451, ""maritime_security_navigation_disruption"": 0.037635}"
4750,"[""labor_strike_disruption""]","{""weather_disruption"": 0.020637, ""natural_disaster"": 0.015688, ""port_operational_disruption"": 0.073943, ""port_closure"": 0.227227, ""labor_strike_disruption"": 0.988739, ""maritime_security_navigation_disruption"": 0.15684}"
93,"[""labor_strike_disruption""]","{""weather_disruption"": 0.005542, ""natural_disaster"": 0.033074, ""port_operational_disruption"": 0.020142, ""port_closure"": 0.00848, ""labor_strike_disruption"": 0.998201, ""maritime_security_navigation_disruption"": 0.026652}"
1953,"[""weather_disruption""]","{""weather_disruption"": 0.934256, ""natural_disaster"": 0.070862, ""port_operational_disruption"": 0.086699, ""port_closure"": 0.274155, ""labor_strike_disruption"": 0.033235, ""maritime_security_navigation_disruption"": 0.327922}"
284,"[""weather_disruption"", ""port_operational_disruption""]","{""weather_disruption"": 0.986816, ""natural_disaster"": 0.019547, ""port_operational_disruption"": 0.719631, ""port_closure"": 0.339076, ""labor_strike_disruption"": 0.014006, ""maritime_security_navigation_disruption"": 0.077429}"
3053,"[""port_operational_disruption""]","{""weather_disruption"": 0.055999, ""natural_disaster"": 0.003495, ""port_operational_disruption"": 0.967099, ""port_closure"": 0.109382, ""labor_strike_disruption"": 0.031782, ""maritime_security_navigation_disruption"": 0.190643}"
1124,"[""labor_strike_disruption""]","{""weather_disruption"": 0.267524, ""natural_disaster"": 0.013875, ""port_operational_disruption"": 0.044249, ""port_closure"": 0.004996, ""labor_strike_disruption"": 0.964705, ""maritime_security_navigation_disruption"": 0.015042}"
4032,"[""port_operational_disruption""]","{""weather_disruption"": 0.330919, ""natural_disaster"": 0.012533, ""port_operational_disruption"": 0.869029, ""port_closure"": 0.280671, ""labor_strike_disruption"": 0.103069, ""maritime_security_navigation_disruption"": 0.056705}"
705,"[""port_operational_disruption""]","{""weather_disruption"": 0.260169, ""natural_disaster"": 0.052037, ""port_operational_disruption"": 0.588241, ""port_closure"": 0.033965, ""labor_strike_disruption"": 0.149606, ""maritime_security_navigation_disruption"": 0.411964}"
2047,"[""port_operational_disruption""]","{""weather_disruption"": 0.075346, ""natural_disaster"": 0.005829, ""port_operational_disruption"": 0.985609, ""port_closure"": 0.088725, ""labor_strike_disruption"": 0.019746, ""maritime_security_navigation_disruption"": 0.046666}"
1430,"[""weather_disruption"", ""port_operational_disruption""]","{""weather_disruption"": 0.630608, ""natural_disaster"": 0.001867, ""port_operational_disruption"": 0.817032, ""port_closure"": 0.211018, ""labor_strike_disruption"": 0.03356, ""maritime_security_navigation_disruption"": 0.521069}"
4220,"[""weather_disruption"", ""port_operational_disruption""]","{""weather_disruption"": 0.979636, ""natural_disaster"": 0.009709, ""port_operational_disruption"": 0.772855, ""port_closure"": 0.542379, ""labor_strike_disruption"": 0.028067, ""maritime_security_navigation_disruption"": 0.141654}"
4629,"[""weather_disruption""]","{""weather_disruption"": 0.993138, ""natural_disaster"": 0.101407, ""port_operational_disruption"": 0.104443, ""port_closure"": 0.045676, ""labor_strike_disruption"": 0.046096, ""maritime_security_navigation_disruption"": 0.051364}"
1952,"[""port_operational_disruption""]","{""weather_disruption"": 0.284063, ""natural_disaster"": 0.141353, ""port_operational_disruption"": 0.717803, ""port_closure"": 0.069895, ""labor_strike_disruption"": 0.025713, ""maritime_security_navigation_disruption"": 0.592645}"
4155,"[""weather_disruption"", ""port_operational_disruption""]","{""weather_disruption"": 0.986016, ""natural_disaster"": 0.007747, ""port_operational_disruption"": 0.686415, ""port_closure"": 0.726845, ""labor_strike_disruption"": 0.040314, ""maritime_security_navigation_disruption"": 0.069982}"
3150,"[""weather_disruption"", ""port_operational_disruption""]","{""weather_disruption"": 0.977519, ""natural_disaster"": 0.060395, ""port_operational_disruption"": 0.673502, ""port_closure"": 0.101943, ""labor_strike_disruption"": 0.126367, ""maritime_security_navigation_disruption"": 0.025391}"
121,"[""labor_strike_disruption""]","{""weather_disruption"": 0.028884, ""natural_disaster"": 0.081455, ""port_operational_disruption"": 0.136485, ""port_closure"": 0.009281, ""labor_strike_disruption"": 0.966797, ""maritime_security_navigation_disruption"": 0.039423}"
2530,"[""weather_disruption""]","{""weather_disruption"": 0.770893, ""natural_disaster"": 0.017941, ""port_operational_disruption"": 0.077257, ""port_closure"": 0.02949, ""labor_strike_disruption"": 0.191627, ""maritime_security_navigation_disruption"": 0.07565}"
371,[],"{""weather_disruption"": 0.412948, ""natural_disaster"": 0.099269, ""port_operational_disruption"": 0.332849, ""port_closure"": 0.231181, ""labor_strike_disruption"": 0.207663, ""maritime_security_navigation_disruption"": 0.11974}"
4116,"[""weather_disruption""]","{""weather_disruption"": 0.990618, ""natural_disaster"": 0.079835, ""port_operational_disruption"": 0.076147, ""port_closure"": 0.037898, ""labor_strike_disruption"": 0.034222, ""maritime_security_navigation_disruption"": 0.026635}"
682,"[""weather_disruption""]","{""weather_disruption"": 0.739521, ""natural_disaster"": 0.010649, ""port_operational_disruption"": 0.340324, ""port_closure"": 0.176201, ""labor_strike_disruption"": 0.050698, ""maritime_security_navigation_disruption"": 0.560512}"
2921,"[""labor_strike_disruption""]","{""weather_disruption"": 0.005894, ""natural_disaster"": 0.040521, ""port_operational_disruption"": 0.06457, ""port_closure"": 0.012889, ""labor_strike_disruption"": 0.998914, ""maritime_security_navigation_disruption"": 0.026207}"
1962,"[""labor_strike_disruption""]","{""weather_disruption"": 0.004076, ""natural_disaster"": 0.017275, ""port_operational_disruption"": 0.107859, ""port_closure"": 0.005553, ""labor_strike_disruption"": 0.985557, ""maritime_security_navigation_disruption"": 0.392969}"
361,"[""labor_strike_disruption""]","{""weather_disruption"": 0.029678, ""natural_disaster"": 0.036185, ""port_operational_disruption"": 0.031313, ""port_closure"": 0.006782, ""labor_strike_disruption"": 0.987032, ""maritime_security_navigation_disruption"": 0.043643}"
1013,"[""natural_disaster""]","{""weather_disruption"": 0.154163, ""natural_disaster"": 0.984821, ""port_operational_disruption"": 0.013089, ""port_closure"": 0.013835, ""labor_strike_disruption"": 0.128886, ""maritime_security_navigation_disruption"": 0.042772}"
490,"[""weather_disruption"", ""port_closure""]","{""weather_disruption"": 0.707219, ""natural_disaster"": 0.004528, ""port_operational_disruption"": 0.433623, ""port_closure"": 0.943963, ""labor_strike_disruption"": 0.036473, ""maritime_security_navigation_disruption"": 0.221841}"
3233,"[""port_operational_disruption""]","{""weather_disruption"": 0.090007, ""natural_disaster"": 0.007664, ""port_operational_disruption"": 0.951318, ""port_closure"": 0.080647, ""labor_strike_disruption"": 0.053423, ""maritime_security_navigation_disruption"": 0.025531}"
509,"[""weather_disruption""]","{""weather_disruption"": 0.965982, ""natural_disaster"": 0.131223, ""port_operational_disruption"": 0.081854, ""port_closure"": 0.203949, ""labor_strike_disruption"": 0.113919, ""maritime_security_navigation_disruption"": 0.089961}"
4538,"[""labor_strike_disruption""]","{""weather_disruption"": 0.058765, ""natural_disaster"": 0.033087, ""port_operational_disruption"": 0.223459, ""port_closure"": 0.056069, ""labor_strike_disruption"": 0.922909, ""maritime_security_navigation_disruption"": 0.075373}"
4330,"[""labor_strike_disruption""]","{""weather_disruption"": 0.007047, ""natural_disaster"": 0.052078, ""port_operational_disruption"": 0.217819, ""port_closure"": 0.008874, ""labor_strike_disruption"": 0.949524, ""maritime_security_navigation_disruption"": 0.05811}"
1042,"[""natural_disaster""]","{""weather_disruption"": 0.167016, ""natural_disaster"": 0.977532, ""port_operational_disruption"": 0.012197, ""port_closure"": 0.009252, ""labor_strike_disruption"": 0.118852, ""maritime_security_navigation_disruption"": 0.03005}"
5369,"[""port_operational_disruption""]","{""weather_disruption"": 0.30186, ""natural_disaster"": 0.009882, ""port_operational_disruption"": 0.845105, ""port_closure"": 0.431583, ""labor_strike_disruption"": 0.039571, ""maritime_security_navigation_disruption"": 0.463795}"
567,"[""weather_disruption"", ""port_closure""]","{""weather_disruption"": 0.964943, ""natural_disaster"": 0.00559, ""port_operational_disruption"": 0.513848, ""port_closure"": 0.942643, ""labor_strike_disruption"": 0.013981, ""maritime_security_navigation_disruption"": 0.177128}"
579,"[""labor_strike_disruption""]","{""weather_disruption"": 0.010457, ""natural_disaster"": 0.045771, ""port_operational_disruption"": 0.023059, ""port_closure"": 0.007753, ""labor_strike_disruption"": 0.99497, ""maritime_security_navigation_disruption"": 0.094002}"
556,"[""weather_disruption"", ""port_operational_disruption""]","{""weather_disruption"": 0.992349, ""natural_disaster"": 0.014292, ""port_operational_disruption"": 0.802068, ""port_closure"": 0.62541, ""labor_strike_disruption"": 0.003671, ""maritime_security_navigation_disruption"": 0.084869}"
4794,"[""weather_disruption""]","{""weather_disruption"": 0.972913, ""natural_disaster"": 0.120054, ""port_operational_disruption"": 0.18304, ""port_closure"": 0.01742, ""labor_strike_disruption"": 0.022779, ""maritime_security_navigation_disruption"": 0.047244}"
1133,"[""labor_strike_disruption""]","{""weather_disruption"": 0.010159, ""natural_disaster"": 0.002866, ""port_operational_disruption"": 0.279629, ""port_closure"": 0.159783, ""labor_strike_disruption"": 0.992426, ""maritime_security_navigation_disruption"": 0.175837}"
2040,"[""weather_disruption""]","{""weather_disruption"": 0.953525, ""natural_disaster"": 0.103676, ""port_operational_disruption"": 0.117499, ""port_closure"": 0.351313, ""labor_strike_disruption"": 0.062648, ""maritime_security_navigation_disruption"": 0.052744}"
4879,"[""port_operational_disruption""]","{""weather_disruption"": 0.094736, ""natural_disaster"": 0.005602, ""port_operational_disruption"": 0.982437, ""port_closure"": 0.063541, ""labor_strike_disruption"": 0.033358, ""maritime_security_navigation_disruption"": 0.114248}"
2667,"[""weather_disruption"", ""port_operational_disruption"", ""port_closure""]","{""weather_disruption"": 0.931551, ""natural_disaster"": 0.004565, ""port_operational_disruption"": 0.60253, ""port_closure"": 0.868747, ""labor_strike_disruption"": 0.054657, ""maritime_security_navigation_disruption"": 0.161067}"
4488,"[""port_operational_disruption""]","{""weather_disruption"": 0.245903, ""natural_disaster"": 0.007878, ""port_operational_disruption"": 0.788862, ""port_closure"": 0.227107, ""labor_strike_disruption"": 0.030832, ""maritime_security_navigation_disruption"": 0.586386}"
207,"[""weather_disruption"", ""port_closure""]","{""weather_disruption"": 0.967444, ""natural_disaster"": 0.010139, ""port_operational_disruption"": 0.329978, ""port_closure"": 0.963707, ""labor_strike_disruption"": 0.028057, ""maritime_security_navigation_disruption"": 0.175173}"
1882,"[""labor_strike_disruption""]","{""weather_disruption"": 0.031772, ""natural_disaster"": 0.014724, ""port_operational_disruption"": 0.034984, ""port_closure"": 0.042838, ""labor_strike_disruption"": 0.997446, ""maritime_security_navigation_disruption"": 0.056554}"
1069,"[""port_operational_disruption"", ""maritime_security_navigation_disruption""]","{""weather_disruption"": 0.010831, ""natural_disaster"": 0.012519, ""port_operational_disruption"": 0.622193, ""port_closure"": 0.012538, ""labor_strike_disruption"": 0.406087, ""maritime_security_navigation_disruption"": 0.750707}"
1660,"[""weather_disruption""]","{""weather_disruption"": 0.993413, ""natural_disaster"": 0.287671, ""port_operational_disruption"": 0.019915, ""port_closure"": 0.251889, ""labor_strike_disruption"": 0.047945, ""maritime_security_navigation_disruption"": 0.226487}"
4665,"[""weather_disruption""]","{""weather_disruption"": 0.942649, ""natural_disaster"": 0.179219, ""port_operational_disruption"": 0.020941, ""port_closure"": 0.051219, ""labor_strike_disruption"": 0.035086, ""maritime_security_navigation_disruption"": 0.155917}"
5540,"[""weather_disruption""]","{""weather_disruption"": 0.984682, ""natural_disaster"": 0.090167, ""port_operational_disruption"": 0.107474, ""port_closure"": 0.049594, ""labor_strike_disruption"": 0.024245, ""maritime_security_navigation_disruption"": 0.117019}"
1092,"[""labor_strike_disruption""]","{""weather_disruption"": 0.009356, ""natural_disaster"": 0.004138, ""port_operational_disruption"": 0.426116, ""port_closure"": 0.067845, ""labor_strike_disruption"": 0.968418, ""maritime_security_navigation_disruption"": 0.128447}"
2911,"[""weather_disruption"", ""port_operational_disruption"", ""port_closure""]","{""weather_disruption"": 0.922097, ""natural_disaster"": 0.008091, ""port_operational_disruption"": 0.737437, ""port_closure"": 0.848343, ""labor_strike_disruption"": 0.006329, ""maritime_security_navigation_disruption"": 0.10834}"
1829,"[""labor_strike_disruption""]","{""weather_disruption"": 0.002745, ""natural_disaster"": 0.067086, ""port_operational_disruption"": 0.013119, ""port_closure"": 0.005106, ""labor_strike_disruption"": 0.987932, ""maritime_security_navigation_disruption"": 0.259577}"
3194,"[""port_operational_disruption""]","{""weather_disruption"": 0.106589, ""natural_disaster"": 0.00499, ""port_operational_disruption"": 0.959293, ""port_closure"": 0.153029, ""labor_strike_disruption"": 0.026629, ""maritime_security_navigation_disruption"": 0.023935}"
1174,"[""port_operational_disruption""]","{""weather_disruption"": 0.076375, ""natural_disaster"": 0.00543, ""port_operational_disruption"": 0.986964, ""port_closure"": 0.069536, ""labor_strike_disruption"": 0.025916, ""maritime_security_navigation_disruption"": 0.012481}"
3677,"[""weather_disruption""]","{""weather_disruption"": 0.98475, ""natural_disaster"": 0.207985, ""port_operational_disruption"": 0.033083, ""port_closure"": 0.029262, ""labor_strike_disruption"": 0.059162, ""maritime_security_navigation_disruption"": 0.068337}"
2148,"[""weather_disruption"", ""port_operational_disruption""]","{""weather_disruption"": 0.970017, ""natural_disaster"": 0.009461, ""port_operational_disruption"": 0.880479, ""port_closure"": 0.386591, ""labor_strike_disruption"": 0.045863, ""maritime_security_navigation_disruption"": 0.033163}"
2923,"[""labor_strike_disruption""]","{""weather_disruption"": 0.021104, ""natural_disaster"": 0.014248, ""port_operational_disruption"": 0.19919, ""port_closure"": 0.003769, ""labor_strike_disruption"": 0.964887, ""maritime_security_navigation_disruption"": 0.047687}"
62,"[""labor_strike_disruption""]","{""weather_disruption"": 0.012049, ""natural_disaster"": 0.047858, ""port_operational_disruption"": 0.099177, ""port_closure"": 0.005649, ""labor_strike_disruption"": 0.991999, ""maritime_security_navigation_disruption"": 0.074509}"
4796,"[""port_operational_disruption""]","{""weather_disruption"": 0.155553, ""natural_disaster"": 0.005631, ""port_operational_disruption"": 0.954323, ""port_closure"": 0.179066, ""labor_strike_disruption"": 0.051503, ""maritime_security_navigation_disruption"": 0.040507}"
593,"[""weather_disruption""]","{""weather_disruption"": 0.978979, ""natural_disaster"": 0.177984, ""port_operational_disruption"": 0.067807, ""port_closure"": 0.010496, ""labor_strike_disruption"": 0.01093, ""maritime_security_navigation_disruption"": 0.075435}"
4255,"[""maritime_security_navigation_disruption""]","{""weather_disruption"": 0.050674, ""natural_disaster"": 0.014852, ""port_operational_disruption"": 0.087625, ""port_closure"": 0.100627, ""labor_strike_disruption"": 0.039923, ""maritime_security_navigation_disruption"": 0.96769}"
3928,"[""port_operational_disruption""]","{""weather_disruption"": 0.212199, ""natural_disaster"": 0.009615, ""port_operational_disruption"": 0.956904, ""port_closure"": 0.097774, ""labor_strike_disruption"": 0.054586, ""maritime_security_navigation_disruption"": 0.106841}"
5273,"[""labor_strike_disruption""]","{""weather_disruption"": 0.024258, ""natural_disaster"": 0.095099, ""port_operational_disruption"": 0.271098, ""port_closure"": 0.023459, ""labor_strike_disruption"": 0.765588, ""maritime_security_navigation_disruption"": 0.497415}"
3167,"[""port_operational_disruption""]","{""weather_disruption"": 0.037712, ""natural_disaster"": 0.007208, ""port_operational_disruption"": 0.904224, ""port_closure"": 0.051138, ""labor_strike_disruption"": 0.324412, ""maritime_security_navigation_disruption"": 0.233468}"
2716,"[""labor_strike_disruption""]","{""weather_disruption"": 0.014599, ""natural_disaster"": 0.018451, ""port_operational_disruption"": 0.10978, ""port_closure"": 0.065113, ""labor_strike_disruption"": 0.995969, ""maritime_security_navigation_disruption"": 0.052673}"
5161,"[""maritime_security_navigation_disruption""]","{""weather_disruption"": 0.141622, ""natural_disaster"": 0.017211, ""port_operational_disruption"": 0.124452, ""port_closure"": 0.070848, ""labor_strike_disruption"": 0.049849, ""maritime_security_navigation_disruption"": 0.950206}"
5690,"[""port_operational_disruption""]","{""weather_disruption"": 0.084846, ""natural_disaster"": 0.007147, ""port_operational_disruption"": 0.975789, ""port_closure"": 0.078967, ""labor_strike_disruption"": 0.166324, ""maritime_security_navigation_disruption"": 0.083433}"
2519,"[""labor_strike_disruption""]","{""weather_disruption"": 0.066421, ""natural_disaster"": 0.033531, ""port_operational_disruption"": 0.347226, ""port_closure"": 0.028975, ""labor_strike_disruption"": 0.672262, ""maritime_security_navigation_disruption"": 0.112839}"
1561,"[""weather_disruption""]","{""weather_disruption"": 0.8544, ""natural_disaster"": 0.109691, ""port_operational_disruption"": 0.024, ""port_closure"": 0.219295, ""labor_strike_disruption"": 0.039157, ""maritime_security_navigation_disruption"": 0.131031}"
381,"[""labor_strike_disruption""]","{""weather_disruption"": 0.003822, ""natural_disaster"": 0.057772, ""port_operational_disruption"": 0.008372, ""port_closure"": 0.006012, ""labor_strike_disruption"": 0.99477, ""maritime_security_navigation_disruption"": 0.181465}"
2993,"[""labor_strike_disruption""]","{""weather_disruption"": 0.023812, ""natural_disaster"": 0.077571, ""port_operational_disruption"": 0.064702, ""port_closure"": 0.005358, ""labor_strike_disruption"": 0.968692, ""maritime_security_navigation_disruption"": 0.016257}"
4586,"[""weather_disruption"", ""port_operational_disruption"", ""maritime_security_navigation_disruption""]","{""weather_disruption"": 0.719951, ""natural_disaster"": 0.00181, ""port_operational_disruption"": 0.61982, ""port_closure"": 0.621145, ""labor_strike_disruption"": 0.037377, ""maritime_security_navigation_disruption"": 0.881372}"
4170,"[""weather_disruption"", ""port_operational_disruption""]","{""weather_disruption"": 0.981599, ""natural_disaster"": 0.00775, ""port_operational_disruption"": 0.68882, ""port_closure"": 0.640791, ""labor_strike_disruption"": 0.009413, ""maritime_security_navigation_disruption"": 0.052221}"
3753,"[""port_operational_disruption""]","{""weather_disruption"": 0.083009, ""natural_disaster"": 0.016868, ""port_operational_disruption"": 0.613815, ""port_closure"": 0.063884, ""labor_strike_disruption"": 0.111557, ""maritime_security_navigation_disruption"": 0.602809}"
2359,"[""weather_disruption"", ""port_operational_disruption""]","{""weather_disruption"": 0.978909, ""natural_disaster"": 0.009407, ""port_operational_disruption"": 0.879798, ""port_closure"": 0.597459, ""labor_strike_disruption"": 0.025329, ""maritime_security_navigation_disruption"": 0.044685}"
5364,"[""weather_disruption"", ""port_closure""]","{""weather_disruption"": 0.975088, ""natural_disaster"": 0.012676, ""port_operational_disruption"": 0.409316, ""port_closure"": 0.988164, ""labor_strike_disruption"": 0.006921, ""maritime_security_navigation_disruption"": 0.15006}"
3024,"[""port_operational_disruption""]","{""weather_disruption"": 0.142322, ""natural_disaster"": 0.009019, ""port_operational_disruption"": 0.977097, ""port_closure"": 0.084532, ""labor_strike_disruption"": 0.03917, ""maritime_security_navigation_disruption"": 0.428159}"
2064,"[""port_operational_disruption""]","{""weather_disruption"": 0.168074, ""natural_disaster"": 0.014325, ""port_operational_disruption"": 0.976214, ""port_closure"": 0.175499, ""labor_strike_disruption"": 0.055193, ""maritime_security_navigation_disruption"": 0.096486}"
1513,"[""weather_disruption"", ""port_operational_disruption""]","{""weather_disruption"": 0.952783, ""natural_disaster"": 0.010766, ""port_operational_disruption"": 0.733847, ""port_closure"": 0.136089, ""labor_strike_disruption"": 0.039383, ""maritime_security_navigation_disruption"": 0.310463}"
3596,"[""maritime_security_navigation_disruption""]","{""weather_disruption"": 0.103133, ""natural_disaster"": 0.015059, ""port_operational_disruption"": 0.181643, ""port_closure"": 0.22112, ""labor_strike_disruption"": 0.10945, ""maritime_security_navigation_disruption"": 0.744143}"
5290,"[""weather_disruption""]","{""weather_disruption"": 0.984902, ""natural_disaster"": 0.087325, ""port_operational_disruption"": 0.249344, ""port_closure"": 0.018883, ""labor_strike_disruption"": 0.017697, ""maritime_security_navigation_disruption"": 0.01413}"
5440,"[""labor_strike_disruption""]","{""weather_disruption"": 0.026458, ""natural_disaster"": 0.00987, ""port_operational_disruption"": 0.157431, ""port_closure"": 0.130401, ""labor_strike_disruption"": 0.942113, ""maritime_security_navigation_disruption"": 0.12541}"
2206,"[""weather_disruption"", ""port_operational_disruption""]","{""weather_disruption"": 0.935301, ""natural_disaster"": 0.007978, ""port_operational_disruption"": 0.787543, ""port_closure"": 0.626385, ""labor_strike_disruption"": 0.072798, ""maritime_security_navigation_disruption"": 0.16881}"
1485,"[""weather_disruption""]","{""weather_disruption"": 0.95562, ""natural_disaster"": 0.390579, ""port_operational_disruption"": 0.018763, ""port_closure"": 0.042064, ""labor_strike_disruption"": 0.024469, ""maritime_security_navigation_disruption"": 0.150343}"
5662,"[""weather_disruption"", ""maritime_security_navigation_disruption""]","{""weather_disruption"": 0.657805, ""natural_disaster"": 0.012767, ""port_operational_disruption"": 0.418569, ""port_closure"": 0.151845, ""labor_strike_disruption"": 0.040055, ""maritime_security_navigation_disruption"": 0.881749}"
5548,[],"{""weather_disruption"": 0.067484, ""natural_disaster"": 0.059204, ""port_operational_disruption"": 0.496461, ""port_closure"": 0.022905, ""labor_strike_disruption"": 0.188389, ""maritime_security_navigation_disruption"": 0.34441}"
5337,"[""weather_disruption""]","{""weather_disruption"": 0.747912, ""natural_disaster"": 0.033413, ""port_operational_disruption"": 0.333034, ""port_closure"": 0.123604, ""labor_strike_disruption"": 0.03715, ""maritime_security_navigation_disruption"": 0.190042}"
1172,"[""port_operational_disruption""]","{""weather_disruption"": 0.171392, ""natural_disaster"": 0.010258, ""port_operational_disruption"": 0.962598, ""port_closure"": 0.169402, ""labor_strike_disruption"": 0.013254, ""maritime_security_navigation_disruption"": 0.026267}"
1670,"[""labor_strike_disruption""]","{""weather_disruption"": 0.020299, ""natural_disaster"": 0.031237, ""port_operational_disruption"": 0.048726, ""port_closure"": 0.008633, ""labor_strike_disruption"": 0.964987, ""maritime_security_navigation_disruption"": 0.303916}"
4410,"[""labor_strike_disruption""]","{""weather_disruption"": 0.01295, ""natural_disaster"": 0.024125, ""port_operational_disruption"": 0.00749, ""port_closure"": 0.015007, ""labor_strike_disruption"": 0.995867, ""maritime_security_navigation_disruption"": 0.235313}"
946,"[""weather_disruption""]","{""weather_disruption"": 0.987204, ""natural_disaster"": 0.248451, ""port_operational_disruption"": 0.063996, ""port_closure"": 0.035407, ""labor_strike_disruption"": 0.013366, ""maritime_security_navigation_disruption"": 0.184303}"
3461,"[""weather_disruption""]","{""weather_disruption"": 0.93601, ""natural_disaster"": 0.063804, ""port_operational_disruption"": 0.128961, ""port_closure"": 0.048908, ""labor_strike_disruption"": 0.033438, ""maritime_security_navigation_disruption"": 0.112926}"
160,"[""labor_strike_disruption""]","{""weather_disruption"": 0.011387, ""natural_disaster"": 0.020396, ""port_operational_disruption"": 0.038263, ""port_closure"": 0.004098, ""labor_strike_disruption"": 0.992572, ""maritime_security_navigation_disruption"": 0.080675}"
3214,"[""port_operational_disruption""]","{""weather_disruption"": 0.089473, ""natural_disaster"": 0.006185, ""port_operational_disruption"": 0.975477, ""port_closure"": 0.060467, ""labor_strike_disruption"": 0.011804, ""maritime_security_navigation_disruption"": 0.228032}"
840,"[""port_operational_disruption""]","{""weather_disruption"": 0.23983, ""natural_disaster"": 0.034838, ""port_operational_disruption"": 0.960086, ""port_closure"": 0.046666, ""labor_strike_disruption"": 0.065185, ""maritime_security_navigation_disruption"": 0.061452}"
2290,"[""labor_strike_disruption""]","{""weather_disruption"": 0.009442, ""natural_disaster"": 0.066716, ""port_operational_disruption"": 0.036056, ""port_closure"": 0.007998, ""labor_strike_disruption"": 0.997616, ""maritime_security_navigation_disruption"": 0.016043}"
4650,"[""labor_strike_disruption""]","{""weather_disruption"": 0.003017, ""natural_disaster"": 0.041579, ""port_operational_disruption"": 0.07903, ""port_closure"": 0.004854, ""labor_strike_disruption"": 0.987338, ""maritime_security_navigation_disruption"": 0.490111}"
5538,"[""labor_strike_disruption""]","{""weather_disruption"": 0.033658, ""natural_disaster"": 0.021405, ""port_operational_disruption"": 0.208713, ""port_closure"": 0.01243, ""labor_strike_disruption"": 0.960025, ""maritime_security_navigation_disruption"": 0.160088}"
4425,"[""port_operational_disruption""]","{""weather_disruption"": 0.149169, ""natural_disaster"": 0.007995, ""port_operational_disruption"": 0.596035, ""port_closure"": 0.367664, ""labor_strike_disruption"": 0.05119, ""maritime_security_navigation_disruption"": 0.53851}"
413,"[""weather_disruption""]","{""weather_disruption"": 0.892808, ""natural_disaster"": 0.096061, ""port_operational_disruption"": 0.062778, ""port_closure"": 0.062474, ""labor_strike_disruption"": 0.140942, ""maritime_security_navigation_disruption"": 0.067032}"
983,"[""port_operational_disruption"", ""maritime_security_navigation_disruption""]","{""weather_disruption"": 0.023472, ""natural_disaster"": 0.004772, ""port_operational_disruption"": 0.876741, ""port_closure"": 0.117075, ""labor_strike_disruption"": 0.060175, ""maritime_security_navigation_disruption"": 0.752819}"
5730,"[""weather_disruption""]","{""weather_disruption"": 0.755384, ""natural_disaster"": 0.208151, ""port_operational_disruption"": 0.086209, ""port_closure"": 0.202522, ""labor_strike_disruption"": 0.092273, ""maritime_security_navigation_disruption"": 0.400619}"
3710,"[""weather_disruption"", ""port_closure""]","{""weather_disruption"": 0.96151, ""natural_disaster"": 0.008265, ""port_operational_disruption"": 0.493264, ""port_closure"": 0.871803, ""labor_strike_disruption"": 0.022, ""maritime_security_navigation_disruption"": 0.081852}"
2222,"[""weather_disruption"", ""port_operational_disruption""]","{""weather_disruption"": 0.523894, ""natural_disaster"": 0.021484, ""port_operational_disruption"": 0.805264, ""port_closure"": 0.223264, ""labor_strike_disruption"": 0.005377, ""maritime_security_navigation_disruption"": 0.521982}"
1037,"[""natural_disaster""]","{""weather_disruption"": 0.269463, ""natural_disaster"": 0.993404, ""port_operational_disruption"": 0.008188, ""port_closure"": 0.020882, ""labor_strike_disruption"": 0.062456, ""maritime_security_navigation_disruption"": 0.084805}"
3289,"[""maritime_security_navigation_disruption""]","{""weather_disruption"": 0.435272, ""natural_disaster"": 0.051891, ""port_operational_disruption"": 0.391269, ""port_closure"": 0.144802, ""labor_strike_disruption"": 0.016106, ""maritime_security_navigation_disruption"": 0.823341}"
1635,"[""port_operational_disruption""]","{""weather_disruption"": 0.090738, ""natural_disaster"": 0.009928, ""port_operational_disruption"": 0.917557, ""port_closure"": 0.03302, ""labor_strike_disruption"": 0.078253, ""maritime_security_navigation_disruption"": 0.26238}"
211,"[""port_operational_disruption"", ""labor_strike_disruption""]","{""weather_disruption"": 0.008996, ""natural_disaster"": 0.021919, ""port_operational_disruption"": 0.663213, ""port_closure"": 0.031404, ""labor_strike_disruption"": 0.84116, ""maritime_security_navigation_disruption"": 0.313529}"
3848,"[""port_operational_disruption"", ""labor_strike_disruption""]","{""weather_disruption"": 0.017412, ""natural_disaster"": 0.019895, ""port_operational_disruption"": 0.820807, ""port_closure"": 0.054681, ""labor_strike_disruption"": 0.774149, ""maritime_security_navigation_disruption"": 0.431464}"
4949,"[""natural_disaster""]","{""weather_disruption"": 0.128111, ""natural_disaster"": 0.993493, ""port_operational_disruption"": 0.016029, ""port_closure"": 0.005275, ""labor_strike_disruption"": 0.05873, ""maritime_security_navigation_disruption"": 0.171842}"
1183,"[""weather_disruption"", ""port_operational_disruption""]","{""weather_disruption"": 0.926104, ""natural_disaster"": 0.00233, ""port_operational_disruption"": 0.817992, ""port_closure"": 0.377414, ""labor_strike_disruption"": 0.03137, ""maritime_security_navigation_disruption"": 0.069652}"
1455,"[""weather_disruption"", ""port_operational_disruption""]","{""weather_disruption"": 0.961182, ""natural_disaster"": 0.003848, ""port_operational_disruption"": 0.618046, ""port_closure"": 0.741456, ""labor_strike_disruption"": 0.02638, ""maritime_security_navigation_disruption"": 0.104974}"
2447,"[""labor_strike_disruption""]","{""weather_disruption"": 0.009816, ""natural_disaster"": 0.006207, ""port_operational_disruption"": 0.387971, ""port_closure"": 0.04408, ""labor_strike_disruption"": 0.977491, ""maritime_security_navigation_disruption"": 0.190142}"
5281,"[""weather_disruption""]","{""weather_disruption"": 0.98064, ""natural_disaster"": 0.04051, ""port_operational_disruption"": 0.016312, ""port_closure"": 0.299931, ""labor_strike_disruption"": 0.056669, ""maritime_security_navigation_disruption"": 0.09125}"
773,"[""labor_strike_disruption""]","{""weather_disruption"": 0.012595, ""natural_disaster"": 0.066156, ""port_operational_disruption"": 0.029802, ""port_closure"": 0.010065, ""labor_strike_disruption"": 0.939284, ""maritime_security_navigation_disruption"": 0.132466}"
72,"[""weather_disruption""]","{""weather_disruption"": 0.884876, ""natural_disaster"": 0.036158, ""port_operational_disruption"": 0.125987, ""port_closure"": 0.042252, ""labor_strike_disruption"": 0.131535, ""maritime_security_navigation_disruption"": 0.08418}"
590,"[""weather_disruption""]","{""weather_disruption"": 0.634162, ""natural_disaster"": 0.132816, ""port_operational_disruption"": 0.137444, ""port_closure"": 0.104906, ""labor_strike_disruption"": 0.037928, ""maritime_security_navigation_disruption"": 0.284548}"
788,"[""labor_strike_disruption""]","{""weather_disruption"": 0.03123, ""natural_disaster"": 0.078252, ""port_operational_disruption"": 0.067308, ""port_closure"": 0.008361, ""labor_strike_disruption"": 0.98176, ""maritime_security_navigation_disruption"": 0.015559}"
3023,"[""port_operational_disruption""]","{""weather_disruption"": 0.114797, ""natural_disaster"": 0.016776, ""port_operational_disruption"": 0.598636, ""port_closure"": 0.102781, ""labor_strike_disruption"": 0.02621, ""maritime_security_navigation_disruption"": 0.482388}"
1460,"[""weather_disruption"", ""port_operational_disruption"", ""port_closure""]","{""weather_disruption"": 0.859946, ""natural_disaster"": 0.006494, ""port_operational_disruption"": 0.872775, ""port_closure"": 0.790577, ""labor_strike_disruption"": 0.018276, ""maritime_security_navigation_disruption"": 0.095915}"
1398,"[""port_operational_disruption""]","{""weather_disruption"": 0.287509, ""natural_disaster"": 0.011169, ""port_operational_disruption"": 0.983568, ""port_closure"": 0.147122, ""labor_strike_disruption"": 0.074365, ""maritime_security_navigation_disruption"": 0.08184}"
2380,"[""weather_disruption""]","{""weather_disruption"": 0.972862, ""natural_disaster"": 0.178027, ""port_operational_disruption"": 0.04763, ""port_closure"": 0.028366, ""labor_strike_disruption"": 0.02586, ""maritime_security_navigation_disruption"": 0.108038}"
1734,"[""weather_disruption""]","{""weather_disruption"": 0.844222, ""natural_disaster"": 0.327438, ""port_operational_disruption"": 0.300565, ""port_closure"": 0.019861, ""labor_strike_disruption"": 0.061294, ""maritime_security_navigation_disruption"": 0.088202}"
4779,"[""port_operational_disruption""]","{""weather_disruption"": 0.093606, ""natural_disaster"": 0.007882, ""port_operational_disruption"": 0.945543, ""port_closure"": 0.070763, ""labor_strike_disruption"": 0.065746, ""maritime_security_navigation_disruption"": 0.03619}"
2358,"[""weather_disruption"", ""port_operational_disruption"", ""port_closure""]","{""weather_disruption"": 0.965347, ""natural_disaster"": 0.01563, ""port_operational_disruption"": 0.716709, ""port_closure"": 0.798451, ""labor_strike_disruption"": 0.03181, ""maritime_security_navigation_disruption"": 0.058922}"
4056,"[""weather_disruption""]","{""weather_disruption"": 0.966876, ""natural_disaster"": 0.071159, ""port_operational_disruption"": 0.090123, ""port_closure"": 0.164094, ""labor_strike_disruption"": 0.009856, ""maritime_security_navigation_disruption"": 0.060747}"
3110,"[""weather_disruption""]","{""weather_disruption"": 0.992791, ""natural_disaster"": 0.079059, ""port_operational_disruption"": 0.018713, ""port_closure"": 0.13927, ""labor_strike_disruption"": 0.009531, ""maritime_security_navigation_disruption"": 0.295123}"
1706,"[""port_operational_disruption"", ""port_closure""]","{""weather_disruption"": 0.340907, ""natural_disaster"": 0.006107, ""port_operational_disruption"": 0.736772, ""port_closure"": 0.84627, ""labor_strike_disruption"": 0.093651, ""maritime_security_navigation_disruption"": 0.443158}"
2161,"[""maritime_security_navigation_disruption""]","{""weather_disruption"": 0.022069, ""natural_disaster"": 0.009506, ""port_operational_disruption"": 0.13303, ""port_closure"": 0.012772, ""labor_strike_disruption"": 0.256158, ""maritime_security_navigation_disruption"": 0.810981}"
1429,"[""weather_disruption"", ""port_operational_disruption""]","{""weather_disruption"": 0.674843, ""natural_disaster"": 0.001956, ""port_operational_disruption"": 0.833495, ""port_closure"": 0.222742, ""labor_strike_disruption"": 0.03226, ""maritime_security_navigation_disruption"": 0.463281}"
980,"[""port_operational_disruption""]","{""weather_disruption"": 0.130622, ""natural_disaster"": 0.009014, ""port_operational_disruption"": 0.962496, ""port_closure"": 0.070339, ""labor_strike_disruption"": 0.020924, ""maritime_security_navigation_disruption"": 0.267632}"
4149,"[""weather_disruption""]","{""weather_disruption"": 0.813255, ""natural_disaster"": 0.229222, ""port_operational_disruption"": 0.034571, ""port_closure"": 0.019564, ""labor_strike_disruption"": 0.058594, ""maritime_security_navigation_disruption"": 0.245894}"
535,"[""port_operational_disruption"", ""maritime_security_navigation_disruption""]","{""weather_disruption"": 0.078634, ""natural_disaster"": 0.00873, ""port_operational_disruption"": 0.607095, ""port_closure"": 0.096464, ""labor_strike_disruption"": 0.025176, ""maritime_security_navigation_disruption"": 0.849311}"
3028,"[""port_operational_disruption""]","{""weather_disruption"": 0.059313, ""natural_disaster"": 0.006136, ""port_operational_disruption"": 0.983954, ""port_closure"": 0.120255, ""labor_strike_disruption"": 0.030557, ""maritime_security_navigation_disruption"": 0.062342}"
901,"[""weather_disruption"", ""port_operational_disruption""]","{""weather_disruption"": 0.940984, ""natural_disaster"": 0.008606, ""port_operational_disruption"": 0.928773, ""port_closure"": 0.611552, ""labor_strike_disruption"": 0.027029, ""maritime_security_navigation_disruption"": 0.108839}"
2572,"[""weather_disruption""]","{""weather_disruption"": 0.985893, ""natural_disaster"": 0.071224, ""port_operational_disruption"": 0.180445, ""port_closure"": 0.054974, ""labor_strike_disruption"": 0.014925, ""maritime_security_navigation_disruption"": 0.062694}"
233,"[""port_operational_disruption""]","{""weather_disruption"": 0.147206, ""natural_disaster"": 0.005573, ""port_operational_disruption"": 0.620518, ""port_closure"": 0.221998, ""labor_strike_disruption"": 0.243767, ""maritime_security_navigation_disruption"": 0.584175}"
1457,"[""weather_disruption"", ""port_operational_disruption""]","{""weather_disruption"": 0.987314, ""natural_disaster"": 0.007559, ""port_operational_disruption"": 0.585382, ""port_closure"": 0.718233, ""labor_strike_disruption"": 0.01424, ""maritime_security_navigation_disruption"": 0.136972}"
4769,"[""port_operational_disruption""]","{""weather_disruption"": 0.088718, ""natural_disaster"": 0.004074, ""port_operational_disruption"": 0.981711, ""port_closure"": 0.262318, ""labor_strike_disruption"": 0.038418, ""maritime_security_navigation_disruption"": 0.039662}"
2711,"[""port_operational_disruption""]","{""weather_disruption"": 0.204181, ""natural_disaster"": 0.006827, ""port_operational_disruption"": 0.975312, ""port_closure"": 0.135103, ""labor_strike_disruption"": 0.024632, ""maritime_security_navigation_disruption"": 0.032819}"
3948,"[""weather_disruption"", ""port_closure""]","{""weather_disruption"": 0.958755, ""natural_disaster"": 0.016447, ""port_operational_disruption"": 0.277021, ""port_closure"": 0.979942, ""labor_strike_disruption"": 0.018244, ""maritime_security_navigation_disruption"": 0.130096}"
3398,"[""maritime_security_navigation_disruption""]","{""weather_disruption"": 0.303837, ""natural_disaster"": 0.005854, ""port_operational_disruption"": 0.347202, ""port_closure"": 0.092184, ""labor_strike_disruption"": 0.034694, ""maritime_security_navigation_disruption"": 0.913206}"
1906,"[""port_operational_disruption""]","{""weather_disruption"": 0.078484, ""natural_disaster"": 0.003282, ""port_operational_disruption"": 0.942923, ""port_closure"": 0.084117, ""labor_strike_disruption"": 0.387438, ""maritime_security_navigation_disruption"": 0.312825}"
2276,"[""labor_strike_disruption""]","{""weather_disruption"": 0.157975, ""natural_disaster"": 0.035371, ""port_operational_disruption"": 0.016927, ""port_closure"": 0.021094, ""labor_strike_disruption"": 0.994595, ""maritime_security_navigation_disruption"": 0.012834}"
436,"[""weather_disruption""]","{""weather_disruption"": 0.893, ""natural_disaster"": 0.032674, ""port_operational_disruption"": 0.145578, ""port_closure"": 0.078712, ""labor_strike_disruption"": 0.061108, ""maritime_security_navigation_disruption"": 0.048968}"
3060,"[""port_operational_disruption""]","{""weather_disruption"": 0.494704, ""natural_disaster"": 0.003854, ""port_operational_disruption"": 0.912738, ""port_closure"": 0.502203, ""labor_strike_disruption"": 0.012578, ""maritime_security_navigation_disruption"": 0.090544}"
2641,"[""maritime_security_navigation_disruption""]","{""weather_disruption"": 0.022366, ""natural_disaster"": 0.020491, ""port_operational_disruption"": 0.100003, ""port_closure"": 0.010619, ""labor_strike_disruption"": 0.131361, ""maritime_security_navigation_disruption"": 0.956063}"
5771,"[""weather_disruption""]","{""weather_disruption"": 0.973805, ""natural_disaster"": 0.087062, ""port_operational_disruption"": 0.116766, ""port_closure"": 0.059546, ""labor_strike_disruption"": 0.045854, ""maritime_security_navigation_disruption"": 0.036147}"
5455,"[""weather_disruption"", ""port_operational_disruption""]","{""weather_disruption"": 0.973083, ""natural_disaster"": 0.021661, ""port_operational_disruption"": 0.630272, ""port_closure"": 0.68182, ""labor_strike_disruption"": 0.005427, ""maritime_security_navigation_disruption"": 0.059754}"
5223,"[""maritime_security_navigation_disruption""]","{""weather_disruption"": 0.066864, ""natural_disaster"": 0.063485, ""port_operational_disruption"": 0.038764, ""port_closure"": 0.040682, ""labor_strike_disruption"": 0.259676, ""maritime_security_navigation_disruption"": 0.870821}"
887,"[""port_operational_disruption""]","{""weather_disruption"": 0.127079, ""natural_disaster"": 0.021501, ""port_operational_disruption"": 0.960377, ""port_closure"": 0.084595, ""labor_strike_disruption"": 0.044506, ""maritime_security_navigation_disruption"": 0.101219}"
4536,"[""port_operational_disruption""]","{""weather_disruption"": 0.161487, ""natural_disaster"": 0.00292, ""port_operational_disruption"": 0.923335, ""port_closure"": 0.153129, ""labor_strike_disruption"": 0.018604, ""maritime_security_navigation_disruption"": 0.402068}"
1392,"[""weather_disruption"", ""port_operational_disruption""]","{""weather_disruption"": 0.943847, ""natural_disaster"": 0.008497, ""port_operational_disruption"": 0.898001, ""port_closure"": 0.377494, ""labor_strike_disruption"": 0.009855, ""maritime_security_navigation_disruption"": 0.053913}"
1782,"[""labor_strike_disruption""]","{""weather_disruption"": 0.139676, ""natural_disaster"": 0.024189, ""port_operational_disruption"": 0.025604, ""port_closure"": 0.006247, ""labor_strike_disruption"": 0.923931, ""maritime_security_navigation_disruption"": 0.08197}"
3103,"[""weather_disruption""]","{""weather_disruption"": 0.996031, ""natural_disaster"": 0.082253, ""port_operational_disruption"": 0.022151, ""port_closure"": 0.145365, ""labor_strike_disruption"": 0.006991, ""maritime_security_navigation_disruption"": 0.193142}"
146,"[""port_operational_disruption"", ""maritime_security_navigation_disruption""]","{""weather_disruption"": 0.086683, ""natural_disaster"": 0.006697, ""port_operational_disruption"": 0.867693, ""port_closure"": 0.201138, ""labor_strike_disruption"": 0.060957, ""maritime_security_navigation_disruption"": 0.905459}"
3727,"[""maritime_security_navigation_disruption""]","{""weather_disruption"": 0.18713, ""natural_disaster"": 0.008723, ""port_operational_disruption"": 0.231372, ""port_closure"": 0.027891, ""labor_strike_disruption"": 0.116103, ""maritime_security_navigation_disruption"": 0.857684}"
42,"[""maritime_security_navigation_disruption""]","{""weather_disruption"": 0.0746, ""natural_disaster"": 0.012038, ""port_operational_disruption"": 0.463227, ""port_closure"": 0.124321, ""labor_strike_disruption"": 0.05889, ""maritime_security_navigation_disruption"": 0.895234}"
5560,"[""labor_strike_disruption""]","{""weather_disruption"": 0.002835, ""natural_disaster"": 0.015247, ""port_operational_disruption"": 0.062458, ""port_closure"": 0.004253, ""labor_strike_disruption"": 0.996115, ""maritime_security_navigation_disruption"": 0.159566}"
3146,"[""labor_strike_disruption""]","{""weather_disruption"": 0.082756, ""natural_disaster"": 0.068076, ""port_operational_disruption"": 0.333606, ""port_closure"": 0.256049, ""labor_strike_disruption"": 0.664308, ""maritime_security_navigation_disruption"": 0.419554}"
11,"[""natural_disaster""]","{""weather_disruption"": 0.228794, ""natural_disaster"": 0.968496, ""port_operational_disruption"": 0.020076, ""port_closure"": 0.0085, ""labor_strike_disruption"": 0.034613, ""maritime_security_navigation_disruption"": 0.040143}"
61,[],"{""weather_disruption"": 0.26509, ""natural_disaster"": 0.052458, ""port_operational_disruption"": 0.350283, ""port_closure"": 0.047747, ""labor_strike_disruption"": 0.144653, ""maritime_security_navigation_disruption"": 0.341101}"
5497,"[""maritime_security_navigation_disruption""]","{""weather_disruption"": 0.117613, ""natural_disaster"": 0.08298, ""port_operational_disruption"": 0.023939, ""port_closure"": 0.041568, ""labor_strike_disruption"": 0.130133, ""maritime_security_navigation_disruption"": 0.864654}"
1184,"[""port_operational_disruption""]","{""weather_disruption"": 0.100514, ""natural_disaster"": 0.009531, ""port_operational_disruption"": 0.939148, ""port_closure"": 0.101742, ""labor_strike_disruption"": 0.10269, ""maritime_security_navigation_disruption"": 0.057787}"
1580,"[""weather_disruption""]","{""weather_disruption"": 0.984658, ""natural_disaster"": 0.100169, ""port_operational_disruption"": 0.060202, ""port_closure"": 0.104121, ""labor_strike_disruption"": 0.040007, ""maritime_security_navigation_disruption"": 0.021442}"
5192,"[""labor_strike_disruption""]","{""weather_disruption"": 0.083837, ""natural_disaster"": 0.01496, ""port_operational_disruption"": 0.058751, ""port_closure"": 0.014232, ""labor_strike_disruption"": 0.896053, ""maritime_security_navigation_disruption"": 0.069935}"
3712,"[""weather_disruption"", ""port_operational_disruption""]","{""weather_disruption"": 0.935378, ""natural_disaster"": 0.013099, ""port_operational_disruption"": 0.718552, ""port_closure"": 0.465458, ""labor_strike_disruption"": 0.0165, ""maritime_security_navigation_disruption"": 0.269428}"
4174,"[""weather_disruption""]","{""weather_disruption"": 0.991467, ""natural_disaster"": 0.05695, ""port_operational_disruption"": 0.029558, ""port_closure"": 0.117542, ""labor_strike_disruption"": 0.017423, ""maritime_security_navigation_disruption"": 0.116715}"
1385,"[""port_operational_disruption""]","{""weather_disruption"": 0.16016, ""natural_disaster"": 0.012391, ""port_operational_disruption"": 0.966564, ""port_closure"": 0.077835, ""labor_strike_disruption"": 0.089212, ""maritime_security_navigation_disruption"": 0.282759}"
2767,"[""port_operational_disruption""]","{""weather_disruption"": 0.179679, ""natural_disaster"": 0.010351, ""port_operational_disruption"": 0.972373, ""port_closure"": 0.130411, ""labor_strike_disruption"": 0.014243, ""maritime_security_navigation_disruption"": 0.021526}"
776,"[""labor_strike_disruption""]","{""weather_disruption"": 0.01149, ""natural_disaster"": 0.022363, ""port_operational_disruption"": 0.097682, ""port_closure"": 0.014181, ""labor_strike_disruption"": 0.989087, ""maritime_security_navigation_disruption"": 0.459054}"
3341,"[""port_operational_disruption""]","{""weather_disruption"": 0.06963, ""natural_disaster"": 0.015841, ""port_operational_disruption"": 0.975014, ""port_closure"": 0.04458, ""labor_strike_disruption"": 0.234336, ""maritime_security_navigation_disruption"": 0.046825}"
5565,"[""natural_disaster""]","{""weather_disruption"": 0.132988, ""natural_disaster"": 0.987195, ""port_operational_disruption"": 0.01412, ""port_closure"": 0.004815, ""labor_strike_disruption"": 0.032302, ""maritime_security_navigation_disruption"": 0.192196}"
3960,"[""weather_disruption"", ""port_closure""]","{""weather_disruption"": 0.952441, ""natural_disaster"": 0.008149, ""port_operational_disruption"": 0.245594, ""port_closure"": 0.931347, ""labor_strike_disruption"": 0.022963, ""maritime_security_navigation_disruption"": 0.641081}"
3396,"[""port_operational_disruption""]","{""weather_disruption"": 0.274358, ""natural_disaster"": 0.01371, ""port_operational_disruption"": 0.981473, ""port_closure"": 0.049903, ""labor_strike_disruption"": 0.029491, ""maritime_security_navigation_disruption"": 0.075114}"
1491,"[""labor_strike_disruption""]","{""weather_disruption"": 0.0921, ""natural_disaster"": 0.096153, ""port_operational_disruption"": 0.025805, ""port_closure"": 0.051927, ""labor_strike_disruption"": 0.950026, ""maritime_security_navigation_disruption"": 0.10111}"
3970,"[""port_operational_disruption""]","{""weather_disruption"": 0.045082, ""natural_disaster"": 0.022929, ""port_operational_disruption"": 0.749854, ""port_closure"": 0.067057, ""labor_strike_disruption"": 0.062487, ""maritime_security_navigation_disruption"": 0.460155}"
2599,"[""labor_strike_disruption""]","{""weather_disruption"": 0.015859, ""natural_disaster"": 0.025799, ""port_operational_disruption"": 0.04796, ""port_closure"": 0.001424, ""labor_strike_disruption"": 0.994878, ""maritime_security_navigation_disruption"": 0.030201}"
2808,"[""labor_strike_disruption""]","{""weather_disruption"": 0.014004, ""natural_disaster"": 0.003964, ""port_operational_disruption"": 0.214599, ""port_closure"": 0.102145, ""labor_strike_disruption"": 0.991063, ""maritime_security_navigation_disruption"": 0.209935}"
1805,"[""weather_disruption"", ""port_operational_disruption""]","{""weather_disruption"": 0.702842, ""natural_disaster"": 0.015389, ""port_operational_disruption"": 0.824991, ""port_closure"": 0.589298, ""labor_strike_disruption"": 0.02646, ""maritime_security_navigation_disruption"": 0.493163}"
4202,"[""weather_disruption"", ""port_operational_disruption"", ""port_closure""]","{""weather_disruption"": 0.983273, ""natural_disaster"": 0.013238, ""port_operational_disruption"": 0.719718, ""port_closure"": 0.750562, ""labor_strike_disruption"": 0.013074, ""maritime_security_navigation_disruption"": 0.029309}"
1715,"[""labor_strike_disruption""]","{""weather_disruption"": 0.179201, ""natural_disaster"": 0.078736, ""port_operational_disruption"": 0.025924, ""port_closure"": 0.01379, ""labor_strike_disruption"": 0.984313, ""maritime_security_navigation_disruption"": 0.022835}"
5525,"[""maritime_security_navigation_disruption""]","{""weather_disruption"": 0.014351, ""natural_disaster"": 0.053749, ""port_operational_disruption"": 0.111352, ""port_closure"": 0.005448, ""labor_strike_disruption"": 0.534873, ""maritime_security_navigation_disruption"": 0.954166}"
1551,"[""labor_strike_disruption""]","{""weather_disruption"": 0.013252, ""natural_disaster"": 0.062407, ""port_operational_disruption"": 0.020179, ""port_closure"": 0.005214, ""labor_strike_disruption"": 0.992218, ""maritime_security_navigation_disruption"": 0.031035}"
2817,"[""labor_strike_disruption""]","{""weather_disruption"": 0.011465, ""natural_disaster"": 0.04774, ""port_operational_disruption"": 0.044119, ""port_closure"": 0.021223, ""labor_strike_disruption"": 0.9937, ""maritime_security_navigation_disruption"": 0.023993}"
2505,"[""labor_strike_disruption""]","{""weather_disruption"": 0.006563, ""natural_disaster"": 0.013313, ""port_operational_disruption"": 0.159087, ""port_closure"": 0.017026, ""labor_strike_disruption"": 0.98965, ""maritime_security_navigation_disruption"": 0.087053}"
3301,"[""port_operational_disruption""]","{""weather_disruption"": 0.102087, ""natural_disaster"": 0.005954, ""port_operational_disruption"": 0.899537, ""port_closure"": 0.058638, ""labor_strike_disruption"": 0.08849, ""maritime_security_navigation_disruption"": 0.214118}"
4815,"[""weather_disruption"", ""maritime_security_navigation_disruption""]","{""weather_disruption"": 0.663396, ""natural_disaster"": 0.012331, ""port_operational_disruption"": 0.304699, ""port_closure"": 0.646235, ""labor_strike_disruption"": 0.061185, ""maritime_security_navigation_disruption"": 0.919012}"
2260,"[""labor_strike_disruption""]","{""weather_disruption"": 0.011052, ""natural_disaster"": 0.037022, ""port_operational_disruption"": 0.0115, ""port_closure"": 0.005512, ""labor_strike_disruption"": 0.974431, ""maritime_security_navigation_disruption"": 0.052956}"
1375,"[""labor_strike_disruption""]","{""weather_disruption"": 0.004828, ""natural_disaster"": 0.222293, ""port_operational_disruption"": 0.007836, ""port_closure"": 0.010797, ""labor_strike_disruption"": 0.996467, ""maritime_security_navigation_disruption"": 0.05402}"
3473,"[""maritime_security_navigation_disruption""]","{""weather_disruption"": 0.132775, ""natural_disaster"": 0.005418, ""port_operational_disruption"": 0.108278, ""port_closure"": 0.323454, ""labor_strike_disruption"": 0.213791, ""maritime_security_navigation_disruption"": 0.806652}"
2440,"[""labor_strike_disruption""]","{""weather_disruption"": 0.006038, ""natural_disaster"": 0.002984, ""port_operational_disruption"": 0.264681, ""port_closure"": 0.032951, ""labor_strike_disruption"": 0.990079, ""maritime_security_navigation_disruption"": 0.225665}"
299,"[""weather_disruption""]","{""weather_disruption"": 0.97155, ""natural_disaster"": 0.066087, ""port_operational_disruption"": 0.261776, ""port_closure"": 0.029662, ""labor_strike_disruption"": 0.048423, ""maritime_security_navigation_disruption"": 0.325704}"
5486,"[""maritime_security_navigation_disruption""]","{""weather_disruption"": 0.047385, ""natural_disaster"": 0.019609, ""port_operational_disruption"": 0.070228, ""port_closure"": 0.096503, ""labor_strike_disruption"": 0.069501, ""maritime_security_navigation_disruption"": 0.983652}"
1548,"[""weather_disruption"", ""port_operational_disruption""]","{""weather_disruption"": 0.925479, ""natural_disaster"": 0.005328, ""port_operational_disruption"": 0.828607, ""port_closure"": 0.416982, ""labor_strike_disruption"": 0.072654, ""maritime_security_navigation_disruption"": 0.080394}"
2105,"[""weather_disruption"", ""port_closure""]","{""weather_disruption"": 0.930534, ""natural_disaster"": 0.036385, ""port_operational_disruption"": 0.45891, ""port_closure"": 0.942887, ""labor_strike_disruption"": 0.014217, ""maritime_security_navigation_disruption"": 0.118644}"
2770,"[""port_operational_disruption""]","{""weather_disruption"": 0.082869, ""natural_disaster"": 0.004921, ""port_operational_disruption"": 0.958526, ""port_closure"": 0.114744, ""labor_strike_disruption"": 0.0334, ""maritime_security_navigation_disruption"": 0.150919}"
3562,"[""labor_strike_disruption""]","{""weather_disruption"": 0.009397, ""natural_disaster"": 0.010186, ""port_operational_disruption"": 0.460492, ""port_closure"": 0.033848, ""labor_strike_disruption"": 0.98274, ""maritime_security_navigation_disruption"": 0.107076}"
2687,"[""weather_disruption"", ""port_operational_disruption""]","{""weather_disruption"": 0.509868, ""natural_disaster"": 0.007301, ""port_operational_disruption"": 0.985028, ""port_closure"": 0.181485, ""labor_strike_disruption"": 0.009415, ""maritime_security_navigation_disruption"": 0.014421}"
2752,"[""port_operational_disruption""]","{""weather_disruption"": 0.231151, ""natural_disaster"": 0.006704, ""port_operational_disruption"": 0.980486, ""port_closure"": 0.07058, ""labor_strike_disruption"": 0.01465, ""maritime_security_navigation_disruption"": 0.037023}"
5523,"[""maritime_security_navigation_disruption""]","{""weather_disruption"": 0.149817, ""natural_disaster"": 0.005541, ""port_operational_disruption"": 0.102179, ""port_closure"": 0.13291, ""labor_strike_disruption"": 0.101371, ""maritime_security_navigation_disruption"": 0.979603}"
4215,"[""weather_disruption"", ""port_operational_disruption""]","{""weather_disruption"": 0.97559, ""natural_disaster"": 0.013496, ""port_operational_disruption"": 0.852683, ""port_closure"": 0.566074, ""labor_strike_disruption"": 0.029675, ""maritime_security_navigation_disruption"": 0.046379}"
2726,"[""labor_strike_disruption""]","{""weather_disruption"": 0.019259, ""natural_disaster"": 0.425442, ""port_operational_disruption"": 0.079812, ""port_closure"": 0.015555, ""labor_strike_disruption"": 0.713308, ""maritime_security_navigation_disruption"": 0.422052}"
5489,"[""maritime_security_navigation_disruption""]","{""weather_disruption"": 0.037485, ""natural_disaster"": 0.011741, ""port_operational_disruption"": 0.110375, ""port_closure"": 0.038363, ""labor_strike_disruption"": 0.070962, ""maritime_security_navigation_disruption"": 0.987971}"
3220,"[""port_operational_disruption""]","{""weather_disruption"": 0.197495, ""natural_disaster"": 0.008245, ""port_operational_disruption"": 0.963785, ""port_closure"": 0.16573, ""labor_strike_disruption"": 0.023272, ""maritime_security_navigation_disruption"": 0.014314}"
1062,"[""port_operational_disruption""]","{""weather_disruption"": 0.152373, ""natural_disaster"": 0.029525, ""port_operational_disruption"": 0.590221, ""port_closure"": 0.15223, ""labor_strike_disruption"": 0.11121, ""maritime_security_navigation_disruption"": 0.494549}"
5568,"[""natural_disaster""]","{""weather_disruption"": 0.15345, ""natural_disaster"": 0.988694, ""port_operational_disruption"": 0.021023, ""port_closure"": 0.005866, ""labor_strike_disruption"": 0.037137, ""maritime_security_navigation_disruption"": 0.201365}"
295,"[""weather_disruption""]","{""weather_disruption"": 0.940651, ""natural_disaster"": 0.128428, ""port_operational_disruption"": 0.110462, ""port_closure"": 0.086971, ""labor_strike_disruption"": 0.005373, ""maritime_security_navigation_disruption"": 0.225404}"
2638,"[""weather_disruption""]","{""weather_disruption"": 0.987425, ""natural_disaster"": 0.130361, ""port_operational_disruption"": 0.033679, ""port_closure"": 0.03063, ""labor_strike_disruption"": 0.021214, ""maritime_security_navigation_disruption"": 0.256955}"
5176,"[""labor_strike_disruption""]","{""weather_disruption"": 0.01439, ""natural_disaster"": 0.056895, ""port_operational_disruption"": 0.036261, ""port_closure"": 0.003011, ""labor_strike_disruption"": 0.990501, ""maritime_security_navigation_disruption"": 0.035616}"
5554,"[""weather_disruption""]","{""weather_disruption"": 0.667484, ""natural_disaster"": 0.103946, ""port_operational_disruption"": 0.017863, ""port_closure"": 0.021323, ""labor_strike_disruption"": 0.0287, ""maritime_security_navigation_disruption"": 0.588072}"
692,"[""labor_strike_disruption""]","{""weather_disruption"": 0.020096, ""natural_disaster"": 0.05839, ""port_operational_disruption"": 0.144453, ""port_closure"": 0.017255, ""labor_strike_disruption"": 0.981411, ""maritime_security_navigation_disruption"": 0.090626}"
2863,"[""weather_disruption"", ""port_operational_disruption"", ""port_closure""]","{""weather_disruption"": 0.644024, ""natural_disaster"": 0.008029, ""port_operational_disruption"": 0.737356, ""port_closure"": 0.846022, ""labor_strike_disruption"": 0.043875, ""maritime_security_navigation_disruption"": 0.245532}"
2557,"[""labor_strike_disruption""]","{""weather_disruption"": 0.032968, ""natural_disaster"": 0.152889, ""port_operational_disruption"": 0.04583, ""port_closure"": 0.011277, ""labor_strike_disruption"": 0.956603, ""maritime_security_navigation_disruption"": 0.109465}"
4018,"[""port_operational_disruption""]","{""weather_disruption"": 0.237352, ""natural_disaster"": 0.002385, ""port_operational_disruption"": 0.960868, ""port_closure"": 0.401291, ""labor_strike_disruption"": 0.142827, ""maritime_security_navigation_disruption"": 0.07107}"
3262,"[""port_operational_disruption""]","{""weather_disruption"": 0.144577, ""natural_disaster"": 0.006234, ""port_operational_disruption"": 0.965292, ""port_closure"": 0.127236, ""labor_strike_disruption"": 0.017197, ""maritime_security_navigation_disruption"": 0.061049}"
838,"[""weather_disruption"", ""port_operational_disruption""]","{""weather_disruption"": 0.803601, ""natural_disaster"": 0.062734, ""port_operational_disruption"": 0.597346, ""port_closure"": 0.128019, ""labor_strike_disruption"": 0.101224, ""maritime_security_navigation_disruption"": 0.182873}"
4934,"[""port_operational_disruption""]","{""weather_disruption"": 0.012264, ""natural_disaster"": 0.052513, ""port_operational_disruption"": 0.631927, ""port_closure"": 0.028432, ""labor_strike_disruption"": 0.137159, ""maritime_security_navigation_disruption"": 0.488342}"
5476,"[""weather_disruption""]","{""weather_disruption"": 0.981692, ""natural_disaster"": 0.09467, ""port_operational_disruption"": 0.023485, ""port_closure"": 0.107667, ""labor_strike_disruption"": 0.017758, ""maritime_security_navigation_disruption"": 0.137677}"
3033,"[""port_operational_disruption""]","{""weather_disruption"": 0.139573, ""natural_disaster"": 0.005238, ""port_operational_disruption"": 0.9702, ""port_closure"": 0.124582, ""labor_strike_disruption"": 0.018697, ""maritime_security_navigation_disruption"": 0.097735}"
5029,"[""port_operational_disruption""]","{""weather_disruption"": 0.016774, ""natural_disaster"": 0.003487, ""port_operational_disruption"": 0.889391, ""port_closure"": 0.12772, ""labor_strike_disruption"": 0.182292, ""maritime_security_navigation_disruption"": 0.451852}"
1935,"[""weather_disruption"", ""port_operational_disruption""]","{""weather_disruption"": 0.902601, ""natural_disaster"": 0.01775, ""port_operational_disruption"": 0.940232, ""port_closure"": 0.29294, ""labor_strike_disruption"": 0.023038, ""maritime_security_navigation_disruption"": 0.090843}"
272,"[""labor_strike_disruption""]","{""weather_disruption"": 0.012474, ""natural_disaster"": 0.024185, ""port_operational_disruption"": 0.036991, ""port_closure"": 0.009484, ""labor_strike_disruption"": 0.981183, ""maritime_security_navigation_disruption"": 0.253886}"
4745,"[""weather_disruption"", ""port_closure""]","{""weather_disruption"": 0.959978, ""natural_disaster"": 0.008239, ""port_operational_disruption"": 0.225592, ""port_closure"": 0.94353, ""labor_strike_disruption"": 0.006802, ""maritime_security_navigation_disruption"": 0.376787}"
858,"[""port_operational_disruption""]","{""weather_disruption"": 0.185585, ""natural_disaster"": 0.006081, ""port_operational_disruption"": 0.991668, ""port_closure"": 0.131027, ""labor_strike_disruption"": 0.085765, ""maritime_security_navigation_disruption"": 0.02296}"
934,"[""natural_disaster""]","{""weather_disruption"": 0.199814, ""natural_disaster"": 0.987865, ""port_operational_disruption"": 0.041933, ""port_closure"": 0.002726, ""labor_strike_disruption"": 0.078398, ""maritime_security_navigation_disruption"": 0.026701}"
3525,[],"{""weather_disruption"": 0.187995, ""natural_disaster"": 0.040173, ""port_operational_disruption"": 0.386621, ""port_closure"": 0.059937, ""labor_strike_disruption"": 0.234532, ""maritime_security_navigation_disruption"": 0.467059}"
892,"[""port_operational_disruption""]","{""weather_disruption"": 0.074889, ""natural_disaster"": 0.006718, ""port_operational_disruption"": 0.962962, ""port_closure"": 0.115507, ""labor_strike_disruption"": 0.02209, ""maritime_security_navigation_disruption"": 0.06115}"
1186,"[""port_operational_disruption""]","{""weather_disruption"": 0.155992, ""natural_disaster"": 0.006363, ""port_operational_disruption"": 0.975949, ""port_closure"": 0.191535, ""labor_strike_disruption"": 0.024694, ""maritime_security_navigation_disruption"": 0.017636}"
3873,"[""labor_strike_disruption""]","{""weather_disruption"": 0.370192, ""natural_disaster"": 0.006971, ""port_operational_disruption"": 0.501463, ""port_closure"": 0.432263, ""labor_strike_disruption"": 0.644436, ""maritime_security_navigation_disruption"": 0.261626}"
5577,"[""natural_disaster""]","{""weather_disruption"": 0.134551, ""natural_disaster"": 0.992947, ""port_operational_disruption"": 0.016519, ""port_closure"": 0.008301, ""labor_strike_disruption"": 0.041005, ""maritime_security_navigation_disruption"": 0.130064}"
5463,"[""weather_disruption"", ""port_operational_disruption""]","{""weather_disruption"": 0.942381, ""natural_disaster"": 0.035835, ""port_operational_disruption"": 0.9235, ""port_closure"": 0.205514, ""labor_strike_disruption"": 0.032996, ""maritime_security_navigation_disruption"": 0.072179}"
5389,"[""labor_strike_disruption""]","{""weather_disruption"": 0.039701, ""natural_disaster"": 0.018651, ""port_operational_disruption"": 0.499461, ""port_closure"": 0.091787, ""labor_strike_disruption"": 0.892845, ""maritime_security_navigation_disruption"": 0.065257}"
4941,"[""natural_disaster""]","{""weather_disruption"": 0.100624, ""natural_disaster"": 0.990166, ""port_operational_disruption"": 0.028902, ""port_closure"": 0.004616, ""labor_strike_disruption"": 0.059025, ""maritime_security_navigation_disruption"": 0.08568}"
3742,"[""maritime_security_navigation_disruption""]","{""weather_disruption"": 0.129924, ""natural_disaster"": 0.004275, ""port_operational_disruption"": 0.164451, ""port_closure"": 0.149955, ""labor_strike_disruption"": 0.026693, ""maritime_security_navigation_disruption"": 0.960671}"
3415,"[""weather_disruption""]","{""weather_disruption"": 0.800759, ""natural_disaster"": 0.030058, ""port_operational_disruption"": 0.067944, ""port_closure"": 0.583482, ""labor_strike_disruption"": 0.378448, ""maritime_security_navigation_disruption"": 0.122326}"
1476,"[""port_operational_disruption""]","{""weather_disruption"": 0.368006, ""natural_disaster"": 0.029413, ""port_operational_disruption"": 0.922234, ""port_closure"": 0.161968, ""labor_strike_disruption"": 0.208265, ""maritime_security_navigation_disruption"": 0.088084}"
475,"[""port_operational_disruption""]","{""weather_disruption"": 0.068511, ""natural_disaster"": 0.010996, ""port_operational_disruption"": 0.929112, ""port_closure"": 0.047036, ""labor_strike_disruption"": 0.417407, ""maritime_security_navigation_disruption"": 0.063197}"
394,"[""port_operational_disruption""]","{""weather_disruption"": 0.127045, ""natural_disaster"": 0.005765, ""port_operational_disruption"": 0.967146, ""port_closure"": 0.096273, ""labor_strike_disruption"": 0.028647, ""maritime_security_navigation_disruption"": 0.074169}"
2383,"[""weather_disruption"", ""port_operational_disruption""]","{""weather_disruption"": 0.864659, ""natural_disaster"": 0.026625, ""port_operational_disruption"": 0.881412, ""port_closure"": 0.229229, ""labor_strike_disruption"": 0.044182, ""maritime_security_navigation_disruption"": 0.062639}"
929,"[""weather_disruption"", ""maritime_security_navigation_disruption""]","{""weather_disruption"": 0.72654, ""natural_disaster"": 0.041601, ""port_operational_disruption"": 0.068668, ""port_closure"": 0.344254, ""labor_strike_disruption"": 0.079218, ""maritime_security_navigation_disruption"": 0.658467}"
2195,"[""weather_disruption""]","{""weather_disruption"": 0.98947, ""natural_disaster"": 0.177748, ""port_operational_disruption"": 0.023752, ""port_closure"": 0.02262, ""labor_strike_disruption"": 0.030166, ""maritime_security_navigation_disruption"": 0.039033}"
3940,"[""port_operational_disruption"", ""maritime_security_navigation_disruption""]","{""weather_disruption"": 0.220948, ""natural_disaster"": 0.003293, ""port_operational_disruption"": 0.603726, ""port_closure"": 0.200837, ""labor_strike_disruption"": 0.023634, ""maritime_security_navigation_disruption"": 0.918543}"
1793,"[""weather_disruption""]","{""weather_disruption"": 0.982341, ""natural_disaster"": 0.134029, ""port_operational_disruption"": 0.067316, ""port_closure"": 0.126015, ""labor_strike_disruption"": 0.022441, ""maritime_security_navigation_disruption"": 0.06442}"
4225,"[""maritime_security_navigation_disruption""]","{""weather_disruption"": 0.063913, ""natural_disaster"": 0.035115, ""port_operational_disruption"": 0.432639, ""port_closure"": 0.166769, ""labor_strike_disruption"": 0.064811, ""maritime_security_navigation_disruption"": 0.835002}"
2875,"[""weather_disruption"", ""port_closure""]","{""weather_disruption"": 0.949231, ""natural_disaster"": 0.007254, ""port_operational_disruption"": 0.154833, ""port_closure"": 0.923804, ""labor_strike_disruption"": 0.015417, ""maritime_security_navigation_disruption"": 0.301244}"
402,"[""port_operational_disruption"", ""labor_strike_disruption""]","{""weather_disruption"": 0.015744, ""natural_disaster"": 0.007108, ""port_operational_disruption"": 0.654209, ""port_closure"": 0.154267, ""labor_strike_disruption"": 0.965118, ""maritime_security_navigation_disruption"": 0.087495}"
2894,"[""weather_disruption"", ""natural_disaster""]","{""weather_disruption"": 0.694765, ""natural_disaster"": 0.951661, ""port_operational_disruption"": 0.016939, ""port_closure"": 0.285989, ""labor_strike_disruption"": 0.062116, ""maritime_security_navigation_disruption"": 0.078543}"
2864,"[""labor_strike_disruption""]","{""weather_disruption"": 0.013466, ""natural_disaster"": 0.005611, ""port_operational_disruption"": 0.144252, ""port_closure"": 0.080605, ""labor_strike_disruption"": 0.992477, ""maritime_security_navigation_disruption"": 0.12722}"
1946,"[""weather_disruption""]","{""weather_disruption"": 0.988436, ""natural_disaster"": 0.140954, ""port_operational_disruption"": 0.028685, ""port_closure"": 0.051283, ""labor_strike_disruption"": 0.003531, ""maritime_security_navigation_disruption"": 0.154325}"
3015,"[""weather_disruption""]","{""weather_disruption"": 0.985422, ""natural_disaster"": 0.030471, ""port_operational_disruption"": 0.070869, ""port_closure"": 0.039925, ""labor_strike_disruption"": 0.062935, ""maritime_security_navigation_disruption"": 0.042534}"
3221,"[""port_operational_disruption""]","{""weather_disruption"": 0.336966, ""natural_disaster"": 0.007061, ""port_operational_disruption"": 0.96971, ""port_closure"": 0.152583, ""labor_strike_disruption"": 0.018624, ""maritime_security_navigation_disruption"": 0.008949}"
1529,"[""port_operational_disruption""]","{""weather_disruption"": 0.127344, ""natural_disaster"": 0.030543, ""port_operational_disruption"": 0.870694, ""port_closure"": 0.219023, ""labor_strike_disruption"": 0.232686, ""maritime_security_navigation_disruption"": 0.195646}"
3127,"[""port_operational_disruption""]","{""weather_disruption"": 0.147667, ""natural_disaster"": 0.050634, ""port_operational_disruption"": 0.718167, ""port_closure"": 0.057827, ""labor_strike_disruption"": 0.368459, ""maritime_security_navigation_disruption"": 0.200701}"
3817,"[""labor_strike_disruption""]","{""weather_disruption"": 0.016727, ""natural_disaster"": 0.043415, ""port_operational_disruption"": 0.012985, ""port_closure"": 0.016844, ""labor_strike_disruption"": 0.991015, ""maritime_security_navigation_disruption"": 0.153714}"
2905,"[""labor_strike_disruption""]","{""weather_disruption"": 0.052015, ""natural_disaster"": 0.052139, ""port_operational_disruption"": 0.123519, ""port_closure"": 0.009504, ""labor_strike_disruption"": 0.917361, ""maritime_security_navigation_disruption"": 0.056948}"
2934,"[""port_operational_disruption""]","{""weather_disruption"": 0.235178, ""natural_disaster"": 0.006977, ""port_operational_disruption"": 0.964562, ""port_closure"": 0.275504, ""labor_strike_disruption"": 0.018209, ""maritime_security_navigation_disruption"": 0.070971}"
4673,"[""weather_disruption"", ""port_closure""]","{""weather_disruption"": 0.930095, ""natural_disaster"": 0.00688, ""port_operational_disruption"": 0.322577, ""port_closure"": 0.785906, ""labor_strike_disruption"": 0.024729, ""maritime_security_navigation_disruption"": 0.5683}"
1797,"[""port_closure""]","{""weather_disruption"": 0.292145, ""natural_disaster"": 0.023893, ""port_operational_disruption"": 0.451024, ""port_closure"": 0.839583, ""labor_strike_disruption"": 0.031705, ""maritime_security_navigation_disruption"": 0.327678}"
1213,"[""weather_disruption"", ""port_operational_disruption""]","{""weather_disruption"": 0.967302, ""natural_disaster"": 0.01318, ""port_operational_disruption"": 0.677621, ""port_closure"": 0.547908, ""labor_strike_disruption"": 0.03253, ""maritime_security_navigation_disruption"": 0.18459}"
3929,"[""port_operational_disruption""]","{""weather_disruption"": 0.193453, ""natural_disaster"": 0.003205, ""port_operational_disruption"": 0.867397, ""port_closure"": 0.330742, ""labor_strike_disruption"": 0.077641, ""maritime_security_navigation_disruption"": 0.545217}"
4680,"[""weather_disruption"", ""port_closure""]","{""weather_disruption"": 0.935271, ""natural_disaster"": 0.012853, ""port_operational_disruption"": 0.292267, ""port_closure"": 0.977527, ""labor_strike_disruption"": 0.010263, ""maritime_security_navigation_disruption"": 0.097726}"
2528,"[""labor_strike_disruption""]","{""weather_disruption"": 0.02708, ""natural_disaster"": 0.013335, ""port_operational_disruption"": 0.088057, ""port_closure"": 0.031072, ""labor_strike_disruption"": 0.963761, ""maritime_security_navigation_disruption"": 0.224787}"
2884,"[""weather_disruption"", ""port_closure""]","{""weather_disruption"": 0.93142, ""natural_disaster"": 0.020685, ""port_operational_disruption"": 0.324929, ""port_closure"": 0.761207, ""labor_strike_disruption"": 0.042485, ""maritime_security_navigation_disruption"": 0.311001}"
4523,"[""weather_disruption"", ""port_operational_disruption"", ""port_closure""]","{""weather_disruption"": 0.521469, ""natural_disaster"": 0.002356, ""port_operational_disruption"": 0.783396, ""port_closure"": 0.868737, ""labor_strike_disruption"": 0.168955, ""maritime_security_navigation_disruption"": 0.331916}"
4352,"[""labor_strike_disruption""]","{""weather_disruption"": 0.026888, ""natural_disaster"": 0.078973, ""port_operational_disruption"": 0.022427, ""port_closure"": 0.011569, ""labor_strike_disruption"": 0.958194, ""maritime_security_navigation_disruption"": 0.103546}"
4274,"[""maritime_security_navigation_disruption""]","{""weather_disruption"": 0.023803, ""natural_disaster"": 0.029774, ""port_operational_disruption"": 0.032988, ""port_closure"": 0.065195, ""labor_strike_disruption"": 0.170625, ""maritime_security_navigation_disruption"": 0.977023}"
5361,"[""weather_disruption"", ""port_operational_disruption"", ""port_closure""]","{""weather_disruption"": 0.955995, ""natural_disaster"": 0.01211, ""port_operational_disruption"": 0.640618, ""port_closure"": 0.931797, ""labor_strike_disruption"": 0.049314, ""maritime_security_navigation_disruption"": 0.150576}"
3164,"[""labor_strike_disruption""]","{""weather_disruption"": 0.015036, ""natural_disaster"": 0.009836, ""port_operational_disruption"": 0.021439, ""port_closure"": 0.095978, ""labor_strike_disruption"": 0.991386, ""maritime_security_navigation_disruption"": 0.125873}"
3592,"[""maritime_security_navigation_disruption""]","{""weather_disruption"": 0.158492, ""natural_disaster"": 0.007023, ""port_operational_disruption"": 0.404671, ""port_closure"": 0.068529, ""labor_strike_disruption"": 0.061709, ""maritime_security_navigation_disruption"": 0.942491}"
3643,"[""weather_disruption"", ""port_closure"", ""maritime_security_navigation_disruption""]","{""weather_disruption"": 0.901516, ""natural_disaster"": 0.012579, ""port_operational_disruption"": 0.14424, ""port_closure"": 0.908897, ""labor_strike_disruption"": 0.040522, ""maritime_security_navigation_disruption"": 0.710807}"
1991,"[""weather_disruption"", ""port_operational_disruption""]","{""weather_disruption"": 0.737771, ""natural_disaster"": 0.020071, ""port_operational_disruption"": 0.985822, ""port_closure"": 0.253956, ""labor_strike_disruption"": 0.018223, ""maritime_security_navigation_disruption"": 0.0391}"
4732,"[""weather_disruption"", ""maritime_security_navigation_disruption""]","{""weather_disruption"": 0.919813, ""natural_disaster"": 0.012389, ""port_operational_disruption"": 0.253595, ""port_closure"": 0.614932, ""labor_strike_disruption"": 0.051624, ""maritime_security_navigation_disruption"": 0.663336}"
1215,"[""weather_disruption""]","{""weather_disruption"": 0.971316, ""natural_disaster"": 0.058415, ""port_operational_disruption"": 0.545513, ""port_closure"": 0.289088, ""labor_strike_disruption"": 0.020328, ""maritime_security_navigation_disruption"": 0.074333}"
65,"[""weather_disruption""]","{""weather_disruption"": 0.996534, ""natural_disaster"": 0.129408, ""port_operational_disruption"": 0.069407, ""port_closure"": 0.033359, ""labor_strike_disruption"": 0.007564, ""maritime_security_navigation_disruption"": 0.032681}"
5673,"[""weather_disruption""]","{""weather_disruption"": 0.868332, ""natural_disaster"": 0.16068, ""port_operational_disruption"": 0.013949, ""port_closure"": 0.177454, ""labor_strike_disruption"": 0.119485, ""maritime_security_navigation_disruption"": 0.08853}"
5681,"[""labor_strike_disruption""]","{""weather_disruption"": 0.008902, ""natural_disaster"": 0.012135, ""port_operational_disruption"": 0.141208, ""port_closure"": 0.021558, ""labor_strike_disruption"": 0.99214, ""maritime_security_navigation_disruption"": 0.231224}"
1006,"[""weather_disruption""]","{""weather_disruption"": 0.923674, ""natural_disaster"": 0.170772, ""port_operational_disruption"": 0.065488, ""port_closure"": 0.034954, ""labor_strike_disruption"": 0.084758, ""maritime_security_navigation_disruption"": 0.170016}"
908,"[""weather_disruption"", ""port_operational_disruption"", ""port_closure""]","{""weather_disruption"": 0.988206, ""natural_disaster"": 0.011197, ""port_operational_disruption"": 0.707307, ""port_closure"": 0.875114, ""labor_strike_disruption"": 0.018723, ""maritime_security_navigation_disruption"": 0.079577}"
311,"[""labor_strike_disruption""]","{""weather_disruption"": 0.014577, ""natural_disaster"": 0.055053, ""port_operational_disruption"": 0.096839, ""port_closure"": 0.010742, ""labor_strike_disruption"": 0.995374, ""maritime_security_navigation_disruption"": 0.037189}"
4707,"[""port_operational_disruption""]","{""weather_disruption"": 0.070409, ""natural_disaster"": 0.002856, ""port_operational_disruption"": 0.980585, ""port_closure"": 0.174513, ""labor_strike_disruption"": 0.039121, ""maritime_security_navigation_disruption"": 0.165803}"
5470,"[""weather_disruption"", ""port_operational_disruption""]","{""weather_disruption"": 0.992076, ""natural_disaster"": 0.010481, ""port_operational_disruption"": 0.607307, ""port_closure"": 0.736435, ""labor_strike_disruption"": 0.005172, ""maritime_security_navigation_disruption"": 0.051449}"
3617,"[""port_operational_disruption"", ""maritime_security_navigation_disruption""]","{""weather_disruption"": 0.096289, ""natural_disaster"": 0.01057, ""port_operational_disruption"": 0.773955, ""port_closure"": 0.107861, ""labor_strike_disruption"": 0.114257, ""maritime_security_navigation_disruption"": 0.760903}"
1876,"[""labor_strike_disruption""]","{""weather_disruption"": 0.020336, ""natural_disaster"": 0.013695, ""port_operational_disruption"": 0.017612, ""port_closure"": 0.038456, ""labor_strike_disruption"": 0.988724, ""maritime_security_navigation_disruption"": 0.084397}"
2364,"[""weather_disruption"", ""port_operational_disruption""]","{""weather_disruption"": 0.982398, ""natural_disaster"": 0.015201, ""port_operational_disruption"": 0.863419, ""port_closure"": 0.565606, ""labor_strike_disruption"": 0.010579, ""maritime_security_navigation_disruption"": 0.04336}"
2610,"[""labor_strike_disruption""]","{""weather_disruption"": 0.006043, ""natural_disaster"": 0.052754, ""port_operational_disruption"": 0.034918, ""port_closure"": 0.004381, ""labor_strike_disruption"": 0.951115, ""maritime_security_navigation_disruption"": 0.407521}"
2783,"[""port_operational_disruption""]","{""weather_disruption"": 0.11936, ""natural_disaster"": 0.004991, ""port_operational_disruption"": 0.975639, ""port_closure"": 0.083095, ""labor_strike_disruption"": 0.024997, ""maritime_security_navigation_disruption"": 0.057008}"
1316,"[""port_operational_disruption"", ""maritime_security_navigation_disruption""]","{""weather_disruption"": 0.085816, ""natural_disaster"": 0.02682, ""port_operational_disruption"": 0.873931, ""port_closure"": 0.45038, ""labor_strike_disruption"": 0.185769, ""maritime_security_navigation_disruption"": 0.757203}"
1786,"[""weather_disruption""]","{""weather_disruption"": 0.969158, ""natural_disaster"": 0.120643, ""port_operational_disruption"": 0.131889, ""port_closure"": 0.225054, ""labor_strike_disruption"": 0.01009, ""maritime_security_navigation_disruption"": 0.444867}"
2588,"[""natural_disaster""]","{""weather_disruption"": 0.283087, ""natural_disaster"": 0.979927, ""port_operational_disruption"": 0.031458, ""port_closure"": 0.008776, ""labor_strike_disruption"": 0.057367, ""maritime_security_navigation_disruption"": 0.040048}"
4508,"[""weather_disruption"", ""port_operational_disruption"", ""maritime_security_navigation_disruption""]","{""weather_disruption"": 0.878655, ""natural_disaster"": 0.008923, ""port_operational_disruption"": 0.583631, ""port_closure"": 0.485836, ""labor_strike_disruption"": 0.021742, ""maritime_security_navigation_disruption"": 0.718281}"
2829,"[""labor_strike_disruption""]","{""weather_disruption"": 0.117532, ""natural_disaster"": 0.005607, ""port_operational_disruption"": 0.286703, ""port_closure"": 0.235606, ""labor_strike_disruption"": 0.916103, ""maritime_security_navigation_disruption"": 0.201542}"
1112,"[""port_operational_disruption"", ""maritime_security_navigation_disruption""]","{""weather_disruption"": 0.106855, ""natural_disaster"": 0.041784, ""port_operational_disruption"": 0.555957, ""port_closure"": 0.029993, ""labor_strike_disruption"": 0.107436, ""maritime_security_navigation_disruption"": 0.761055}"
1581,"[""labor_strike_disruption""]","{""weather_disruption"": 0.007336, ""natural_disaster"": 0.01002, ""port_operational_disruption"": 0.080649, ""port_closure"": 0.009828, ""labor_strike_disruption"": 0.99614, ""maritime_security_navigation_disruption"": 0.051754}"
438,"[""weather_disruption""]","{""weather_disruption"": 0.992398, ""natural_disaster"": 0.209658, ""port_operational_disruption"": 0.112704, ""port_closure"": 0.105024, ""labor_strike_disruption"": 0.010185, ""maritime_security_navigation_disruption"": 0.220368}"
4783,"[""weather_disruption""]","{""weather_disruption"": 0.986874, ""natural_disaster"": 0.403566, ""port_operational_disruption"": 0.011544, ""port_closure"": 0.013789, ""labor_strike_disruption"": 0.030497, ""maritime_security_navigation_disruption"": 0.066695}"
1211,"[""weather_disruption"", ""port_operational_disruption""]","{""weather_disruption"": 0.923488, ""natural_disaster"": 0.019189, ""port_operational_disruption"": 0.850291, ""port_closure"": 0.441342, ""labor_strike_disruption"": 0.008965, ""maritime_security_navigation_disruption"": 0.116211}"
3604,"[""maritime_security_navigation_disruption""]","{""weather_disruption"": 0.126712, ""natural_disaster"": 0.008856, ""port_operational_disruption"": 0.191081, ""port_closure"": 0.123374, ""labor_strike_disruption"": 0.032141, ""maritime_security_navigation_disruption"": 0.943135}"
3045,"[""port_operational_disruption""]","{""weather_disruption"": 0.053911, ""natural_disaster"": 0.008349, ""port_operational_disruption"": 0.983016, ""port_closure"": 0.084341, ""labor_strike_disruption"": 0.029133, ""maritime_security_navigation_disruption"": 0.080194}"
4216,"[""weather_disruption"", ""port_operational_disruption"", ""port_closure""]","{""weather_disruption"": 0.98592, ""natural_disaster"": 0.007406, ""port_operational_disruption"": 0.70772, ""port_closure"": 0.756728, ""labor_strike_disruption"": 0.022443, ""maritime_security_navigation_disruption"": 0.110823}"
2823,"[""weather_disruption"", ""port_operational_disruption""]","{""weather_disruption"": 0.964578, ""natural_disaster"": 0.012574, ""port_operational_disruption"": 0.781906, ""port_closure"": 0.583172, ""labor_strike_disruption"": 0.0543, ""maritime_security_navigation_disruption"": 0.10794}"
5316,"[""weather_disruption""]","{""weather_disruption"": 0.956409, ""natural_disaster"": 0.194924, ""port_operational_disruption"": 0.03643, ""port_closure"": 0.046377, ""labor_strike_disruption"": 0.00694, ""maritime_security_navigation_disruption"": 0.130955}"
4120,"[""weather_disruption""]","{""weather_disruption"": 0.993029, ""natural_disaster"": 0.378432, ""port_operational_disruption"": 0.088264, ""port_closure"": 0.115626, ""labor_strike_disruption"": 0.036351, ""maritime_security_navigation_disruption"": 0.013287}"
4043,"[""labor_strike_disruption""]","{""weather_disruption"": 0.048984, ""natural_disaster"": 0.04447, ""port_operational_disruption"": 0.100339, ""port_closure"": 0.242402, ""labor_strike_disruption"": 0.943771, ""maritime_security_navigation_disruption"": 0.050278}"
3785,"[""labor_strike_disruption""]","{""weather_disruption"": 0.018597, ""natural_disaster"": 0.020485, ""port_operational_disruption"": 0.039602, ""port_closure"": 0.00542, ""labor_strike_disruption"": 0.977483, ""maritime_security_navigation_disruption"": 0.286477}"
1157,"[""weather_disruption""]","{""weather_disruption"": 0.85358, ""natural_disaster"": 0.055771, ""port_operational_disruption"": 0.070066, ""port_closure"": 0.468606, ""labor_strike_disruption"": 0.234623, ""maritime_security_navigation_disruption"": 0.128058}"
1204,"[""weather_disruption"", ""port_closure""]","{""weather_disruption"": 0.988876, ""natural_disaster"": 0.014549, ""port_operational_disruption"": 0.387359, ""port_closure"": 0.932265, ""labor_strike_disruption"": 0.015774, ""maritime_security_navigation_disruption"": 0.359631}"
3775,"[""weather_disruption"", ""maritime_security_navigation_disruption""]","{""weather_disruption"": 0.544453, ""natural_disaster"": 0.02495, ""port_operational_disruption"": 0.145286, ""port_closure"": 0.168999, ""labor_strike_disruption"": 0.158984, ""maritime_security_navigation_disruption"": 0.958023}"
5609,"[""labor_strike_disruption""]","{""weather_disruption"": 0.033053, ""natural_disaster"": 0.013398, ""port_operational_disruption"": 0.081207, ""port_closure"": 0.02511, ""labor_strike_disruption"": 0.976473, ""maritime_security_navigation_disruption"": 0.263807}"
3978,"[""weather_disruption"", ""port_closure""]","{""weather_disruption"": 0.963452, ""natural_disaster"": 0.018878, ""port_operational_disruption"": 0.268259, ""port_closure"": 0.944819, ""labor_strike_disruption"": 0.004712, ""maritime_security_navigation_disruption"": 0.207848}"
3632,"[""weather_disruption"", ""port_operational_disruption""]","{""weather_disruption"": 0.980974, ""natural_disaster"": 0.013737, ""port_operational_disruption"": 0.61494, ""port_closure"": 0.722917, ""labor_strike_disruption"": 0.024298, ""maritime_security_navigation_disruption"": 0.037424}"
1806,"[""maritime_security_navigation_disruption""]","{""weather_disruption"": 0.300532, ""natural_disaster"": 0.104269, ""port_operational_disruption"": 0.355571, ""port_closure"": 0.061822, ""labor_strike_disruption"": 0.061618, ""maritime_security_navigation_disruption"": 0.696898}"
2069,"[""weather_disruption"", ""port_closure""]","{""weather_disruption"": 0.988855, ""natural_disaster"": 0.007082, ""port_operational_disruption"": 0.490958, ""port_closure"": 0.887585, ""labor_strike_disruption"": 0.005749, ""maritime_security_navigation_disruption"": 0.159921}"
5251,"[""labor_strike_disruption""]","{""weather_disruption"": 0.012658, ""natural_disaster"": 0.041517, ""port_operational_disruption"": 0.061222, ""port_closure"": 0.018285, ""labor_strike_disruption"": 0.984535, ""maritime_security_navigation_disruption"": 0.206653}"
4453,"[""weather_disruption"", ""maritime_security_navigation_disruption""]","{""weather_disruption"": 0.898817, ""natural_disaster"": 0.007913, ""port_operational_disruption"": 0.330968, ""port_closure"": 0.600316, ""labor_strike_disruption"": 0.049891, ""maritime_security_navigation_disruption"": 0.70453}"
1108,"[""labor_strike_disruption""]","{""weather_disruption"": 0.012254, ""natural_disaster"": 0.010521, ""port_operational_disruption"": 0.023835, ""port_closure"": 0.007929, ""labor_strike_disruption"": 0.963935, ""maritime_security_navigation_disruption"": 0.142947}"
4782,"[""labor_strike_disruption""]","{""weather_disruption"": 0.08328, ""natural_disaster"": 0.026054, ""port_operational_disruption"": 0.025986, ""port_closure"": 0.08732, ""labor_strike_disruption"": 0.985614, ""maritime_security_navigation_disruption"": 0.042755}"
3416,"[""weather_disruption"", ""port_closure""]","{""weather_disruption"": 0.932162, ""natural_disaster"": 0.006629, ""port_operational_disruption"": 0.467524, ""port_closure"": 0.966129, ""labor_strike_disruption"": 0.043899, ""maritime_security_navigation_disruption"": 0.086885}"
3455,"[""maritime_security_navigation_disruption""]","{""weather_disruption"": 0.020313, ""natural_disaster"": 0.011114, ""port_operational_disruption"": 0.233032, ""port_closure"": 0.040981, ""labor_strike_disruption"": 0.248981, ""maritime_security_navigation_disruption"": 0.981502}"
2275,"[""labor_strike_disruption""]","{""weather_disruption"": 0.103587, ""natural_disaster"": 0.114519, ""port_operational_disruption"": 0.053212, ""port_closure"": 0.039453, ""labor_strike_disruption"": 0.985526, ""maritime_security_navigation_disruption"": 0.02113}"
4611,"[""labor_strike_disruption""]","{""weather_disruption"": 0.012711, ""natural_disaster"": 0.049211, ""port_operational_disruption"": 0.259844, ""port_closure"": 0.014278, ""labor_strike_disruption"": 0.926044, ""maritime_security_navigation_disruption"": 0.562411}"
2713,"[""port_operational_disruption""]","{""weather_disruption"": 0.210199, ""natural_disaster"": 0.006617, ""port_operational_disruption"": 0.978479, ""port_closure"": 0.132091, ""labor_strike_disruption"": 0.016339, ""maritime_security_navigation_disruption"": 0.022182}"
4515,"[""port_operational_disruption"", ""port_closure""]","{""weather_disruption"": 0.377503, ""natural_disaster"": 0.021786, ""port_operational_disruption"": 0.595657, ""port_closure"": 0.848472, ""labor_strike_disruption"": 0.036471, ""maritime_security_navigation_disruption"": 0.307993}"
3876,"[""weather_disruption"", ""port_operational_disruption"", ""port_closure""]","{""weather_disruption"": 0.704676, ""natural_disaster"": 0.003923, ""port_operational_disruption"": 0.713898, ""port_closure"": 0.836141, ""labor_strike_disruption"": 0.020317, ""maritime_security_navigation_disruption"": 0.544319}"
4484,"[""weather_disruption"", ""port_operational_disruption"", ""port_closure""]","{""weather_disruption"": 0.889418, ""natural_disaster"": 0.006728, ""port_operational_disruption"": 0.730573, ""port_closure"": 0.832919, ""labor_strike_disruption"": 0.105604, ""maritime_security_navigation_disruption"": 0.096676}"
2539,"[""weather_disruption""]","{""weather_disruption"": 0.982752, ""natural_disaster"": 0.116483, ""port_operational_disruption"": 0.071249, ""port_closure"": 0.008391, ""labor_strike_disruption"": 0.049824, ""maritime_security_navigation_disruption"": 0.021629}"
4645,"[""port_operational_disruption""]","{""weather_disruption"": 0.212433, ""natural_disaster"": 0.032352, ""port_operational_disruption"": 0.879022, ""port_closure"": 0.087612, ""labor_strike_disruption"": 0.019085, ""maritime_security_navigation_disruption"": 0.032434}"
1676,"[""labor_strike_disruption""]","{""weather_disruption"": 0.072029, ""natural_disaster"": 0.033096, ""port_operational_disruption"": 0.029273, ""port_closure"": 0.003134, ""labor_strike_disruption"": 0.981427, ""maritime_security_navigation_disruption"": 0.061475}"
5373,"[""port_operational_disruption"", ""labor_strike_disruption""]","{""weather_disruption"": 0.040215, ""natural_disaster"": 0.003137, ""port_operational_disruption"": 0.731477, ""port_closure"": 0.27312, ""labor_strike_disruption"": 0.754302, ""maritime_security_navigation_disruption"": 0.345048}"
5544,"[""labor_strike_disruption""]","{""weather_disruption"": 0.05149, ""natural_disaster"": 0.153634, ""port_operational_disruption"": 0.456374, ""port_closure"": 0.063891, ""labor_strike_disruption"": 0.709886, ""maritime_security_navigation_disruption"": 0.277768}"
4090,"[""labor_strike_disruption""]","{""weather_disruption"": 0.007374, ""natural_disaster"": 0.059156, ""port_operational_disruption"": 0.024311, ""port_closure"": 0.059014, ""labor_strike_disruption"": 0.992108, ""maritime_security_navigation_disruption"": 0.059069}"
827,"[""weather_disruption"", ""port_operational_disruption""]","{""weather_disruption"": 0.542325, ""natural_disaster"": 0.00322, ""port_operational_disruption"": 0.987505, ""port_closure"": 0.059056, ""labor_strike_disruption"": 0.026182, ""maritime_security_navigation_disruption"": 0.034411}"
603,"[""labor_strike_disruption""]","{""weather_disruption"": 0.012689, ""natural_disaster"": 0.035508, ""port_operational_disruption"": 0.052429, ""port_closure"": 0.015464, ""labor_strike_disruption"": 0.982316, ""maritime_security_navigation_disruption"": 0.078758}"
1662,"[""labor_strike_disruption"", ""maritime_security_navigation_disruption""]","{""weather_disruption"": 0.304489, ""natural_disaster"": 0.010295, ""port_operational_disruption"": 0.065633, ""port_closure"": 0.259277, ""labor_strike_disruption"": 0.574276, ""maritime_security_navigation_disruption"": 0.94116}"
3284,"[""port_operational_disruption"", ""labor_strike_disruption""]","{""weather_disruption"": 0.026752, ""natural_disaster"": 0.027034, ""port_operational_disruption"": 0.69708, ""port_closure"": 0.019921, ""labor_strike_disruption"": 0.717997, ""maritime_security_navigation_disruption"": 0.13784}"
2381,"[""labor_strike_disruption""]","{""weather_disruption"": 0.01713, ""natural_disaster"": 0.006974, ""port_operational_disruption"": 0.074391, ""port_closure"": 0.064195, ""labor_strike_disruption"": 0.992747, ""maritime_security_navigation_disruption"": 0.227888}"
3787,"[""port_operational_disruption""]","{""weather_disruption"": 0.057337, ""natural_disaster"": 0.025941, ""port_operational_disruption"": 0.976939, ""port_closure"": 0.076108, ""labor_strike_disruption"": 0.036806, ""maritime_security_navigation_disruption"": 0.151471}"
1019,"[""weather_disruption""]","{""weather_disruption"": 0.982051, ""natural_disaster"": 0.237635, ""port_operational_disruption"": 0.044099, ""port_closure"": 0.075268, ""labor_strike_disruption"": 0.022179, ""maritime_security_navigation_disruption"": 0.034224}"
4627,"[""port_operational_disruption""]","{""weather_disruption"": 0.111675, ""natural_disaster"": 0.004841, ""port_operational_disruption"": 0.986728, ""port_closure"": 0.143977, ""labor_strike_disruption"": 0.030243, ""maritime_security_navigation_disruption"": 0.027967}"
1369,"[""port_operational_disruption"", ""labor_strike_disruption""]","{""weather_disruption"": 0.037904, ""natural_disaster"": 0.012588, ""port_operational_disruption"": 0.753676, ""port_closure"": 0.030754, ""labor_strike_disruption"": 0.890628, ""maritime_security_navigation_disruption"": 0.056351}"
1845,"[""port_operational_disruption""]","{""weather_disruption"": 0.134805, ""natural_disaster"": 0.014875, ""port_operational_disruption"": 0.977979, ""port_closure"": 0.021916, ""labor_strike_disruption"": 0.086748, ""maritime_security_navigation_disruption"": 0.029946}"
586,"[""maritime_security_navigation_disruption""]","{""weather_disruption"": 0.035135, ""natural_disaster"": 0.01153, ""port_operational_disruption"": 0.515532, ""port_closure"": 0.242698, ""labor_strike_disruption"": 0.119548, ""maritime_security_navigation_disruption"": 0.916321}"
1032,"[""natural_disaster""]","{""weather_disruption"": 0.191237, ""natural_disaster"": 0.964641, ""port_operational_disruption"": 0.032957, ""port_closure"": 0.018714, ""labor_strike_disruption"": 0.05662, ""maritime_security_navigation_disruption"": 0.049904}"
3089,"[""labor_strike_disruption""]","{""weather_disruption"": 0.047856, ""natural_disaster"": 0.026022, ""port_operational_disruption"": 0.246992, ""port_closure"": 0.010085, ""labor_strike_disruption"": 0.955149, ""maritime_security_navigation_disruption"": 0.066261}"
80,"[""port_operational_disruption""]","{""weather_disruption"": 0.405754, ""natural_disaster"": 0.0036, ""port_operational_disruption"": 0.955239, ""port_closure"": 0.544275, ""labor_strike_disruption"": 0.024471, ""maritime_security_navigation_disruption"": 0.060359}"
1900,"[""weather_disruption"", ""port_operational_disruption"", ""port_closure""]","{""weather_disruption"": 0.957128, ""natural_disaster"": 0.007922, ""port_operational_disruption"": 0.66376, ""port_closure"": 0.828969, ""labor_strike_disruption"": 0.03393, ""maritime_security_navigation_disruption"": 0.11802}"
3938,"[""port_operational_disruption""]","{""weather_disruption"": 0.228632, ""natural_disaster"": 0.008109, ""port_operational_disruption"": 0.946595, ""port_closure"": 0.112755, ""labor_strike_disruption"": 0.040277, ""maritime_security_navigation_disruption"": 0.124788}"
3618,"[""weather_disruption"", ""port_operational_disruption""]","{""weather_disruption"": 0.816799, ""natural_disaster"": 0.003237, ""port_operational_disruption"": 0.963447, ""port_closure"": 0.231807, ""labor_strike_disruption"": 0.058932, ""maritime_security_navigation_disruption"": 0.184244}"
2329,"[""weather_disruption"", ""port_operational_disruption""]","{""weather_disruption"": 0.968803, ""natural_disaster"": 0.008363, ""port_operational_disruption"": 0.820978, ""port_closure"": 0.523234, ""labor_strike_disruption"": 0.059459, ""maritime_security_navigation_disruption"": 0.0789}"
2219,"[""port_operational_disruption"", ""maritime_security_navigation_disruption""]","{""weather_disruption"": 0.023133, ""natural_disaster"": 0.03126, ""port_operational_disruption"": 0.579823, ""port_closure"": 0.008165, ""labor_strike_disruption"": 0.294592, ""maritime_security_navigation_disruption"": 0.889506}"
3099,"[""weather_disruption""]","{""weather_disruption"": 0.985552, ""natural_disaster"": 0.026725, ""port_operational_disruption"": 0.043439, ""port_closure"": 0.157124, ""labor_strike_disruption"": 0.01541, ""maritime_security_navigation_disruption"": 0.463726}"
5556,"[""weather_disruption""]","{""weather_disruption"": 0.970208, ""natural_disaster"": 0.118793, ""port_operational_disruption"": 0.036507, ""port_closure"": 0.075648, ""labor_strike_disruption"": 0.022709, ""maritime_security_navigation_disruption"": 0.253057}"
2561,"[""labor_strike_disruption""]","{""weather_disruption"": 0.104605, ""natural_disaster"": 0.080881, ""port_operational_disruption"": 0.032636, ""port_closure"": 0.021711, ""labor_strike_disruption"": 0.952062, ""maritime_security_navigation_disruption"": 0.061327}"
4637,"[""weather_disruption"", ""port_closure""]","{""weather_disruption"": 0.942264, ""natural_disaster"": 0.01801, ""port_operational_disruption"": 0.265391, ""port_closure"": 0.872692, ""labor_strike_disruption"": 0.018318, ""maritime_security_navigation_disruption"": 0.369301}"
4011,"[""weather_disruption"", ""port_closure""]","{""weather_disruption"": 0.94454, ""natural_disaster"": 0.036987, ""port_operational_disruption"": 0.258271, ""port_closure"": 0.980914, ""labor_strike_disruption"": 0.011742, ""maritime_security_navigation_disruption"": 0.185139}"
3047,"[""port_operational_disruption""]","{""weather_disruption"": 0.28267, ""natural_disaster"": 0.005058, ""port_operational_disruption"": 0.967461, ""port_closure"": 0.215388, ""labor_strike_disruption"": 0.022509, ""maritime_security_navigation_disruption"": 0.052501}"
572,"[""port_operational_disruption""]","{""weather_disruption"": 0.101119, ""natural_disaster"": 0.005018, ""port_operational_disruption"": 0.959408, ""port_closure"": 0.124531, ""labor_strike_disruption"": 0.339194, ""maritime_security_navigation_disruption"": 0.070767}"
1571,"[""port_operational_disruption"", ""maritime_security_navigation_disruption""]","{""weather_disruption"": 0.044452, ""natural_disaster"": 0.00417, ""port_operational_disruption"": 0.581116, ""port_closure"": 0.050367, ""labor_strike_disruption"": 0.231747, ""maritime_security_navigation_disruption"": 0.803037}"
4522,"[""weather_disruption"", ""port_operational_disruption""]","{""weather_disruption"": 0.652641, ""natural_disaster"": 0.012807, ""port_operational_disruption"": 0.924712, ""port_closure"": 0.532915, ""labor_strike_disruption"": 0.037606, ""maritime_security_navigation_disruption"": 0.186522}"
3903,"[""weather_disruption"", ""port_operational_disruption"", ""port_closure""]","{""weather_disruption"": 0.888991, ""natural_disaster"": 0.004538, ""port_operational_disruption"": 0.596776, ""port_closure"": 0.912418, ""labor_strike_disruption"": 0.077949, ""maritime_security_navigation_disruption"": 0.147211}"
2186,"[""port_operational_disruption""]","{""weather_disruption"": 0.069654, ""natural_disaster"": 0.011219, ""port_operational_disruption"": 0.823702, ""port_closure"": 0.066037, ""labor_strike_disruption"": 0.040747, ""maritime_security_navigation_disruption"": 0.363736}"
3450,"[""port_operational_disruption""]","{""weather_disruption"": 0.280291, ""natural_disaster"": 0.047374, ""port_operational_disruption"": 0.834299, ""port_closure"": 0.111443, ""labor_strike_disruption"": 0.042701, ""maritime_security_navigation_disruption"": 0.227393}"
1269,"[""labor_strike_disruption""]","{""weather_disruption"": 0.019984, ""natural_disaster"": 0.025528, ""port_operational_disruption"": 0.033407, ""port_closure"": 0.002778, ""labor_strike_disruption"": 0.98685, ""maritime_security_navigation_disruption"": 0.038246}"
595,"[""labor_strike_disruption""]","{""weather_disruption"": 0.171568, ""natural_disaster"": 0.059855, ""port_operational_disruption"": 0.058744, ""port_closure"": 0.190979, ""labor_strike_disruption"": 0.873423, ""maritime_security_navigation_disruption"": 0.123087}"
4122,"[""weather_disruption""]","{""weather_disruption"": 0.990117, ""natural_disaster"": 0.062984, ""port_operational_disruption"": 0.087044, ""port_closure"": 0.078565, ""labor_strike_disruption"": 0.018054, ""maritime_security_navigation_disruption"": 0.026451}"
4738,"[""labor_strike_disruption""]","{""weather_disruption"": 0.103767, ""natural_disaster"": 0.011097, ""port_operational_disruption"": 0.174997, ""port_closure"": 0.087406, ""labor_strike_disruption"": 0.935835, ""maritime_security_navigation_disruption"": 0.122696}"
37,"[""port_closure""]","{""weather_disruption"": 0.487277, ""natural_disaster"": 0.005438, ""port_operational_disruption"": 0.289597, ""port_closure"": 0.917334, ""labor_strike_disruption"": 0.27704, ""maritime_security_navigation_disruption"": 0.566265}"
1613,"[""weather_disruption"", ""port_operational_disruption""]","{""weather_disruption"": 0.974953, ""natural_disaster"": 0.016263, ""port_operational_disruption"": 0.666118, ""port_closure"": 0.577376, ""labor_strike_disruption"": 0.018891, ""maritime_security_navigation_disruption"": 0.130898}"
4275,"[""maritime_security_navigation_disruption""]","{""weather_disruption"": 0.064889, ""natural_disaster"": 0.039427, ""port_operational_disruption"": 0.312104, ""port_closure"": 0.016533, ""labor_strike_disruption"": 0.30103, ""maritime_security_navigation_disruption"": 0.79861}"
5048,"[""port_operational_disruption""]","{""weather_disruption"": 0.026253, ""natural_disaster"": 0.006804, ""port_operational_disruption"": 0.819695, ""port_closure"": 0.063221, ""labor_strike_disruption"": 0.073856, ""maritime_security_navigation_disruption"": 0.583317}"
797,"[""labor_strike_disruption""]","{""weather_disruption"": 0.006911, ""natural_disaster"": 0.01451, ""port_operational_disruption"": 0.038221, ""port_closure"": 0.004333, ""labor_strike_disruption"": 0.992026, ""maritime_security_navigation_disruption"": 0.029521}"
5682,"[""weather_disruption"", ""port_closure""]","{""weather_disruption"": 0.899367, ""natural_disaster"": 0.007574, ""port_operational_disruption"": 0.485365, ""port_closure"": 0.905202, ""labor_strike_disruption"": 0.030002, ""maritime_security_navigation_disruption"": 0.339334}"
5765,"[""weather_disruption"", ""port_operational_disruption""]","{""weather_disruption"": 0.803067, ""natural_disaster"": 0.011637, ""port_operational_disruption"": 0.790002, ""port_closure"": 0.317996, ""labor_strike_disruption"": 0.054108, ""maritime_security_navigation_disruption"": 0.46729}"
142,"[""port_operational_disruption"", ""maritime_security_navigation_disruption""]","{""weather_disruption"": 0.044676, ""natural_disaster"": 0.010314, ""port_operational_disruption"": 0.847107, ""port_closure"": 0.142708, ""labor_strike_disruption"": 0.044827, ""maritime_security_navigation_disruption"": 0.952224}"
4510,"[""weather_disruption"", ""port_closure""]","{""weather_disruption"": 0.936819, ""natural_disaster"": 0.010908, ""port_operational_disruption"": 0.393536, ""port_closure"": 0.98039, ""labor_strike_disruption"": 0.023004, ""maritime_security_navigation_disruption"": 0.169462}"
1378,"[""port_operational_disruption""]","{""weather_disruption"": 0.165712, ""natural_disaster"": 0.006108, ""port_operational_disruption"": 0.98253, ""port_closure"": 0.159816, ""labor_strike_disruption"": 0.041274, ""maritime_security_navigation_disruption"": 0.03071}"
2192,"[""port_operational_disruption""]","{""weather_disruption"": 0.409784, ""natural_disaster"": 0.020127, ""port_operational_disruption"": 0.931518, ""port_closure"": 0.156739, ""labor_strike_disruption"": 0.025318, ""maritime_security_navigation_disruption"": 0.091341}"
5642,"[""labor_strike_disruption""]","{""weather_disruption"": 0.172499, ""natural_disaster"": 0.040066, ""port_operational_disruption"": 0.051026, ""port_closure"": 0.181002, ""labor_strike_disruption"": 0.95376, ""maritime_security_navigation_disruption"": 0.044791}"
772,"[""labor_strike_disruption""]","{""weather_disruption"": 0.008836, ""natural_disaster"": 0.061805, ""port_operational_disruption"": 0.041803, ""port_closure"": 0.004123, ""labor_strike_disruption"": 0.995137, ""maritime_security_navigation_disruption"": 0.26994}"
3745,"[""maritime_security_navigation_disruption""]","{""weather_disruption"": 0.173333, ""natural_disaster"": 0.005091, ""port_operational_disruption"": 0.250825, ""port_closure"": 0.304692, ""labor_strike_disruption"": 0.064279, ""maritime_security_navigation_disruption"": 0.850562}"
1956,"[""labor_strike_disruption""]","{""weather_disruption"": 0.003992, ""natural_disaster"": 0.053642, ""port_operational_disruption"": 0.023946, ""port_closure"": 0.004936, ""labor_strike_disruption"": 0.99756, ""maritime_security_navigation_disruption"": 0.045907}"
757,"[""weather_disruption""]","{""weather_disruption"": 0.915039, ""natural_disaster"": 0.112734, ""port_operational_disruption"": 0.067548, ""port_closure"": 0.080503, ""labor_strike_disruption"": 0.067334, ""maritime_security_navigation_disruption"": 0.042148}"
1199,"[""port_operational_disruption""]","{""weather_disruption"": 0.077059, ""natural_disaster"": 0.008473, ""port_operational_disruption"": 0.958334, ""port_closure"": 0.068066, ""labor_strike_disruption"": 0.029426, ""maritime_security_navigation_disruption"": 0.062156}"
2371,"[""weather_disruption"", ""port_operational_disruption""]","{""weather_disruption"": 0.973677, ""natural_disaster"": 0.014672, ""port_operational_disruption"": 0.823422, ""port_closure"": 0.500699, ""labor_strike_disruption"": 0.023811, ""maritime_security_navigation_disruption"": 0.122796}"
2270,[],"{""weather_disruption"": 0.125328, ""natural_disaster"": 0.007567, ""port_operational_disruption"": 0.252647, ""port_closure"": 0.074682, ""labor_strike_disruption"": 0.434044, ""maritime_security_navigation_disruption"": 0.537775}"
2732,"[""port_operational_disruption""]","{""weather_disruption"": 0.117462, ""natural_disaster"": 0.00801, ""port_operational_disruption"": 0.978249, ""port_closure"": 0.093176, ""labor_strike_disruption"": 0.017156, ""maritime_security_navigation_disruption"": 0.069547}"
2554,"[""labor_strike_disruption""]","{""weather_disruption"": 0.091669, ""natural_disaster"": 0.106594, ""port_operational_disruption"": 0.0142, ""port_closure"": 0.033665, ""labor_strike_disruption"": 0.98315, ""maritime_security_navigation_disruption"": 0.072402}"
2443,"[""port_operational_disruption"", ""labor_strike_disruption""]","{""weather_disruption"": 0.01148, ""natural_disaster"": 0.006548, ""port_operational_disruption"": 0.888807, ""port_closure"": 0.145165, ""labor_strike_disruption"": 0.618859, ""maritime_security_navigation_disruption"": 0.310111}"
662,"[""labor_strike_disruption""]","{""weather_disruption"": 0.027313, ""natural_disaster"": 0.056171, ""port_operational_disruption"": 0.058054, ""port_closure"": 0.023244, ""labor_strike_disruption"": 0.992261, ""maritime_security_navigation_disruption"": 0.038214}"
3180,"[""maritime_security_navigation_disruption""]","{""weather_disruption"": 0.013563, ""natural_disaster"": 0.015726, ""port_operational_disruption"": 0.116559, ""port_closure"": 0.00431, ""labor_strike_disruption"": 0.20319, ""maritime_security_navigation_disruption"": 0.953842}"
4267,"[""maritime_security_navigation_disruption""]","{""weather_disruption"": 0.037513, ""natural_disaster"": 0.01241, ""port_operational_disruption"": 0.13479, ""port_closure"": 0.118074, ""labor_strike_disruption"": 0.040706, ""maritime_security_navigation_disruption"": 0.971906}"
1028,"[""labor_strike_disruption""]","{""weather_disruption"": 0.048129, ""natural_disaster"": 0.005749, ""port_operational_disruption"": 0.392186, ""port_closure"": 0.13005, ""labor_strike_disruption"": 0.925563, ""maritime_security_navigation_disruption"": 0.113233}"
4196,"[""weather_disruption"", ""port_operational_disruption""]","{""weather_disruption"": 0.987534, ""natural_disaster"": 0.013428, ""port_operational_disruption"": 0.732493, ""port_closure"": 0.69977, ""labor_strike_disruption"": 0.001989, ""maritime_security_navigation_disruption"": 0.083579}"
4391,"[""weather_disruption"", ""port_operational_disruption""]","{""weather_disruption"": 0.579176, ""natural_disaster"": 0.004012, ""port_operational_disruption"": 0.959739, ""port_closure"": 0.162939, ""labor_strike_disruption"": 0.018052, ""maritime_security_navigation_disruption"": 0.025274}"
5582,"[""natural_disaster""]","{""weather_disruption"": 0.178634, ""natural_disaster"": 0.969129, ""port_operational_disruption"": 0.024244, ""port_closure"": 0.016949, ""labor_strike_disruption"": 0.104201, ""maritime_security_navigation_disruption"": 0.049199}"
3111,"[""weather_disruption""]","{""weather_disruption"": 0.993733, ""natural_disaster"": 0.032489, ""port_operational_disruption"": 0.047646, ""port_closure"": 0.226558, ""labor_strike_disruption"": 0.007836, ""maritime_security_navigation_disruption"": 0.274705}"
4115,"[""weather_disruption""]","{""weather_disruption"": 0.992826, ""natural_disaster"": 0.14463, ""port_operational_disruption"": 0.083971, ""port_closure"": 0.041418, ""labor_strike_disruption"": 0.028944, ""maritime_security_navigation_disruption"": 0.02772}"
5678,"[""weather_disruption""]","{""weather_disruption"": 0.990921, ""natural_disaster"": 0.198207, ""port_operational_disruption"": 0.128442, ""port_closure"": 0.032039, ""labor_strike_disruption"": 0.013509, ""maritime_security_navigation_disruption"": 0.037381}"
4825,"[""weather_disruption"", ""port_operational_disruption""]","{""weather_disruption"": 0.687547, ""natural_disaster"": 0.004393, ""port_operational_disruption"": 0.86529, ""port_closure"": 0.644014, ""labor_strike_disruption"": 0.023685, ""maritime_security_navigation_disruption"": 0.071023}"
2634,"[""weather_disruption""]","{""weather_disruption"": 0.994435, ""natural_disaster"": 0.162495, ""port_operational_disruption"": 0.334677, ""port_closure"": 0.0329, ""labor_strike_disruption"": 0.002888, ""maritime_security_navigation_disruption"": 0.060978}"
4392,"[""port_operational_disruption""]","{""weather_disruption"": 0.42681, ""natural_disaster"": 0.01129, ""port_operational_disruption"": 0.960635, ""port_closure"": 0.354753, ""labor_strike_disruption"": 0.012966, ""maritime_security_navigation_disruption"": 0.035631}"
4082,"[""port_operational_disruption""]","{""weather_disruption"": 0.135007, ""natural_disaster"": 0.007863, ""port_operational_disruption"": 0.844665, ""port_closure"": 0.252468, ""labor_strike_disruption"": 0.031842, ""maritime_security_navigation_disruption"": 0.213267}"
1885,"[""labor_strike_disruption""]","{""weather_disruption"": 0.116603, ""natural_disaster"": 0.049898, ""port_operational_disruption"": 0.031458, ""port_closure"": 0.001788, ""labor_strike_disruption"": 0.993449, ""maritime_security_navigation_disruption"": 0.008792}"
5677,"[""weather_disruption""]","{""weather_disruption"": 0.986892, ""natural_disaster"": 0.327743, ""port_operational_disruption"": 0.056482, ""port_closure"": 0.197418, ""labor_strike_disruption"": 0.005328, ""maritime_security_navigation_disruption"": 0.149645}"
3918,"[""maritime_security_navigation_disruption""]","{""weather_disruption"": 0.309182, ""natural_disaster"": 0.005867, ""port_operational_disruption"": 0.357287, ""port_closure"": 0.287246, ""labor_strike_disruption"": 0.016796, ""maritime_security_navigation_disruption"": 0.872439}"
2900,"[""weather_disruption""]","{""weather_disruption"": 0.924592, ""natural_disaster"": 0.007731, ""port_operational_disruption"": 0.538156, ""port_closure"": 0.694556, ""labor_strike_disruption"": 0.084984, ""maritime_security_navigation_disruption"": 0.262718}"
3628,"[""weather_disruption"", ""port_closure""]","{""weather_disruption"": 0.989986, ""natural_disaster"": 0.019058, ""port_operational_disruption"": 0.501238, ""port_closure"": 0.91506, ""labor_strike_disruption"": 0.003701, ""maritime_security_navigation_disruption"": 0.130835}"
283,"[""weather_disruption"", ""port_operational_disruption""]","{""weather_disruption"": 0.995294, ""natural_disaster"": 0.008658, ""port_operational_disruption"": 0.756705, ""port_closure"": 0.516748, ""labor_strike_disruption"": 0.010364, ""maritime_security_navigation_disruption"": 0.037007}"
5604,"[""maritime_security_navigation_disruption""]","{""weather_disruption"": 0.018551, ""natural_disaster"": 0.06176, ""port_operational_disruption"": 0.155155, ""port_closure"": 0.005824, ""labor_strike_disruption"": 0.39169, ""maritime_security_navigation_disruption"": 0.927337}"
5182,"[""weather_disruption"", ""maritime_security_navigation_disruption""]","{""weather_disruption"": 0.717716, ""natural_disaster"": 0.025917, ""port_operational_disruption"": 0.146864, ""port_closure"": 0.666312, ""labor_strike_disruption"": 0.085798, ""maritime_security_navigation_disruption"": 0.681124}"
4105,"[""port_operational_disruption""]","{""weather_disruption"": 0.237538, ""natural_disaster"": 0.003466, ""port_operational_disruption"": 0.969522, ""port_closure"": 0.22313, ""labor_strike_disruption"": 0.02613, ""maritime_security_navigation_disruption"": 0.090977}"
5046,"[""weather_disruption""]","{""weather_disruption"": 0.652565, ""natural_disaster"": 0.018646, ""port_operational_disruption"": 0.471021, ""port_closure"": 0.219412, ""labor_strike_disruption"": 0.030949, ""maritime_security_navigation_disruption"": 0.530821}"
3313,"[""port_operational_disruption""]","{""weather_disruption"": 0.071518, ""natural_disaster"": 0.003222, ""port_operational_disruption"": 0.942425, ""port_closure"": 0.037579, ""labor_strike_disruption"": 0.189982, ""maritime_security_navigation_disruption"": 0.180569}"
5175,"[""port_operational_disruption""]","{""weather_disruption"": 0.217379, ""natural_disaster"": 0.005312, ""port_operational_disruption"": 0.904771, ""port_closure"": 0.097866, ""labor_strike_disruption"": 0.149759, ""maritime_security_navigation_disruption"": 0.079376}"
2182,"[""weather_disruption""]","{""weather_disruption"": 0.631733, ""natural_disaster"": 0.091779, ""port_operational_disruption"": 0.100718, ""port_closure"": 0.206497, ""labor_strike_disruption"": 0.176251, ""maritime_security_navigation_disruption"": 0.333244}"
2602,"[""weather_disruption""]","{""weather_disruption"": 0.740294, ""natural_disaster"": 0.043546, ""port_operational_disruption"": 0.528221, ""port_closure"": 0.223407, ""labor_strike_disruption"": 0.201774, ""maritime_security_navigation_disruption"": 0.220614}"
5268,"[""port_operational_disruption""]","{""weather_disruption"": 0.267894, ""natural_disaster"": 0.036185, ""port_operational_disruption"": 0.652244, ""port_closure"": 0.288268, ""labor_strike_disruption"": 0.163543, ""maritime_security_navigation_disruption"": 0.551686}"
155,"[""weather_disruption""]","{""weather_disruption"": 0.760211, ""natural_disaster"": 0.01553, ""port_operational_disruption"": 0.211502, ""port_closure"": 0.301523, ""labor_strike_disruption"": 0.127292, ""maritime_security_navigation_disruption"": 0.133952}"
1123,"[""weather_disruption""]","{""weather_disruption"": 0.977779, ""natural_disaster"": 0.186398, ""port_operational_disruption"": 0.070834, ""port_closure"": 0.006491, ""labor_strike_disruption"": 0.05084, ""maritime_security_navigation_disruption"": 0.106479}"
2604,"[""weather_disruption""]","{""weather_disruption"": 0.923418, ""natural_disaster"": 0.300562, ""port_operational_disruption"": 0.0128, ""port_closure"": 0.021801, ""labor_strike_disruption"": 0.066156, ""maritime_security_navigation_disruption"": 0.306675}"
3334,"[""port_operational_disruption""]","{""weather_disruption"": 0.003161, ""natural_disaster"": 0.049867, ""port_operational_disruption"": 0.762431, ""port_closure"": 0.031247, ""labor_strike_disruption"": 0.127623, ""maritime_security_navigation_disruption"": 0.550255}"
2541,"[""weather_disruption""]","{""weather_disruption"": 0.94332, ""natural_disaster"": 0.33167, ""port_operational_disruption"": 0.139438, ""port_closure"": 0.029136, ""labor_strike_disruption"": 0.018637, ""maritime_security_navigation_disruption"": 0.264833}"
1663,"[""weather_disruption"", ""maritime_security_navigation_disruption""]","{""weather_disruption"": 0.761917, ""natural_disaster"": 0.010291, ""port_operational_disruption"": 0.192168, ""port_closure"": 0.625372, ""labor_strike_disruption"": 0.077692, ""maritime_security_navigation_disruption"": 0.920189}"
5564,"[""natural_disaster""]","{""weather_disruption"": 0.117046, ""natural_disaster"": 0.993368, ""port_operational_disruption"": 0.022942, ""port_closure"": 0.008561, ""labor_strike_disruption"": 0.030306, ""maritime_security_navigation_disruption"": 0.060625}"
2688,"[""port_operational_disruption""]","{""weather_disruption"": 0.078829, ""natural_disaster"": 0.010698, ""port_operational_disruption"": 0.988184, ""port_closure"": 0.040173, ""labor_strike_disruption"": 0.018964, ""maritime_security_navigation_disruption"": 0.015647}"
166,"[""weather_disruption"", ""port_operational_disruption"", ""port_closure""]","{""weather_disruption"": 0.623085, ""natural_disaster"": 0.011285, ""port_operational_disruption"": 0.845291, ""port_closure"": 0.894892, ""labor_strike_disruption"": 0.007005, ""maritime_security_navigation_disruption"": 0.180182}"
4907,"[""weather_disruption""]","{""weather_disruption"": 0.993294, ""natural_disaster"": 0.101553, ""port_operational_disruption"": 0.09818, ""port_closure"": 0.11651, ""labor_strike_disruption"": 0.020804, ""maritime_security_navigation_disruption"": 0.053123}"
3364,"[""port_operational_disruption"", ""maritime_security_navigation_disruption""]","{""weather_disruption"": 0.170989, ""natural_disaster"": 0.003662, ""port_operational_disruption"": 0.755687, ""port_closure"": 0.044837, ""labor_strike_disruption"": 0.052591, ""maritime_security_navigation_disruption"": 0.866424}"
5138,"[""weather_disruption"", ""port_operational_disruption""]","{""weather_disruption"": 0.907682, ""natural_disaster"": 0.060674, ""port_operational_disruption"": 0.563315, ""port_closure"": 0.031185, ""labor_strike_disruption"": 0.055043, ""maritime_security_navigation_disruption"": 0.039119}"
4008,"[""weather_disruption"", ""port_closure""]","{""weather_disruption"": 0.926595, ""natural_disaster"": 0.010176, ""port_operational_disruption"": 0.365977, ""port_closure"": 0.96583, ""labor_strike_disruption"": 0.016592, ""maritime_security_navigation_disruption"": 0.1664}"
4567,"[""labor_strike_disruption""]","{""weather_disruption"": 0.069912, ""natural_disaster"": 0.012902, ""port_operational_disruption"": 0.027588, ""port_closure"": 0.028534, ""labor_strike_disruption"": 0.991831, ""maritime_security_navigation_disruption"": 0.024439}"
2099,"[""maritime_security_navigation_disruption""]","{""weather_disruption"": 0.20667, ""natural_disaster"": 0.04203, ""port_operational_disruption"": 0.471656, ""port_closure"": 0.599743, ""labor_strike_disruption"": 0.108574, ""maritime_security_navigation_disruption"": 0.677542}"
2886,"[""weather_disruption"", ""port_closure""]","{""weather_disruption"": 0.883454, ""natural_disaster"": 0.017489, ""port_operational_disruption"": 0.40246, ""port_closure"": 0.943849, ""labor_strike_disruption"": 0.033456, ""maritime_security_navigation_disruption"": 0.596336}"
2822,"[""weather_disruption"", ""port_operational_disruption""]","{""weather_disruption"": 0.932445, ""natural_disaster"": 0.003144, ""port_operational_disruption"": 0.911143, ""port_closure"": 0.644573, ""labor_strike_disruption"": 0.044728, ""maritime_security_navigation_disruption"": 0.098101}"
2418,"[""weather_disruption""]","{""weather_disruption"": 0.989131, ""natural_disaster"": 0.091899, ""port_operational_disruption"": 0.131607, ""port_closure"": 0.252693, ""labor_strike_disruption"": 0.004295, ""maritime_security_navigation_disruption"": 0.184656}"
5247,"[""maritime_security_navigation_disruption""]","{""weather_disruption"": 0.006869, ""natural_disaster"": 0.031048, ""port_operational_disruption"": 0.063359, ""port_closure"": 0.01419, ""labor_strike_disruption"": 0.34079, ""maritime_security_navigation_disruption"": 0.880125}"
4887,"[""port_operational_disruption""]","{""weather_disruption"": 0.080891, ""natural_disaster"": 0.005361, ""port_operational_disruption"": 0.968566, ""port_closure"": 0.021748, ""labor_strike_disruption"": 0.068727, ""maritime_security_navigation_disruption"": 0.108918}"
469,"[""port_operational_disruption"", ""maritime_security_navigation_disruption""]","{""weather_disruption"": 0.079088, ""natural_disaster"": 0.017928, ""port_operational_disruption"": 0.669982, ""port_closure"": 0.144382, ""labor_strike_disruption"": 0.107632, ""maritime_security_navigation_disruption"": 0.755902}"
807,"[""weather_disruption""]","{""weather_disruption"": 0.987261, ""natural_disaster"": 0.043242, ""port_operational_disruption"": 0.050751, ""port_closure"": 0.038289, ""labor_strike_disruption"": 0.016903, ""maritime_security_navigation_disruption"": 0.092667}"
4014,"[""weather_disruption"", ""port_operational_disruption"", ""port_closure""]","{""weather_disruption"": 0.909947, ""natural_disaster"": 0.010409, ""port_operational_disruption"": 0.596259, ""port_closure"": 0.838361, ""labor_strike_disruption"": 0.0576, ""maritime_security_navigation_disruption"": 0.26104}"
778,"[""weather_disruption"", ""port_operational_disruption""]","{""weather_disruption"": 0.574212, ""natural_disaster"": 0.145338, ""port_operational_disruption"": 0.569063, ""port_closure"": 0.109779, ""labor_strike_disruption"": 0.16274, ""maritime_security_navigation_disruption"": 0.165784}"
1245,"[""port_operational_disruption"", ""maritime_security_navigation_disruption""]","{""weather_disruption"": 0.215495, ""natural_disaster"": 0.017063, ""port_operational_disruption"": 0.551093, ""port_closure"": 0.189948, ""labor_strike_disruption"": 0.041382, ""maritime_security_navigation_disruption"": 0.950136}"
3667,"[""port_operational_disruption"", ""labor_strike_disruption""]","{""weather_disruption"": 0.018847, ""natural_disaster"": 0.012396, ""port_operational_disruption"": 0.77725, ""port_closure"": 0.027383, ""labor_strike_disruption"": 0.720804, ""maritime_security_navigation_disruption"": 0.202721}"
5435,"[""labor_strike_disruption""]","{""weather_disruption"": 0.006836, ""natural_disaster"": 0.028626, ""port_operational_disruption"": 0.211435, ""port_closure"": 0.004237, ""labor_strike_disruption"": 0.947292, ""maritime_security_navigation_disruption"": 0.454537}"
3648,"[""labor_strike_disruption""]","{""weather_disruption"": 0.13114, ""natural_disaster"": 0.019745, ""port_operational_disruption"": 0.027151, ""port_closure"": 0.047985, ""labor_strike_disruption"": 0.968442, ""maritime_security_navigation_disruption"": 0.232298}"
1893,"[""port_operational_disruption""]","{""weather_disruption"": 0.157549, ""natural_disaster"": 0.023268, ""port_operational_disruption"": 0.919252, ""port_closure"": 0.072245, ""labor_strike_disruption"": 0.039356, ""maritime_security_navigation_disruption"": 0.089025}"
3601,"[""maritime_security_navigation_disruption""]","{""weather_disruption"": 0.127025, ""natural_disaster"": 0.006659, ""port_operational_disruption"": 0.133577, ""port_closure"": 0.092356, ""labor_strike_disruption"": 0.0455, ""maritime_security_navigation_disruption"": 0.963806}"
4918,"[""weather_disruption""]","{""weather_disruption"": 0.653737, ""natural_disaster"": 0.195538, ""port_operational_disruption"": 0.137177, ""port_closure"": 0.017138, ""labor_strike_disruption"": 0.304695, ""maritime_security_navigation_disruption"": 0.063543}"
2065,"[""weather_disruption"", ""port_operational_disruption""]","{""weather_disruption"": 0.682068, ""natural_disaster"": 0.005568, ""port_operational_disruption"": 0.962073, ""port_closure"": 0.19138, ""labor_strike_disruption"": 0.029806, ""maritime_security_navigation_disruption"": 0.099794}"
1884,"[""labor_strike_disruption""]","{""weather_disruption"": 0.199599, ""natural_disaster"": 0.088259, ""port_operational_disruption"": 0.008901, ""port_closure"": 0.029208, ""labor_strike_disruption"": 0.989326, ""maritime_security_navigation_disruption"": 0.017162}"
4372,"[""natural_disaster""]","{""weather_disruption"": 0.086375, ""natural_disaster"": 0.991004, ""port_operational_disruption"": 0.013546, ""port_closure"": 0.006029, ""labor_strike_disruption"": 0.030473, ""maritime_security_navigation_disruption"": 0.267807}"
1759,"[""weather_disruption"", ""port_operational_disruption""]","{""weather_disruption"": 0.674627, ""natural_disaster"": 0.032942, ""port_operational_disruption"": 0.809717, ""port_closure"": 0.526756, ""labor_strike_disruption"": 0.015111, ""maritime_security_navigation_disruption"": 0.324607}"
2524,"[""labor_strike_disruption""]","{""weather_disruption"": 0.01767, ""natural_disaster"": 0.033638, ""port_operational_disruption"": 0.069712, ""port_closure"": 0.005922, ""labor_strike_disruption"": 0.995288, ""maritime_security_navigation_disruption"": 0.022316}"
3728,"[""port_operational_disruption"", ""maritime_security_navigation_disruption""]","{""weather_disruption"": 0.040782, ""natural_disaster"": 0.007057, ""port_operational_disruption"": 0.849116, ""port_closure"": 0.065476, ""labor_strike_disruption"": 0.118174, ""maritime_security_navigation_disruption"": 0.735042}"
4845,"[""weather_disruption""]","{""weather_disruption"": 0.946185, ""natural_disaster"": 0.01709, ""port_operational_disruption"": 0.121392, ""port_closure"": 0.071613, ""labor_strike_disruption"": 0.020791, ""maritime_security_navigation_disruption"": 0.27185}"
309,"[""labor_strike_disruption""]","{""weather_disruption"": 0.027515, ""natural_disaster"": 0.045189, ""port_operational_disruption"": 0.059812, ""port_closure"": 0.010079, ""labor_strike_disruption"": 0.692797, ""maritime_security_navigation_disruption"": 0.15006}"
5303,"[""maritime_security_navigation_disruption""]","{""weather_disruption"": 0.019477, ""natural_disaster"": 0.037596, ""port_operational_disruption"": 0.250601, ""port_closure"": 0.013149, ""labor_strike_disruption"": 0.15453, ""maritime_security_navigation_disruption"": 0.89746}"
785,"[""labor_strike_disruption""]","{""weather_disruption"": 0.03137, ""natural_disaster"": 0.097285, ""port_operational_disruption"": 0.091503, ""port_closure"": 0.047674, ""labor_strike_disruption"": 0.982544, ""maritime_security_navigation_disruption"": 0.069326}"
440,"[""labor_strike_disruption""]","{""weather_disruption"": 0.021315, ""natural_disaster"": 0.017426, ""port_operational_disruption"": 0.198575, ""port_closure"": 0.011443, ""labor_strike_disruption"": 0.85421, ""maritime_security_navigation_disruption"": 0.315867}"
107,"[""port_operational_disruption""]","{""weather_disruption"": 0.283947, ""natural_disaster"": 0.003948, ""port_operational_disruption"": 0.928018, ""port_closure"": 0.266453, ""labor_strike_disruption"": 0.027923, ""maritime_security_navigation_disruption"": 0.162093}"
591,"[""labor_strike_disruption""]","{""weather_disruption"": 0.019209, ""natural_disaster"": 0.068491, ""port_operational_disruption"": 0.026318, ""port_closure"": 0.008826, ""labor_strike_disruption"": 0.992119, ""maritime_security_navigation_disruption"": 0.024282}"
1843,"[""port_operational_disruption""]","{""weather_disruption"": 0.06484, ""natural_disaster"": 0.004876, ""port_operational_disruption"": 0.960289, ""port_closure"": 0.068828, ""labor_strike_disruption"": 0.031946, ""maritime_security_navigation_disruption"": 0.116803}"
1701,"[""port_operational_disruption"", ""labor_strike_disruption""]","{""weather_disruption"": 0.082276, ""natural_disaster"": 0.006154, ""port_operational_disruption"": 0.600537, ""port_closure"": 0.320846, ""labor_strike_disruption"": 0.861358, ""maritime_security_navigation_disruption"": 0.126806}"
3919,"[""maritime_security_navigation_disruption""]","{""weather_disruption"": 0.020576, ""natural_disaster"": 0.007611, ""port_operational_disruption"": 0.297035, ""port_closure"": 0.08471, ""labor_strike_disruption"": 0.053215, ""maritime_security_navigation_disruption"": 0.980018}"
5724,"[""port_operational_disruption"", ""labor_strike_disruption""]","{""weather_disruption"": 0.037615, ""natural_disaster"": 0.002492, ""port_operational_disruption"": 0.938993, ""port_closure"": 0.063672, ""labor_strike_disruption"": 0.661159, ""maritime_security_navigation_disruption"": 0.294335}"
3177,"[""labor_strike_disruption""]","{""weather_disruption"": 0.026545, ""natural_disaster"": 0.04068, ""port_operational_disruption"": 0.046689, ""port_closure"": 0.013629, ""labor_strike_disruption"": 0.931644, ""maritime_security_navigation_disruption"": 0.341527}"
3689,"[""labor_strike_disruption""]","{""weather_disruption"": 0.048, ""natural_disaster"": 0.018806, ""port_operational_disruption"": 0.075749, ""port_closure"": 0.009499, ""labor_strike_disruption"": 0.964592, ""maritime_security_navigation_disruption"": 0.045262}"
614,"[""weather_disruption"", ""port_operational_disruption""]","{""weather_disruption"": 0.967987, ""natural_disaster"": 0.031499, ""port_operational_disruption"": 0.680988, ""port_closure"": 0.746308, ""labor_strike_disruption"": 0.005102, ""maritime_security_navigation_disruption"": 0.248155}"
3260,"[""port_operational_disruption""]","{""weather_disruption"": 0.180878, ""natural_disaster"": 0.002982, ""port_operational_disruption"": 0.956227, ""port_closure"": 0.075099, ""labor_strike_disruption"": 0.007159, ""maritime_security_navigation_disruption"": 0.303402}"
863,"[""port_operational_disruption""]","{""weather_disruption"": 0.202282, ""natural_disaster"": 0.009247, ""port_operational_disruption"": 0.846649, ""port_closure"": 0.242434, ""labor_strike_disruption"": 0.536596, ""maritime_security_navigation_disruption"": 0.168369}"
3649,"[""labor_strike_disruption""]","{""weather_disruption"": 0.014505, ""natural_disaster"": 0.001194, ""port_operational_disruption"": 0.109201, ""port_closure"": 0.378019, ""labor_strike_disruption"": 0.964534, ""maritime_security_navigation_disruption"": 0.464805}"
83,"[""weather_disruption"", ""port_operational_disruption"", ""port_closure""]","{""weather_disruption"": 0.994381, ""natural_disaster"": 0.004406, ""port_operational_disruption"": 0.751761, ""port_closure"": 0.898338, ""labor_strike_disruption"": 0.022839, ""maritime_security_navigation_disruption"": 0.123099}"
1036,"[""natural_disaster""]","{""weather_disruption"": 0.405465, ""natural_disaster"": 0.980663, ""port_operational_disruption"": 0.013036, ""port_closure"": 0.020448, ""labor_strike_disruption"": 0.099844, ""maritime_security_navigation_disruption"": 0.030309}"
748,"[""weather_disruption""]","{""weather_disruption"": 0.97718, ""natural_disaster"": 0.107685, ""port_operational_disruption"": 0.091804, ""port_closure"": 0.112468, ""labor_strike_disruption"": 0.004097, ""maritime_security_navigation_disruption"": 0.091043}"
2209,"[""weather_disruption"", ""port_operational_disruption""]","{""weather_disruption"": 0.979001, ""natural_disaster"": 0.030028, ""port_operational_disruption"": 0.798317, ""port_closure"": 0.587722, ""labor_strike_disruption"": 0.012625, ""maritime_security_navigation_disruption"": 0.096541}"
397,"[""labor_strike_disruption""]","{""weather_disruption"": 0.021253, ""natural_disaster"": 0.01149, ""port_operational_disruption"": 0.050416, ""port_closure"": 0.008055, ""labor_strike_disruption"": 0.981552, ""maritime_security_navigation_disruption"": 0.179839}"
2994,"[""labor_strike_disruption""]","{""weather_disruption"": 0.036002, ""natural_disaster"": 0.015132, ""port_operational_disruption"": 0.019364, ""port_closure"": 0.006838, ""labor_strike_disruption"": 0.996927, ""maritime_security_navigation_disruption"": 0.015301}"
1238,"[""port_operational_disruption""]","{""weather_disruption"": 0.148921, ""natural_disaster"": 0.003469, ""port_operational_disruption"": 0.969739, ""port_closure"": 0.100771, ""labor_strike_disruption"": 0.032239, ""maritime_security_navigation_disruption"": 0.109992}"
693,"[""labor_strike_disruption""]","{""weather_disruption"": 0.001731, ""natural_disaster"": 0.021895, ""port_operational_disruption"": 0.062941, ""port_closure"": 0.003538, ""labor_strike_disruption"": 0.998581, ""maritime_security_navigation_disruption"": 0.163081}"
1380,"[""port_operational_disruption""]","{""weather_disruption"": 0.044785, ""natural_disaster"": 0.012335, ""port_operational_disruption"": 0.985208, ""port_closure"": 0.058138, ""labor_strike_disruption"": 0.04485, ""maritime_security_navigation_disruption"": 0.139536}"
3605,"[""maritime_security_navigation_disruption""]","{""weather_disruption"": 0.110576, ""natural_disaster"": 0.008715, ""port_operational_disruption"": 0.052294, ""port_closure"": 0.0957, ""labor_strike_disruption"": 0.066772, ""maritime_security_navigation_disruption"": 0.937896}"
2000,"[""maritime_security_navigation_disruption""]","{""weather_disruption"": 0.027973, ""natural_disaster"": 0.029775, ""port_operational_disruption"": 0.158208, ""port_closure"": 0.013067, ""labor_strike_disruption"": 0.076759, ""maritime_security_navigation_disruption"": 0.950107}"
4813,"[""weather_disruption""]","{""weather_disruption"": 0.981837, ""natural_disaster"": 0.158325, ""port_operational_disruption"": 0.041853, ""port_closure"": 0.111942, ""labor_strike_disruption"": 0.010659, ""maritime_security_navigation_disruption"": 0.105125}"
4083,"[""port_operational_disruption""]","{""weather_disruption"": 0.141563, ""natural_disaster"": 0.0062, ""port_operational_disruption"": 0.817508, ""port_closure"": 0.222148, ""labor_strike_disruption"": 0.025502, ""maritime_security_navigation_disruption"": 0.217119}"
5762,"[""weather_disruption"", ""port_operational_disruption""]","{""weather_disruption"": 0.833794, ""natural_disaster"": 0.005995, ""port_operational_disruption"": 0.846064, ""port_closure"": 0.260009, ""labor_strike_disruption"": 0.030782, ""maritime_security_navigation_disruption"": 0.353577}"
4989,"[""port_operational_disruption""]","{""weather_disruption"": 0.08114, ""natural_disaster"": 0.004437, ""port_operational_disruption"": 0.991526, ""port_closure"": 0.088408, ""labor_strike_disruption"": 0.048783, ""maritime_security_navigation_disruption"": 0.026432}"
3612,"[""maritime_security_navigation_disruption""]","{""weather_disruption"": 0.11069, ""natural_disaster"": 0.009702, ""port_operational_disruption"": 0.254041, ""port_closure"": 0.286428, ""labor_strike_disruption"": 0.10327, ""maritime_security_navigation_disruption"": 0.884981}"
2670,"[""weather_disruption"", ""port_closure""]","{""weather_disruption"": 0.965711, ""natural_disaster"": 0.017742, ""port_operational_disruption"": 0.30684, ""port_closure"": 0.98647, ""labor_strike_disruption"": 0.021773, ""maritime_security_navigation_disruption"": 0.203555}"
3411,"[""port_operational_disruption"", ""maritime_security_navigation_disruption""]","{""weather_disruption"": 0.004548, ""natural_disaster"": 0.023083, ""port_operational_disruption"": 0.797096, ""port_closure"": 0.025971, ""labor_strike_disruption"": 0.234898, ""maritime_security_navigation_disruption"": 0.776834}"
1252,"[""labor_strike_disruption""]","{""weather_disruption"": 0.103465, ""natural_disaster"": 0.026061, ""port_operational_disruption"": 0.020687, ""port_closure"": 0.013116, ""labor_strike_disruption"": 0.983083, ""maritime_security_navigation_disruption"": 0.064502}"
3908,"[""weather_disruption"", ""port_closure""]","{""weather_disruption"": 0.974213, ""natural_disaster"": 0.002917, ""port_operational_disruption"": 0.376408, ""port_closure"": 0.83948, ""labor_strike_disruption"": 0.072091, ""maritime_security_navigation_disruption"": 0.143404}"
2470,"[""port_operational_disruption""]","{""weather_disruption"": 0.048355, ""natural_disaster"": 0.008254, ""port_operational_disruption"": 0.987756, ""port_closure"": 0.069696, ""labor_strike_disruption"": 0.028667, ""maritime_security_navigation_disruption"": 0.065377}"
5465,"[""weather_disruption"", ""port_operational_disruption""]","{""weather_disruption"": 0.937619, ""natural_disaster"": 0.012983, ""port_operational_disruption"": 0.929124, ""port_closure"": 0.295351, ""labor_strike_disruption"": 0.045169, ""maritime_security_navigation_disruption"": 0.044336}"
3895,"[""maritime_security_navigation_disruption""]","{""weather_disruption"": 0.122805, ""natural_disaster"": 0.017889, ""port_operational_disruption"": 0.338801, ""port_closure"": 0.034672, ""labor_strike_disruption"": 0.046065, ""maritime_security_navigation_disruption"": 0.928216}"
4448,"[""maritime_security_navigation_disruption""]","{""weather_disruption"": 0.412514, ""natural_disaster"": 0.009923, ""port_operational_disruption"": 0.241647, ""port_closure"": 0.114406, ""labor_strike_disruption"": 0.022436, ""maritime_security_navigation_disruption"": 0.977872}"
581,"[""weather_disruption""]","{""weather_disruption"": 0.898715, ""natural_disaster"": 0.200296, ""port_operational_disruption"": 0.022076, ""port_closure"": 0.060662, ""labor_strike_disruption"": 0.021003, ""maritime_security_navigation_disruption"": 0.407228}"
481,"[""weather_disruption"", ""port_operational_disruption"", ""port_closure""]","{""weather_disruption"": 0.959869, ""natural_disaster"": 0.014289, ""port_operational_disruption"": 0.670444, ""port_closure"": 0.919137, ""labor_strike_disruption"": 0.036447, ""maritime_security_navigation_disruption"": 0.085777}"
5027,"[""labor_strike_disruption""]","{""weather_disruption"": 0.004206, ""natural_disaster"": 0.010579, ""port_operational_disruption"": 0.158934, ""port_closure"": 0.007916, ""labor_strike_disruption"": 0.99569, ""maritime_security_navigation_disruption"": 0.238984}"
1673,"[""labor_strike_disruption""]","{""weather_disruption"": 0.024414, ""natural_disaster"": 0.009518, ""port_operational_disruption"": 0.477411, ""port_closure"": 0.082004, ""labor_strike_disruption"": 0.980516, ""maritime_security_navigation_disruption"": 0.100154}"
598,"[""labor_strike_disruption""]","{""weather_disruption"": 0.016647, ""natural_disaster"": 0.070798, ""port_operational_disruption"": 0.053097, ""port_closure"": 0.004457, ""labor_strike_disruption"": 0.996226, ""maritime_security_navigation_disruption"": 0.016579}"
227,"[""labor_strike_disruption""]","{""weather_disruption"": 0.234901, ""natural_disaster"": 0.091391, ""port_operational_disruption"": 0.013591, ""port_closure"": 0.040285, ""labor_strike_disruption"": 0.928648, ""maritime_security_navigation_disruption"": 0.05392}"
5433,"[""labor_strike_disruption""]","{""weather_disruption"": 0.006372, ""natural_disaster"": 0.032359, ""port_operational_disruption"": 0.058133, ""port_closure"": 0.014099, ""labor_strike_disruption"": 0.995775, ""maritime_security_navigation_disruption"": 0.033608}"
5234,"[""labor_strike_disruption""]","{""weather_disruption"": 0.002681, ""natural_disaster"": 0.00664, ""port_operational_disruption"": 0.007823, ""port_closure"": 0.006329, ""labor_strike_disruption"": 0.999041, ""maritime_security_navigation_disruption"": 0.187322}"
2816,"[""weather_disruption"", ""port_operational_disruption""]","{""weather_disruption"": 0.966701, ""natural_disaster"": 0.035417, ""port_operational_disruption"": 0.635426, ""port_closure"": 0.604638, ""labor_strike_disruption"": 0.028174, ""maritime_security_navigation_disruption"": 0.147564}"
597,"[""weather_disruption""]","{""weather_disruption"": 0.952929, ""natural_disaster"": 0.235614, ""port_operational_disruption"": 0.102465, ""port_closure"": 0.029276, ""labor_strike_disruption"": 0.047757, ""maritime_security_navigation_disruption"": 0.118273}"
4156,"[""weather_disruption""]","{""weather_disruption"": 0.989649, ""natural_disaster"": 0.250294, ""port_operational_disruption"": 0.021696, ""port_closure"": 0.076693, ""labor_strike_disruption"": 0.074726, ""maritime_security_navigation_disruption"": 0.113822}"
3834,"[""port_operational_disruption""]","{""weather_disruption"": 0.060306, ""natural_disaster"": 0.03069, ""port_operational_disruption"": 0.921494, ""port_closure"": 0.024504, ""labor_strike_disruption"": 0.036459, ""maritime_security_navigation_disruption"": 0.221514}"
3257,"[""port_operational_disruption""]","{""weather_disruption"": 0.140851, ""natural_disaster"": 0.003831, ""port_operational_disruption"": 0.965531, ""port_closure"": 0.196244, ""labor_strike_disruption"": 0.023641, ""maritime_security_navigation_disruption"": 0.146867}"
2849,"[""weather_disruption"", ""port_operational_disruption"", ""port_closure""]","{""weather_disruption"": 0.920651, ""natural_disaster"": 0.006531, ""port_operational_disruption"": 0.673722, ""port_closure"": 0.77246, ""labor_strike_disruption"": 0.035889, ""maritime_security_navigation_disruption"": 0.130498}"
3935,"[""port_operational_disruption""]","{""weather_disruption"": 0.219574, ""natural_disaster"": 0.004045, ""port_operational_disruption"": 0.768433, ""port_closure"": 0.446247, ""labor_strike_disruption"": 0.246611, ""maritime_security_navigation_disruption"": 0.355175}"
2827,"[""weather_disruption"", ""port_operational_disruption"", ""port_closure""]","{""weather_disruption"": 0.865411, ""natural_disaster"": 0.004433, ""port_operational_disruption"": 0.734721, ""port_closure"": 0.853838, ""labor_strike_disruption"": 0.020714, ""maritime_security_navigation_disruption"": 0.239975}"
3836,[],"{""weather_disruption"": 0.497067, ""natural_disaster"": 0.242483, ""port_operational_disruption"": 0.167956, ""port_closure"": 0.033412, ""labor_strike_disruption"": 0.105079, ""maritime_security_navigation_disruption"": 0.453199}"
4557,"[""weather_disruption"", ""port_operational_disruption""]","{""weather_disruption"": 0.904355, ""natural_disaster"": 0.019683, ""port_operational_disruption"": 0.733918, ""port_closure"": 0.536902, ""labor_strike_disruption"": 0.020735, ""maritime_security_navigation_disruption"": 0.323317}"
4322,"[""weather_disruption""]","{""weather_disruption"": 0.986117, ""natural_disaster"": 0.080828, ""port_operational_disruption"": 0.083184, ""port_closure"": 0.076305, ""labor_strike_disruption"": 0.012195, ""maritime_security_navigation_disruption"": 0.164855}"
282,"[""weather_disruption"", ""port_operational_disruption""]","{""weather_disruption"": 0.862904, ""natural_disaster"": 0.021212, ""port_operational_disruption"": 0.944315, ""port_closure"": 0.113932, ""labor_strike_disruption"": 0.048926, ""maritime_security_navigation_disruption"": 0.039994}"
2855,"[""weather_disruption"", ""port_operational_disruption""]","{""weather_disruption"": 0.68695, ""natural_disaster"": 0.009001, ""port_operational_disruption"": 0.924678, ""port_closure"": 0.441122, ""labor_strike_disruption"": 0.040031, ""maritime_security_navigation_disruption"": 0.22652}"
4656,"[""weather_disruption""]","{""weather_disruption"": 0.950028, ""natural_disaster"": 0.054826, ""port_operational_disruption"": 0.172266, ""port_closure"": 0.167248, ""labor_strike_disruption"": 0.025023, ""maritime_security_navigation_disruption"": 0.304082}"
5482,"[""labor_strike_disruption""]","{""weather_disruption"": 0.116576, ""natural_disaster"": 0.012247, ""port_operational_disruption"": 0.489599, ""port_closure"": 0.303992, ""labor_strike_disruption"": 0.609644, ""maritime_security_navigation_disruption"": 0.137326}"
5559,"[""labor_strike_disruption""]","{""weather_disruption"": 0.055807, ""natural_disaster"": 0.090501, ""port_operational_disruption"": 0.009706, ""port_closure"": 0.092653, ""labor_strike_disruption"": 0.909254, ""maritime_security_navigation_disruption"": 0.103495}"
294,"[""weather_disruption""]","{""weather_disruption"": 0.996726, ""natural_disaster"": 0.141639, ""port_operational_disruption"": 0.067575, ""port_closure"": 0.158597, ""labor_strike_disruption"": 0.004076, ""maritime_security_navigation_disruption"": 0.123268}"
4884,"[""port_operational_disruption""]","{""weather_disruption"": 0.036122, ""natural_disaster"": 0.011585, ""port_operational_disruption"": 0.936454, ""port_closure"": 0.080379, ""labor_strike_disruption"": 0.047391, ""maritime_security_navigation_disruption"": 0.102007}"
2117,"[""port_operational_disruption"", ""labor_strike_disruption""]","{""weather_disruption"": 0.085994, ""natural_disaster"": 0.017898, ""port_operational_disruption"": 0.62813, ""port_closure"": 0.353806, ""labor_strike_disruption"": 0.76382, ""maritime_security_navigation_disruption"": 0.225618}"
2813,"[""port_operational_disruption""]","{""weather_disruption"": 0.465134, ""natural_disaster"": 0.00577, ""port_operational_disruption"": 0.820383, ""port_closure"": 0.391383, ""labor_strike_disruption"": 0.078378, ""maritime_security_navigation_disruption"": 0.040044}"
1156,"[""labor_strike_disruption""]","{""weather_disruption"": 0.02293, ""natural_disaster"": 0.012087, ""port_operational_disruption"": 0.205139, ""port_closure"": 0.088964, ""labor_strike_disruption"": 0.965471, ""maritime_security_navigation_disruption"": 0.185434}"
841,"[""port_operational_disruption""]","{""weather_disruption"": 0.026624, ""natural_disaster"": 0.010798, ""port_operational_disruption"": 0.924228, ""port_closure"": 0.017987, ""labor_strike_disruption"": 0.430111, ""maritime_security_navigation_disruption"": 0.466206}"
344,"[""weather_disruption""]","{""weather_disruption"": 0.812474, ""natural_disaster"": 0.01808, ""port_operational_disruption"": 0.340306, ""port_closure"": 0.641119, ""labor_strike_disruption"": 0.007444, ""maritime_security_navigation_disruption"": 0.397511}"
1675,"[""labor_strike_disruption""]","{""weather_disruption"": 0.07204, ""natural_disaster"": 0.007434, ""port_operational_disruption"": 0.075039, ""port_closure"": 0.037636, ""labor_strike_disruption"": 0.953032, ""maritime_security_navigation_disruption"": 0.027157}"
4875,"[""port_operational_disruption""]","{""weather_disruption"": 0.131586, ""natural_disaster"": 0.006945, ""port_operational_disruption"": 0.961627, ""port_closure"": 0.065845, ""labor_strike_disruption"": 0.128226, ""maritime_security_navigation_disruption"": 0.072833}"
996,"[""labor_strike_disruption""]","{""weather_disruption"": 0.016959, ""natural_disaster"": 0.125582, ""port_operational_disruption"": 0.040846, ""port_closure"": 0.039685, ""labor_strike_disruption"": 0.993434, ""maritime_security_navigation_disruption"": 0.037119}"
1925,"[""port_operational_disruption"", ""labor_strike_disruption""]","{""weather_disruption"": 0.047826, ""natural_disaster"": 0.017186, ""port_operational_disruption"": 0.942322, ""port_closure"": 0.025768, ""labor_strike_disruption"": 0.556656, ""maritime_security_navigation_disruption"": 0.044851}"
3572,"[""labor_strike_disruption""]","{""weather_disruption"": 0.02028, ""natural_disaster"": 0.007231, ""port_operational_disruption"": 0.092583, ""port_closure"": 0.049072, ""labor_strike_disruption"": 0.992471, ""maritime_security_navigation_disruption"": 0.102333}"
5563,"[""natural_disaster""]","{""weather_disruption"": 0.284826, ""natural_disaster"": 0.989535, ""port_operational_disruption"": 0.013685, ""port_closure"": 0.008981, ""labor_strike_disruption"": 0.104847, ""maritime_security_navigation_disruption"": 0.046599}"
2428,"[""port_operational_disruption""]","{""weather_disruption"": 0.089497, ""natural_disaster"": 0.278046, ""port_operational_disruption"": 0.776543, ""port_closure"": 0.014945, ""labor_strike_disruption"": 0.267291, ""maritime_security_navigation_disruption"": 0.058891}"
2780,"[""weather_disruption"", ""port_operational_disruption""]","{""weather_disruption"": 0.959161, ""natural_disaster"": 0.008384, ""port_operational_disruption"": 0.905513, ""port_closure"": 0.486468, ""labor_strike_disruption"": 0.019402, ""maritime_security_navigation_disruption"": 0.32216}"
2374,"[""weather_disruption"", ""port_operational_disruption""]","{""weather_disruption"": 0.957496, ""natural_disaster"": 0.007891, ""port_operational_disruption"": 0.948829, ""port_closure"": 0.630178, ""labor_strike_disruption"": 0.012892, ""maritime_security_navigation_disruption"": 0.106717}"
4211,"[""weather_disruption"", ""port_operational_disruption"", ""port_closure""]","{""weather_disruption"": 0.961723, ""natural_disaster"": 0.026634, ""port_operational_disruption"": 0.614494, ""port_closure"": 0.95483, ""labor_strike_disruption"": 0.006088, ""maritime_security_navigation_disruption"": 0.127204}"
2265,"[""labor_strike_disruption""]","{""weather_disruption"": 0.020992, ""natural_disaster"": 0.033408, ""port_operational_disruption"": 0.140356, ""port_closure"": 0.008072, ""labor_strike_disruption"": 0.919797, ""maritime_security_navigation_disruption"": 0.121503}"
2279,"[""labor_strike_disruption""]","{""weather_disruption"": 0.008522, ""natural_disaster"": 0.040983, ""port_operational_disruption"": 0.058065, ""port_closure"": 0.00396, ""labor_strike_disruption"": 0.995707, ""maritime_security_navigation_disruption"": 0.024656}"
1788,"[""weather_disruption""]","{""weather_disruption"": 0.929201, ""natural_disaster"": 0.117789, ""port_operational_disruption"": 0.100001, ""port_closure"": 0.183472, ""labor_strike_disruption"": 0.016735, ""maritime_security_navigation_disruption"": 0.497137}"
1218,"[""weather_disruption"", ""port_operational_disruption""]","{""weather_disruption"": 0.91539, ""natural_disaster"": 0.005474, ""port_operational_disruption"": 0.782795, ""port_closure"": 0.554518, ""labor_strike_disruption"": 0.022849, ""maritime_security_navigation_disruption"": 0.369998}"
2341,"[""weather_disruption"", ""port_operational_disruption""]","{""weather_disruption"": 0.98373, ""natural_disaster"": 0.014034, ""port_operational_disruption"": 0.886238, ""port_closure"": 0.245725, ""labor_strike_disruption"": 0.011315, ""maritime_security_navigation_disruption"": 0.204971}"
752,"[""weather_disruption""]","{""weather_disruption"": 0.976183, ""natural_disaster"": 0.067731, ""port_operational_disruption"": 0.072573, ""port_closure"": 0.195474, ""labor_strike_disruption"": 0.045263, ""maritime_security_navigation_disruption"": 0.034884}"
1578,"[""labor_strike_disruption""]","{""weather_disruption"": 0.0118, ""natural_disaster"": 0.01097, ""port_operational_disruption"": 0.113423, ""port_closure"": 0.010218, ""labor_strike_disruption"": 0.969139, ""maritime_security_navigation_disruption"": 0.268899}"
3336,"[""labor_strike_disruption""]","{""weather_disruption"": 0.013873, ""natural_disaster"": 0.061057, ""port_operational_disruption"": 0.007774, ""port_closure"": 0.007984, ""labor_strike_disruption"": 0.997325, ""maritime_security_navigation_disruption"": 0.158836}"
153,"[""maritime_security_navigation_disruption""]","{""weather_disruption"": 0.016928, ""natural_disaster"": 0.015079, ""port_operational_disruption"": 0.24961, ""port_closure"": 0.069861, ""labor_strike_disruption"": 0.353695, ""maritime_security_navigation_disruption"": 0.951601}"
5686,"[""weather_disruption""]","{""weather_disruption"": 0.615691, ""natural_disaster"": 0.112058, ""port_operational_disruption"": 0.20026, ""port_closure"": 0.320112, ""labor_strike_disruption"": 0.157078, ""maritime_security_navigation_disruption"": 0.144671}"
5313,"[""port_operational_disruption""]","{""weather_disruption"": 0.410378, ""natural_disaster"": 0.005251, ""port_operational_disruption"": 0.825321, ""port_closure"": 0.632864, ""labor_strike_disruption"": 0.055106, ""maritime_security_navigation_disruption"": 0.368008}"
2839,"[""port_operational_disruption""]","{""weather_disruption"": 0.076578, ""natural_disaster"": 0.030606, ""port_operational_disruption"": 0.800824, ""port_closure"": 0.025829, ""labor_strike_disruption"": 0.26781, ""maritime_security_navigation_disruption"": 0.205665}"
2172,"[""labor_strike_disruption""]","{""weather_disruption"": 0.139861, ""natural_disaster"": 0.166343, ""port_operational_disruption"": 0.052879, ""port_closure"": 0.077008, ""labor_strike_disruption"": 0.626316, ""maritime_security_navigation_disruption"": 0.316618}"
4023,"[""port_operational_disruption""]","{""weather_disruption"": 0.11506, ""natural_disaster"": 0.005101, ""port_operational_disruption"": 0.82629, ""port_closure"": 0.12059, ""labor_strike_disruption"": 0.181924, ""maritime_security_navigation_disruption"": 0.254921}"
4477,"[""weather_disruption""]","{""weather_disruption"": 0.564111, ""natural_disaster"": 0.101969, ""port_operational_disruption"": 0.432076, ""port_closure"": 0.714047, ""labor_strike_disruption"": 0.019702, ""maritime_security_navigation_disruption"": 0.342071}"
3788,"[""port_operational_disruption""]","{""weather_disruption"": 0.117774, ""natural_disaster"": 0.091372, ""port_operational_disruption"": 0.93113, ""port_closure"": 0.033755, ""labor_strike_disruption"": 0.012741, ""maritime_security_navigation_disruption"": 0.148919}"
4005,"[""weather_disruption"", ""port_closure""]","{""weather_disruption"": 0.967982, ""natural_disaster"": 0.009189, ""port_operational_disruption"": 0.20394, ""port_closure"": 0.962639, ""labor_strike_disruption"": 0.01931, ""maritime_security_navigation_disruption"": 0.101302}"
3548,"[""labor_strike_disruption""]","{""weather_disruption"": 0.160458, ""natural_disaster"": 0.006171, ""port_operational_disruption"": 0.029929, ""port_closure"": 0.005701, ""labor_strike_disruption"": 0.995905, ""maritime_security_navigation_disruption"": 0.031086}"
445,"[""weather_disruption""]","{""weather_disruption"": 0.978627, ""natural_disaster"": 0.591911, ""port_operational_disruption"": 0.020583, ""port_closure"": 0.048817, ""labor_strike_disruption"": 0.024874, ""maritime_security_navigation_disruption"": 0.185464}"
2581,"[""weather_disruption""]","{""weather_disruption"": 0.981699, ""natural_disaster"": 0.092928, ""port_operational_disruption"": 0.069454, ""port_closure"": 0.084948, ""labor_strike_disruption"": 0.010572, ""maritime_security_navigation_disruption"": 0.09189}"
899,"[""weather_disruption"", ""port_operational_disruption""]","{""weather_disruption"": 0.668264, ""natural_disaster"": 0.015047, ""port_operational_disruption"": 0.929825, ""port_closure"": 0.550771, ""labor_strike_disruption"": 0.013545, ""maritime_security_navigation_disruption"": 0.037123}"
5446,"[""weather_disruption"", ""port_operational_disruption""]","{""weather_disruption"": 0.957605, ""natural_disaster"": 0.016933, ""port_operational_disruption"": 0.721511, ""port_closure"": 0.555319, ""labor_strike_disruption"": 0.008268, ""maritime_security_navigation_disruption"": 0.059805}"
3932,"[""maritime_security_navigation_disruption""]","{""weather_disruption"": 0.107195, ""natural_disaster"": 0.002177, ""port_operational_disruption"": 0.257326, ""port_closure"": 0.110526, ""labor_strike_disruption"": 0.038027, ""maritime_security_navigation_disruption"": 0.968603}"
3678,"[""maritime_security_navigation_disruption""]","{""weather_disruption"": 0.064167, ""natural_disaster"": 0.103588, ""port_operational_disruption"": 0.0637, ""port_closure"": 0.073371, ""labor_strike_disruption"": 0.376287, ""maritime_security_navigation_disruption"": 0.737009}"
452,"[""weather_disruption"", ""port_closure""]","{""weather_disruption"": 0.868427, ""natural_disaster"": 0.009137, ""port_operational_disruption"": 0.52824, ""port_closure"": 0.883925, ""labor_strike_disruption"": 0.026497, ""maritime_security_navigation_disruption"": 0.349745}"
2422,"[""weather_disruption""]","{""weather_disruption"": 0.796035, ""natural_disaster"": 0.035162, ""port_operational_disruption"": 0.24818, ""port_closure"": 0.139653, ""labor_strike_disruption"": 0.104873, ""maritime_security_navigation_disruption"": 0.240536}"
3158,"[""weather_disruption"", ""port_closure""]","{""weather_disruption"": 0.980999, ""natural_disaster"": 0.018906, ""port_operational_disruption"": 0.367994, ""port_closure"": 0.966287, ""labor_strike_disruption"": 0.016248, ""maritime_security_navigation_disruption"": 0.215124}"
1603,"[""weather_disruption""]","{""weather_disruption"": 0.991624, ""natural_disaster"": 0.409033, ""port_operational_disruption"": 0.078834, ""port_closure"": 0.015324, ""labor_strike_disruption"": 0.027891, ""maritime_security_navigation_disruption"": 0.013201}"
1713,"[""weather_disruption"", ""port_operational_disruption""]","{""weather_disruption"": 0.55524, ""natural_disaster"": 0.018341, ""port_operational_disruption"": 0.927106, ""port_closure"": 0.141978, ""labor_strike_disruption"": 0.010414, ""maritime_security_navigation_disruption"": 0.102385}"
5239,"[""weather_disruption"", ""port_operational_disruption""]","{""weather_disruption"": 0.535277, ""natural_disaster"": 0.039469, ""port_operational_disruption"": 0.833636, ""port_closure"": 0.177184, ""labor_strike_disruption"": 0.090403, ""maritime_security_navigation_disruption"": 0.32187}"
981,"[""labor_strike_disruption""]","{""weather_disruption"": 0.023307, ""natural_disaster"": 0.05973, ""port_operational_disruption"": 0.007592, ""port_closure"": 0.017748, ""labor_strike_disruption"": 0.99409, ""maritime_security_navigation_disruption"": 0.101859}"
3609,"[""maritime_security_navigation_disruption""]","{""weather_disruption"": 0.097127, ""natural_disaster"": 0.011047, ""port_operational_disruption"": 0.337159, ""port_closure"": 0.056919, ""labor_strike_disruption"": 0.053056, ""maritime_security_navigation_disruption"": 0.952974}"
4221,"[""weather_disruption"", ""port_operational_disruption""]","{""weather_disruption"": 0.993639, ""natural_disaster"": 0.005424, ""port_operational_disruption"": 0.824077, ""port_closure"": 0.621683, ""labor_strike_disruption"": 0.022111, ""maritime_security_navigation_disruption"": 0.051263}"
4486,"[""weather_disruption"", ""port_operational_disruption""]","{""weather_disruption"": 0.626792, ""natural_disaster"": 0.016549, ""port_operational_disruption"": 0.884736, ""port_closure"": 0.169181, ""labor_strike_disruption"": 0.077612, ""maritime_security_navigation_disruption"": 0.190363}"
483,"[""weather_disruption"", ""port_closure""]","{""weather_disruption"": 0.87418, ""natural_disaster"": 0.02585, ""port_operational_disruption"": 0.42333, ""port_closure"": 0.877554, ""labor_strike_disruption"": 0.027421, ""maritime_security_navigation_disruption"": 0.237841}"
4893,"[""port_operational_disruption""]","{""weather_disruption"": 0.07629, ""natural_disaster"": 0.003142, ""port_operational_disruption"": 0.930638, ""port_closure"": 0.052143, ""labor_strike_disruption"": 0.103432, ""maritime_security_navigation_disruption"": 0.031384}"
1085,"[""port_operational_disruption""]","{""weather_disruption"": 0.140549, ""natural_disaster"": 0.102639, ""port_operational_disruption"": 0.92765, ""port_closure"": 0.078642, ""labor_strike_disruption"": 0.267331, ""maritime_security_navigation_disruption"": 0.105371}"
5748,"[""port_operational_disruption""]","{""weather_disruption"": 0.065054, ""natural_disaster"": 0.008523, ""port_operational_disruption"": 0.954822, ""port_closure"": 0.045406, ""labor_strike_disruption"": 0.064839, ""maritime_security_navigation_disruption"": 0.07999}"
1912,"[""maritime_security_navigation_disruption""]","{""weather_disruption"": 0.039084, ""natural_disaster"": 0.02541, ""port_operational_disruption"": 0.378106, ""port_closure"": 0.018062, ""labor_strike_disruption"": 0.027796, ""maritime_security_navigation_disruption"": 0.93368}"
3072,"[""weather_disruption"", ""port_closure""]","{""weather_disruption"": 0.79262, ""natural_disaster"": 0.017411, ""port_operational_disruption"": 0.451211, ""port_closure"": 0.912583, ""labor_strike_disruption"": 0.09365, ""maritime_security_navigation_disruption"": 0.339809}"
3729,"[""weather_disruption""]","{""weather_disruption"": 0.906527, ""natural_disaster"": 0.23019, ""port_operational_disruption"": 0.064638, ""port_closure"": 0.159122, ""labor_strike_disruption"": 0.015788, ""maritime_security_navigation_disruption"": 0.205577}"
4154,"[""weather_disruption"", ""port_operational_disruption""]","{""weather_disruption"": 0.98202, ""natural_disaster"": 0.010019, ""port_operational_disruption"": 0.58611, ""port_closure"": 0.702116, ""labor_strike_disruption"": 0.115891, ""maritime_security_navigation_disruption"": 0.05866}"
4685,"[""labor_strike_disruption""]","{""weather_disruption"": 0.023357, ""natural_disaster"": 0.001685, ""port_operational_disruption"": 0.25144, ""port_closure"": 0.033164, ""labor_strike_disruption"": 0.944968, ""maritime_security_navigation_disruption"": 0.64705}"
4420,"[""port_operational_disruption""]","{""weather_disruption"": 0.146276, ""natural_disaster"": 0.006493, ""port_operational_disruption"": 0.924259, ""port_closure"": 0.139265, ""labor_strike_disruption"": 0.342507, ""maritime_security_navigation_disruption"": 0.300534}"
4691,"[""port_operational_disruption""]","{""weather_disruption"": 0.122264, ""natural_disaster"": 0.010525, ""port_operational_disruption"": 0.88604, ""port_closure"": 0.153519, ""labor_strike_disruption"": 0.128254, ""maritime_security_navigation_disruption"": 0.365617}"
3277,"[""weather_disruption"", ""port_closure""]","{""weather_disruption"": 0.945883, ""natural_disaster"": 0.012537, ""port_operational_disruption"": 0.225334, ""port_closure"": 0.939542, ""labor_strike_disruption"": 0.013932, ""maritime_security_navigation_disruption"": 0.313322}"
2635,"[""weather_disruption""]","{""weather_disruption"": 0.982955, ""natural_disaster"": 0.312906, ""port_operational_disruption"": 0.166686, ""port_closure"": 0.034596, ""labor_strike_disruption"": 0.00802, ""maritime_security_navigation_disruption"": 0.040158}"
1136,"[""labor_strike_disruption""]","{""weather_disruption"": 0.006565, ""natural_disaster"": 0.035949, ""port_operational_disruption"": 0.029446, ""port_closure"": 0.006567, ""labor_strike_disruption"": 0.986853, ""maritime_security_navigation_disruption"": 0.277118}"
3025,"[""weather_disruption"", ""port_operational_disruption""]","{""weather_disruption"": 0.928888, ""natural_disaster"": 0.018957, ""port_operational_disruption"": 0.76656, ""port_closure"": 0.195398, ""labor_strike_disruption"": 0.081602, ""maritime_security_navigation_disruption"": 0.283759}"
1744,"[""labor_strike_disruption"", ""maritime_security_navigation_disruption""]","{""weather_disruption"": 0.094806, ""natural_disaster"": 0.045305, ""port_operational_disruption"": 0.058076, ""port_closure"": 0.200752, ""labor_strike_disruption"": 0.623565, ""maritime_security_navigation_disruption"": 0.694298}"
239,"[""port_operational_disruption""]","{""weather_disruption"": 0.273395, ""natural_disaster"": 0.01068, ""port_operational_disruption"": 0.668461, ""port_closure"": 0.726848, ""labor_strike_disruption"": 0.034105, ""maritime_security_navigation_disruption"": 0.325818}"
206,"[""weather_disruption"", ""port_closure""]","{""weather_disruption"": 0.976868, ""natural_disaster"": 0.007888, ""port_operational_disruption"": 0.311533, ""port_closure"": 0.887995, ""labor_strike_disruption"": 0.013105, ""maritime_security_navigation_disruption"": 0.200389}"
4466,"[""weather_disruption""]","{""weather_disruption"": 0.919824, ""natural_disaster"": 0.100605, ""port_operational_disruption"": 0.02036, ""port_closure"": 0.213771, ""labor_strike_disruption"": 0.086771, ""maritime_security_navigation_disruption"": 0.477744}"
2337,"[""weather_disruption"", ""port_operational_disruption""]","{""weather_disruption"": 0.992893, ""natural_disaster"": 0.012467, ""port_operational_disruption"": 0.783447, ""port_closure"": 0.519505, ""labor_strike_disruption"": 0.006439, ""maritime_security_navigation_disruption"": 0.052914}"
897,"[""labor_strike_disruption""]","{""weather_disruption"": 0.03107, ""natural_disaster"": 0.015593, ""port_operational_disruption"": 0.187693, ""port_closure"": 0.074675, ""labor_strike_disruption"": 0.982738, ""maritime_security_navigation_disruption"": 0.111085}"
4634,"[""natural_disaster""]","{""weather_disruption"": 0.164696, ""natural_disaster"": 0.987549, ""port_operational_disruption"": 0.014026, ""port_closure"": 0.006695, ""labor_strike_disruption"": 0.031281, ""maritime_security_navigation_disruption"": 0.198633}"
2078,"[""port_operational_disruption""]","{""weather_disruption"": 0.094484, ""natural_disaster"": 0.045141, ""port_operational_disruption"": 0.959817, ""port_closure"": 0.110333, ""labor_strike_disruption"": 0.014681, ""maritime_security_navigation_disruption"": 0.212876}"
4079,"[""weather_disruption"", ""port_operational_disruption""]","{""weather_disruption"": 0.654926, ""natural_disaster"": 0.004117, ""port_operational_disruption"": 0.968854, ""port_closure"": 0.165718, ""labor_strike_disruption"": 0.034301, ""maritime_security_navigation_disruption"": 0.091223}"
2735,"[""labor_strike_disruption""]","{""weather_disruption"": 0.010939, ""natural_disaster"": 0.00824, ""port_operational_disruption"": 0.514928, ""port_closure"": 0.037336, ""labor_strike_disruption"": 0.97282, ""maritime_security_navigation_disruption"": 0.202451}"
4948,"[""natural_disaster""]","{""weather_disruption"": 0.171431, ""natural_disaster"": 0.974233, ""port_operational_disruption"": 0.028273, ""port_closure"": 0.003423, ""labor_strike_disruption"": 0.169393, ""maritime_security_navigation_disruption"": 0.072678}"
4837,"[""port_operational_disruption"", ""maritime_security_navigation_disruption""]","{""weather_disruption"": 0.053942, ""natural_disaster"": 0.002208, ""port_operational_disruption"": 0.629818, ""port_closure"": 0.121772, ""labor_strike_disruption"": 0.140864, ""maritime_security_navigation_disruption"": 0.933914}"
728,[],"{""weather_disruption"": 0.397935, ""natural_disaster"": 0.02695, ""port_operational_disruption"": 0.434898, ""port_closure"": 0.130162, ""labor_strike_disruption"": 0.107501, ""maritime_security_navigation_disruption"": 0.283887}"
4960,"[""maritime_security_navigation_disruption""]","{""weather_disruption"": 0.084113, ""natural_disaster"": 0.099536, ""port_operational_disruption"": 0.231014, ""port_closure"": 0.011486, ""labor_strike_disruption"": 0.094513, ""maritime_security_navigation_disruption"": 0.919901}"
1254,"[""labor_strike_disruption""]","{""weather_disruption"": 0.084779, ""natural_disaster"": 0.010595, ""port_operational_disruption"": 0.109546, ""port_closure"": 0.080052, ""labor_strike_disruption"": 0.967521, ""maritime_security_navigation_disruption"": 0.0993}"
2965,"[""labor_strike_disruption""]","{""weather_disruption"": 0.037277, ""natural_disaster"": 0.074781, ""port_operational_disruption"": 0.268632, ""port_closure"": 0.018599, ""labor_strike_disruption"": 0.973233, ""maritime_security_navigation_disruption"": 0.025948}"
5076,"[""port_operational_disruption"", ""maritime_security_navigation_disruption""]","{""weather_disruption"": 0.004888, ""natural_disaster"": 0.03779, ""port_operational_disruption"": 0.605564, ""port_closure"": 0.025141, ""labor_strike_disruption"": 0.226192, ""maritime_security_navigation_disruption"": 0.800577}"
5422,"[""weather_disruption""]","{""weather_disruption"": 0.987993, ""natural_disaster"": 0.072175, ""port_operational_disruption"": 0.134122, ""port_closure"": 0.049787, ""labor_strike_disruption"": 0.017025, ""maritime_security_navigation_disruption"": 0.092217}"
5660,"[""labor_strike_disruption""]","{""weather_disruption"": 0.038404, ""natural_disaster"": 0.066589, ""port_operational_disruption"": 0.031063, ""port_closure"": 0.067106, ""labor_strike_disruption"": 0.911045, ""maritime_security_navigation_disruption"": 0.139704}"
3217,"[""port_operational_disruption""]","{""weather_disruption"": 0.101773, ""natural_disaster"": 0.004642, ""port_operational_disruption"": 0.964395, ""port_closure"": 0.064793, ""labor_strike_disruption"": 0.01808, ""maritime_security_navigation_disruption"": 0.084163}"
5195,"[""labor_strike_disruption""]","{""weather_disruption"": 0.002955, ""natural_disaster"": 0.00576, ""port_operational_disruption"": 0.128603, ""port_closure"": 0.00837, ""labor_strike_disruption"": 0.986429, ""maritime_security_navigation_disruption"": 0.559742}"
216,"[""labor_strike_disruption""]","{""weather_disruption"": 0.015298, ""natural_disaster"": 0.099493, ""port_operational_disruption"": 0.03884, ""port_closure"": 0.059669, ""labor_strike_disruption"": 0.962197, ""maritime_security_navigation_disruption"": 0.101692}"
5312,"[""weather_disruption"", ""port_operational_disruption""]","{""weather_disruption"": 0.816852, ""natural_disaster"": 0.010665, ""port_operational_disruption"": 0.900408, ""port_closure"": 0.245476, ""labor_strike_disruption"": 0.029188, ""maritime_security_navigation_disruption"": 0.295607}"
747,"[""labor_strike_disruption""]","{""weather_disruption"": 0.040322, ""natural_disaster"": 0.057777, ""port_operational_disruption"": 0.061331, ""port_closure"": 0.022751, ""labor_strike_disruption"": 0.951777, ""maritime_security_navigation_disruption"": 0.151486}"
4049,"[""labor_strike_disruption""]","{""weather_disruption"": 0.020779, ""natural_disaster"": 0.045192, ""port_operational_disruption"": 0.451266, ""port_closure"": 0.079611, ""labor_strike_disruption"": 0.960641, ""maritime_security_navigation_disruption"": 0.019948}"
3202,"[""port_operational_disruption""]","{""weather_disruption"": 0.070901, ""natural_disaster"": 0.007454, ""port_operational_disruption"": 0.941886, ""port_closure"": 0.131998, ""labor_strike_disruption"": 0.016401, ""maritime_security_navigation_disruption"": 0.113643}"
871,"[""weather_disruption"", ""port_operational_disruption""]","{""weather_disruption"": 0.902066, ""natural_disaster"": 0.03106, ""port_operational_disruption"": 0.96265, ""port_closure"": 0.261022, ""labor_strike_disruption"": 0.014446, ""maritime_security_navigation_disruption"": 0.031565}"
1035,"[""natural_disaster""]","{""weather_disruption"": 0.152131, ""natural_disaster"": 0.993126, ""port_operational_disruption"": 0.012569, ""port_closure"": 0.021488, ""labor_strike_disruption"": 0.068049, ""maritime_security_navigation_disruption"": 0.101322}"
4954,"[""port_operational_disruption""]","{""weather_disruption"": 0.022283, ""natural_disaster"": 0.104546, ""port_operational_disruption"": 0.714701, ""port_closure"": 0.062819, ""labor_strike_disruption"": 0.09564, ""maritime_security_navigation_disruption"": 0.553322}"
4512,"[""weather_disruption"", ""port_operational_disruption"", ""port_closure""]","{""weather_disruption"": 0.900257, ""natural_disaster"": 0.009414, ""port_operational_disruption"": 0.704021, ""port_closure"": 0.871235, ""labor_strike_disruption"": 0.03718, ""maritime_security_navigation_disruption"": 0.191663}"
3980,"[""weather_disruption"", ""port_operational_disruption"", ""port_closure""]","{""weather_disruption"": 0.891655, ""natural_disaster"": 0.005588, ""port_operational_disruption"": 0.621189, ""port_closure"": 0.955304, ""labor_strike_disruption"": 0.033159, ""maritime_security_navigation_disruption"": 0.227938}"
3590,"[""maritime_security_navigation_disruption""]","{""weather_disruption"": 0.064475, ""natural_disaster"": 0.009246, ""port_operational_disruption"": 0.2377, ""port_closure"": 0.127471, ""labor_strike_disruption"": 0.038285, ""maritime_security_navigation_disruption"": 0.924236}"
1730,"[""labor_strike_disruption""]","{""weather_disruption"": 0.163766, ""natural_disaster"": 0.021404, ""port_operational_disruption"": 0.03138, ""port_closure"": 0.017525, ""labor_strike_disruption"": 0.988765, ""maritime_security_navigation_disruption"": 0.013507}"
501,"[""weather_disruption"", ""port_operational_disruption""]","{""weather_disruption"": 0.690376, ""natural_disaster"": 0.023352, ""port_operational_disruption"": 0.863295, ""port_closure"": 0.333281, ""labor_strike_disruption"": 0.031849, ""maritime_security_navigation_disruption"": 0.034986}"
3205,"[""port_operational_disruption""]","{""weather_disruption"": 0.092973, ""natural_disaster"": 0.008669, ""port_operational_disruption"": 0.884603, ""port_closure"": 0.115807, ""labor_strike_disruption"": 0.01868, ""maritime_security_navigation_disruption"": 0.120258}"
3281,"[""maritime_security_navigation_disruption""]","{""weather_disruption"": 0.095048, ""natural_disaster"": 0.058384, ""port_operational_disruption"": 0.331216, ""port_closure"": 0.088325, ""labor_strike_disruption"": 0.043494, ""maritime_security_navigation_disruption"": 0.948235}"
993,"[""labor_strike_disruption""]","{""weather_disruption"": 0.019424, ""natural_disaster"": 0.016683, ""port_operational_disruption"": 0.369241, ""port_closure"": 0.038765, ""labor_strike_disruption"": 0.905895, ""maritime_security_navigation_disruption"": 0.521707}"
551,"[""port_operational_disruption""]","{""weather_disruption"": 0.104565, ""natural_disaster"": 0.029577, ""port_operational_disruption"": 0.882231, ""port_closure"": 0.023922, ""labor_strike_disruption"": 0.314148, ""maritime_security_navigation_disruption"": 0.089246}"
2707,"[""weather_disruption"", ""port_operational_disruption""]","{""weather_disruption"": 0.690653, ""natural_disaster"": 0.003993, ""port_operational_disruption"": 0.882564, ""port_closure"": 0.552387, ""labor_strike_disruption"": 0.01293, ""maritime_security_navigation_disruption"": 0.098517}"
3240,"[""port_operational_disruption""]","{""weather_disruption"": 0.0472, ""natural_disaster"": 0.007928, ""port_operational_disruption"": 0.959366, ""port_closure"": 0.051089, ""labor_strike_disruption"": 0.06773, ""maritime_security_navigation_disruption"": 0.030808}"
3324,"[""port_operational_disruption""]","{""weather_disruption"": 0.260693, ""natural_disaster"": 0.002934, ""port_operational_disruption"": 0.940573, ""port_closure"": 0.259033, ""labor_strike_disruption"": 0.019473, ""maritime_security_navigation_disruption"": 0.116668}"
1967,"[""port_operational_disruption""]","{""weather_disruption"": 0.106562, ""natural_disaster"": 0.009268, ""port_operational_disruption"": 0.888084, ""port_closure"": 0.054923, ""labor_strike_disruption"": 0.072913, ""maritime_security_navigation_disruption"": 0.307885}"
4917,"[""weather_disruption""]","{""weather_disruption"": 0.963507, ""natural_disaster"": 0.070476, ""port_operational_disruption"": 0.070651, ""port_closure"": 0.04319, ""labor_strike_disruption"": 0.029769, ""maritime_security_navigation_disruption"": 0.031822}"
1456,"[""weather_disruption"", ""port_closure""]","{""weather_disruption"": 0.987303, ""natural_disaster"": 0.008685, ""port_operational_disruption"": 0.328912, ""port_closure"": 0.937704, ""labor_strike_disruption"": 0.017398, ""maritime_security_navigation_disruption"": 0.232057}"
816,"[""labor_strike_disruption""]","{""weather_disruption"": 0.013081, ""natural_disaster"": 0.012084, ""port_operational_disruption"": 0.369557, ""port_closure"": 0.073236, ""labor_strike_disruption"": 0.960454, ""maritime_security_navigation_disruption"": 0.189407}"
2303,"[""labor_strike_disruption""]","{""weather_disruption"": 0.039678, ""natural_disaster"": 0.006376, ""port_operational_disruption"": 0.404753, ""port_closure"": 0.400683, ""labor_strike_disruption"": 0.941959, ""maritime_security_navigation_disruption"": 0.084254}"
5625,"[""weather_disruption"", ""port_closure""]","{""weather_disruption"": 0.889019, ""natural_disaster"": 0.059697, ""port_operational_disruption"": 0.151191, ""port_closure"": 0.849443, ""labor_strike_disruption"": 0.016901, ""maritime_security_navigation_disruption"": 0.226745}"
4697,"[""weather_disruption"", ""port_operational_disruption""]","{""weather_disruption"": 0.801852, ""natural_disaster"": 0.004738, ""port_operational_disruption"": 0.828998, ""port_closure"": 0.662087, ""labor_strike_disruption"": 0.121363, ""maritime_security_navigation_disruption"": 0.32495}"
3351,"[""port_operational_disruption"", ""maritime_security_navigation_disruption""]","{""weather_disruption"": 0.160276, ""natural_disaster"": 0.027029, ""port_operational_disruption"": 0.78194, ""port_closure"": 0.115623, ""labor_strike_disruption"": 0.032026, ""maritime_security_navigation_disruption"": 0.778611}"
1192,"[""port_operational_disruption""]","{""weather_disruption"": 0.126636, ""natural_disaster"": 0.024019, ""port_operational_disruption"": 0.962199, ""port_closure"": 0.055324, ""labor_strike_disruption"": 0.023328, ""maritime_security_navigation_disruption"": 0.018265}"
4052,"[""labor_strike_disruption""]","{""weather_disruption"": 0.033098, ""natural_disaster"": 0.01471, ""port_operational_disruption"": 0.137722, ""port_closure"": 0.020438, ""labor_strike_disruption"": 0.947329, ""maritime_security_navigation_disruption"": 0.058556}"
17,"[""port_operational_disruption""]","{""weather_disruption"": 0.359551, ""natural_disaster"": 0.012768, ""port_operational_disruption"": 0.978007, ""port_closure"": 0.17452, ""labor_strike_disruption"": 0.063238, ""maritime_security_navigation_disruption"": 0.06443}"
1577,[],"{""weather_disruption"": 0.119599, ""natural_disaster"": 0.118785, ""port_operational_disruption"": 0.485756, ""port_closure"": 0.024102, ""labor_strike_disruption"": 0.199838, ""maritime_security_navigation_disruption"": 0.371946}"
433,"[""weather_disruption"", ""port_operational_disruption"", ""port_closure""]","{""weather_disruption"": 0.973309, ""natural_disaster"": 0.010461, ""port_operational_disruption"": 0.726887, ""port_closure"": 0.766626, ""labor_strike_disruption"": 0.030947, ""maritime_security_navigation_disruption"": 0.168035}"
2651,"[""labor_strike_disruption""]","{""weather_disruption"": 0.069012, ""natural_disaster"": 0.03889, ""port_operational_disruption"": 0.036173, ""port_closure"": 0.026839, ""labor_strike_disruption"": 0.854412, ""maritime_security_navigation_disruption"": 0.090759}"
485,"[""weather_disruption"", ""port_operational_disruption""]","{""weather_disruption"": 0.849749, ""natural_disaster"": 0.010829, ""port_operational_disruption"": 0.938504, ""port_closure"": 0.299543, ""labor_strike_disruption"": 0.007648, ""maritime_security_navigation_disruption"": 0.087747}"
5035,"[""weather_disruption""]","{""weather_disruption"": 0.981603, ""natural_disaster"": 0.097794, ""port_operational_disruption"": 0.078822, ""port_closure"": 0.068232, ""labor_strike_disruption"": 0.017074, ""maritime_security_navigation_disruption"": 0.15566}"
4141,"[""maritime_security_navigation_disruption""]","{""weather_disruption"": 0.020141, ""natural_disaster"": 0.011257, ""port_operational_disruption"": 0.264297, ""port_closure"": 0.027599, ""labor_strike_disruption"": 0.089234, ""maritime_security_navigation_disruption"": 0.953167}"
2830,"[""weather_disruption"", ""port_operational_disruption"", ""port_closure""]","{""weather_disruption"": 0.695306, ""natural_disaster"": 0.010845, ""port_operational_disruption"": 0.769349, ""port_closure"": 0.886081, ""labor_strike_disruption"": 0.006978, ""maritime_security_navigation_disruption"": 0.105658}"
1063,"[""natural_disaster""]","{""weather_disruption"": 0.366374, ""natural_disaster"": 0.933788, ""port_operational_disruption"": 0.037998, ""port_closure"": 0.011445, ""labor_strike_disruption"": 0.129666, ""maritime_security_navigation_disruption"": 0.054576}"
426,"[""weather_disruption"", ""port_operational_disruption""]","{""weather_disruption"": 0.872455, ""natural_disaster"": 0.01847, ""port_operational_disruption"": 0.894109, ""port_closure"": 0.122248, ""labor_strike_disruption"": 0.044649, ""maritime_security_navigation_disruption"": 0.0593}"
4936,"[""weather_disruption""]","{""weather_disruption"": 0.98452, ""natural_disaster"": 0.179655, ""port_operational_disruption"": 0.180506, ""port_closure"": 0.245467, ""labor_strike_disruption"": 0.014663, ""maritime_security_navigation_disruption"": 0.061568}"
2351,"[""weather_disruption"", ""port_operational_disruption""]","{""weather_disruption"": 0.980264, ""natural_disaster"": 0.01443, ""port_operational_disruption"": 0.845995, ""port_closure"": 0.585735, ""labor_strike_disruption"": 0.003428, ""maritime_security_navigation_disruption"": 0.030906}"
3856,"[""maritime_security_navigation_disruption""]","{""weather_disruption"": 0.186106, ""natural_disaster"": 0.017692, ""port_operational_disruption"": 0.115377, ""port_closure"": 0.270443, ""labor_strike_disruption"": 0.059167, ""maritime_security_navigation_disruption"": 0.958287}"
1762,"[""weather_disruption"", ""port_operational_disruption""]","{""weather_disruption"": 0.913753, ""natural_disaster"": 0.004926, ""port_operational_disruption"": 0.621068, ""port_closure"": 0.466972, ""labor_strike_disruption"": 0.050028, ""maritime_security_navigation_disruption"": 0.509994}"
192,"[""port_operational_disruption""]","{""weather_disruption"": 0.272507, ""natural_disaster"": 0.025361, ""port_operational_disruption"": 0.867824, ""port_closure"": 0.515751, ""labor_strike_disruption"": 0.241121, ""maritime_security_navigation_disruption"": 0.186607}"
3022,"[""port_operational_disruption""]","{""weather_disruption"": 0.109597, ""natural_disaster"": 0.011392, ""port_operational_disruption"": 0.917571, ""port_closure"": 0.049033, ""labor_strike_disruption"": 0.06611, ""maritime_security_navigation_disruption"": 0.154931}"
4167,"[""weather_disruption"", ""port_operational_disruption""]","{""weather_disruption"": 0.976992, ""natural_disaster"": 0.021689, ""port_operational_disruption"": 0.800909, ""port_closure"": 0.601007, ""labor_strike_disruption"": 0.005181, ""maritime_security_navigation_disruption"": 0.095264}"
5458,"[""weather_disruption"", ""port_operational_disruption""]","{""weather_disruption"": 0.993077, ""natural_disaster"": 0.015301, ""port_operational_disruption"": 0.8453, ""port_closure"": 0.286999, ""labor_strike_disruption"": 0.010964, ""maritime_security_navigation_disruption"": 0.082782}"
717,[],"{""weather_disruption"": 0.265516, ""natural_disaster"": 0.04873, ""port_operational_disruption"": 0.294528, ""port_closure"": 0.164899, ""labor_strike_disruption"": 0.147413, ""maritime_security_navigation_disruption"": 0.38242}"
5570,"[""natural_disaster""]","{""weather_disruption"": 0.20683, ""natural_disaster"": 0.974048, ""port_operational_disruption"": 0.017852, ""port_closure"": 0.015634, ""labor_strike_disruption"": 0.013129, ""maritime_security_navigation_disruption"": 0.151278}"
3819,"[""labor_strike_disruption""]","{""weather_disruption"": 0.003662, ""natural_disaster"": 0.004549, ""port_operational_disruption"": 0.181566, ""port_closure"": 0.023554, ""labor_strike_disruption"": 0.99307, ""maritime_security_navigation_disruption"": 0.133316}"
1857,"[""weather_disruption"", ""port_operational_disruption""]","{""weather_disruption"": 0.515221, ""natural_disaster"": 0.027477, ""port_operational_disruption"": 0.97687, ""port_closure"": 0.122232, ""labor_strike_disruption"": 0.027048, ""maritime_security_navigation_disruption"": 0.046158}"
2948,"[""weather_disruption"", ""port_closure"", ""maritime_security_navigation_disruption""]","{""weather_disruption"": 0.915636, ""natural_disaster"": 0.01661, ""port_operational_disruption"": 0.425539, ""port_closure"": 0.943212, ""labor_strike_disruption"": 0.01545, ""maritime_security_navigation_disruption"": 0.729207}"
4583,"[""weather_disruption""]","{""weather_disruption"": 0.93594, ""natural_disaster"": 0.015685, ""port_operational_disruption"": 0.068124, ""port_closure"": 0.106037, ""labor_strike_disruption"": 0.010613, ""maritime_security_navigation_disruption"": 0.250667}"
1344,"[""weather_disruption""]","{""weather_disruption"": 0.847503, ""natural_disaster"": 0.023242, ""port_operational_disruption"": 0.024872, ""port_closure"": 0.074599, ""labor_strike_disruption"": 0.071815, ""maritime_security_navigation_disruption"": 0.541461}"
1519,"[""maritime_security_navigation_disruption""]","{""weather_disruption"": 0.029612, ""natural_disaster"": 0.027598, ""port_operational_disruption"": 0.430305, ""port_closure"": 0.017063, ""labor_strike_disruption"": 0.18804, ""maritime_security_navigation_disruption"": 0.750595}"
1078,"[""labor_strike_disruption""]","{""weather_disruption"": 0.070068, ""natural_disaster"": 0.17309, ""port_operational_disruption"": 0.096639, ""port_closure"": 0.029097, ""labor_strike_disruption"": 0.947097, ""maritime_security_navigation_disruption"": 0.089542}"
2820,"[""weather_disruption"", ""port_operational_disruption""]","{""weather_disruption"": 0.738424, ""natural_disaster"": 0.007982, ""port_operational_disruption"": 0.962726, ""port_closure"": 0.205132, ""labor_strike_disruption"": 0.015731, ""maritime_security_navigation_disruption"": 0.012969}"
1041,"[""natural_disaster""]","{""weather_disruption"": 0.112797, ""natural_disaster"": 0.989273, ""port_operational_disruption"": 0.008121, ""port_closure"": 0.008609, ""labor_strike_disruption"": 0.139632, ""maritime_security_navigation_disruption"": 0.101857}"
3778,"[""maritime_security_navigation_disruption""]","{""weather_disruption"": 0.036553, ""natural_disaster"": 0.015306, ""port_operational_disruption"": 0.379782, ""port_closure"": 0.018464, ""labor_strike_disruption"": 0.095889, ""maritime_security_navigation_disruption"": 0.89685}"
3271,"[""maritime_security_navigation_disruption""]","{""weather_disruption"": 0.071794, ""natural_disaster"": 0.006818, ""port_operational_disruption"": 0.352358, ""port_closure"": 0.052397, ""labor_strike_disruption"": 0.029086, ""maritime_security_navigation_disruption"": 0.930716}"
3174,"[""port_operational_disruption"", ""maritime_security_navigation_disruption""]","{""weather_disruption"": 0.107902, ""natural_disaster"": 0.078066, ""port_operational_disruption"": 0.660994, ""port_closure"": 0.056748, ""labor_strike_disruption"": 0.062244, ""maritime_security_navigation_disruption"": 0.687345}"
2079,"[""port_operational_disruption""]","{""weather_disruption"": 0.095645, ""natural_disaster"": 0.043642, ""port_operational_disruption"": 0.960787, ""port_closure"": 0.100811, ""labor_strike_disruption"": 0.013741, ""maritime_security_navigation_disruption"": 0.21528}"
4746,"[""weather_disruption"", ""port_closure""]","{""weather_disruption"": 0.965057, ""natural_disaster"": 0.007741, ""port_operational_disruption"": 0.17847, ""port_closure"": 0.961603, ""labor_strike_disruption"": 0.005417, ""maritime_security_navigation_disruption"": 0.321186}"
2216,"[""weather_disruption"", ""port_closure""]","{""weather_disruption"": 0.916633, ""natural_disaster"": 0.026559, ""port_operational_disruption"": 0.419819, ""port_closure"": 0.940652, ""labor_strike_disruption"": 0.017519, ""maritime_security_navigation_disruption"": 0.561676}"
5451,"[""weather_disruption"", ""port_operational_disruption""]","{""weather_disruption"": 0.972431, ""natural_disaster"": 0.011623, ""port_operational_disruption"": 0.832928, ""port_closure"": 0.660825, ""labor_strike_disruption"": 0.009107, ""maritime_security_navigation_disruption"": 0.045638}"
1503,"[""weather_disruption"", ""port_operational_disruption""]","{""weather_disruption"": 0.550264, ""natural_disaster"": 0.010767, ""port_operational_disruption"": 0.655513, ""port_closure"": 0.165223, ""labor_strike_disruption"": 0.098885, ""maritime_security_navigation_disruption"": 0.055992}"
2277,"[""labor_strike_disruption""]","{""weather_disruption"": 0.159201, ""natural_disaster"": 0.028608, ""port_operational_disruption"": 0.03203, ""port_closure"": 0.009525, ""labor_strike_disruption"": 0.991761, ""maritime_security_navigation_disruption"": 0.023001}"
4819,"[""port_operational_disruption""]","{""weather_disruption"": 0.122222, ""natural_disaster"": 0.010791, ""port_operational_disruption"": 0.965516, ""port_closure"": 0.087478, ""labor_strike_disruption"": 0.021502, ""maritime_security_navigation_disruption"": 0.060219}"
799,"[""labor_strike_disruption""]","{""weather_disruption"": 0.148188, ""natural_disaster"": 0.034496, ""port_operational_disruption"": 0.029602, ""port_closure"": 0.015435, ""labor_strike_disruption"": 0.958393, ""maritime_security_navigation_disruption"": 0.066185}"
3244,"[""port_operational_disruption""]","{""weather_disruption"": 0.251866, ""natural_disaster"": 0.008808, ""port_operational_disruption"": 0.940005, ""port_closure"": 0.440937, ""labor_strike_disruption"": 0.063935, ""maritime_security_navigation_disruption"": 0.032128}"
1210,"[""weather_disruption"", ""port_operational_disruption""]","{""weather_disruption"": 0.89135, ""natural_disaster"": 0.005467, ""port_operational_disruption"": 0.907739, ""port_closure"": 0.230471, ""labor_strike_disruption"": 0.045311, ""maritime_security_navigation_disruption"": 0.065305}"
724,"[""labor_strike_disruption""]","{""weather_disruption"": 0.008324, ""natural_disaster"": 0.063131, ""port_operational_disruption"": 0.065459, ""port_closure"": 0.004955, ""labor_strike_disruption"": 0.995871, ""maritime_security_navigation_disruption"": 0.038638}"
1240,"[""port_operational_disruption""]","{""weather_disruption"": 0.055135, ""natural_disaster"": 0.006765, ""port_operational_disruption"": 0.978212, ""port_closure"": 0.10093, ""labor_strike_disruption"": 0.030944, ""maritime_security_navigation_disruption"": 0.161918}"
1178,"[""port_operational_disruption""]","{""weather_disruption"": 0.062367, ""natural_disaster"": 0.004055, ""port_operational_disruption"": 0.959636, ""port_closure"": 0.083398, ""labor_strike_disruption"": 0.044246, ""maritime_security_navigation_disruption"": 0.072618}"
2758,"[""port_operational_disruption""]","{""weather_disruption"": 0.114536, ""natural_disaster"": 0.007734, ""port_operational_disruption"": 0.980025, ""port_closure"": 0.120844, ""labor_strike_disruption"": 0.018348, ""maritime_security_navigation_disruption"": 0.04235}"
5698,"[""weather_disruption""]","{""weather_disruption"": 0.981349, ""natural_disaster"": 0.252567, ""port_operational_disruption"": 0.06183, ""port_closure"": 0.05804, ""labor_strike_disruption"": 0.016591, ""maritime_security_navigation_disruption"": 0.209471}"
2659,"[""weather_disruption"", ""port_operational_disruption"", ""port_closure""]","{""weather_disruption"": 0.557277, ""natural_disaster"": 0.01296, ""port_operational_disruption"": 0.594136, ""port_closure"": 0.925494, ""labor_strike_disruption"": 0.131041, ""maritime_security_navigation_disruption"": 0.115668}"
601,"[""labor_strike_disruption""]","{""weather_disruption"": 0.063508, ""natural_disaster"": 0.073901, ""port_operational_disruption"": 0.065048, ""port_closure"": 0.002107, ""labor_strike_disruption"": 0.985485, ""maritime_security_navigation_disruption"": 0.047426}"
4266,"[""maritime_security_navigation_disruption""]","{""weather_disruption"": 0.060176, ""natural_disaster"": 0.006864, ""port_operational_disruption"": 0.05481, ""port_closure"": 0.077079, ""labor_strike_disruption"": 0.06835, ""maritime_security_navigation_disruption"": 0.974119}"
4868,"[""port_operational_disruption""]","{""weather_disruption"": 0.10566, ""natural_disaster"": 0.007229, ""port_operational_disruption"": 0.92899, ""port_closure"": 0.066647, ""labor_strike_disruption"": 0.053359, ""maritime_security_navigation_disruption"": 0.100385}"
3933,"[""maritime_security_navigation_disruption""]","{""weather_disruption"": 0.083683, ""natural_disaster"": 0.004191, ""port_operational_disruption"": 0.156914, ""port_closure"": 0.222506, ""labor_strike_disruption"": 0.016574, ""maritime_security_navigation_disruption"": 0.951338}"
4571,"[""port_operational_disruption""]","{""weather_disruption"": 0.144847, ""natural_disaster"": 0.004311, ""port_operational_disruption"": 0.909954, ""port_closure"": 0.140868, ""labor_strike_disruption"": 0.405367, ""maritime_security_navigation_disruption"": 0.173518}"
203,"[""labor_strike_disruption""]","{""weather_disruption"": 0.027328, ""natural_disaster"": 0.038135, ""port_operational_disruption"": 0.471487, ""port_closure"": 0.079585, ""labor_strike_disruption"": 0.915552, ""maritime_security_navigation_disruption"": 0.280204}"
3718,"[""weather_disruption"", ""port_operational_disruption""]","{""weather_disruption"": 0.757932, ""natural_disaster"": 0.010357, ""port_operational_disruption"": 0.763218, ""port_closure"": 0.66867, ""labor_strike_disruption"": 0.030584, ""maritime_security_navigation_disruption"": 0.430155}"
2300,"[""port_operational_disruption"", ""labor_strike_disruption""]","{""weather_disruption"": 0.027875, ""natural_disaster"": 0.003035, ""port_operational_disruption"": 0.581846, ""port_closure"": 0.245489, ""labor_strike_disruption"": 0.976335, ""maritime_security_navigation_disruption"": 0.139272}"
1100,"[""natural_disaster""]","{""weather_disruption"": 0.260784, ""natural_disaster"": 0.826601, ""port_operational_disruption"": 0.064941, ""port_closure"": 0.035806, ""labor_strike_disruption"": 0.155361, ""maritime_security_navigation_disruption"": 0.135012}"
3624,"[""weather_disruption"", ""port_operational_disruption"", ""port_closure""]","{""weather_disruption"": 0.970612, ""natural_disaster"": 0.01083, ""port_operational_disruption"": 0.568479, ""port_closure"": 0.915855, ""labor_strike_disruption"": 0.018677, ""maritime_security_navigation_disruption"": 0.129292}"
4525,"[""labor_strike_disruption""]","{""weather_disruption"": 0.046653, ""natural_disaster"": 0.01519, ""port_operational_disruption"": 0.140659, ""port_closure"": 0.337989, ""labor_strike_disruption"": 0.971045, ""maritime_security_navigation_disruption"": 0.124271}"
4478,"[""weather_disruption""]","{""weather_disruption"": 0.987236, ""natural_disaster"": 0.049604, ""port_operational_disruption"": 0.009967, ""port_closure"": 0.02532, ""labor_strike_disruption"": 0.030613, ""maritime_security_navigation_disruption"": 0.204847}"
3147,[],"{""weather_disruption"": 0.312603, ""natural_disaster"": 0.090639, ""port_operational_disruption"": 0.104435, ""port_closure"": 0.609027, ""labor_strike_disruption"": 0.035737, ""maritime_security_navigation_disruption"": 0.605069}"
4165,"[""labor_strike_disruption""]","{""weather_disruption"": 0.008447, ""natural_disaster"": 0.006906, ""port_operational_disruption"": 0.401931, ""port_closure"": 0.036467, ""labor_strike_disruption"": 0.992865, ""maritime_security_navigation_disruption"": 0.180894}"
4977,"[""port_operational_disruption"", ""maritime_security_navigation_disruption""]","{""weather_disruption"": 0.037975, ""natural_disaster"": 0.038738, ""port_operational_disruption"": 0.605101, ""port_closure"": 0.027077, ""labor_strike_disruption"": 0.115981, ""maritime_security_navigation_disruption"": 0.725192}"
478,"[""labor_strike_disruption""]","{""weather_disruption"": 0.063607, ""natural_disaster"": 0.00463, ""port_operational_disruption"": 0.10692, ""port_closure"": 0.259399, ""labor_strike_disruption"": 0.988312, ""maritime_security_navigation_disruption"": 0.076988}"
4089,"[""weather_disruption""]","{""weather_disruption"": 0.985691, ""natural_disaster"": 0.355915, ""port_operational_disruption"": 0.176459, ""port_closure"": 0.027997, ""labor_strike_disruption"": 0.022231, ""maritime_security_navigation_disruption"": 0.12554}"
5399,"[""port_operational_disruption""]","{""weather_disruption"": 0.244431, ""natural_disaster"": 0.12926, ""port_operational_disruption"": 0.565996, ""port_closure"": 0.018723, ""labor_strike_disruption"": 0.383465, ""maritime_security_navigation_disruption"": 0.050835}"
3387,"[""port_operational_disruption""]","{""weather_disruption"": 0.03659, ""natural_disaster"": 0.005687, ""port_operational_disruption"": 0.861109, ""port_closure"": 0.05033, ""labor_strike_disruption"": 0.288283, ""maritime_security_navigation_disruption"": 0.378964}"
767,"[""natural_disaster""]","{""weather_disruption"": 0.444558, ""natural_disaster"": 0.944889, ""port_operational_disruption"": 0.05148, ""port_closure"": 0.009116, ""labor_strike_disruption"": 0.028845, ""maritime_security_navigation_disruption"": 0.118114}"
2766,"[""port_operational_disruption""]","{""weather_disruption"": 0.290808, ""natural_disaster"": 0.011182, ""port_operational_disruption"": 0.973238, ""port_closure"": 0.213508, ""labor_strike_disruption"": 0.019407, ""maritime_security_navigation_disruption"": 0.034194}"
1745,"[""labor_strike_disruption""]","{""weather_disruption"": 0.023573, ""natural_disaster"": 0.045856, ""port_operational_disruption"": 0.027689, ""port_closure"": 0.014566, ""labor_strike_disruption"": 0.992588, ""maritime_security_navigation_disruption"": 0.02705}"
3458,"[""weather_disruption""]","{""weather_disruption"": 0.985187, ""natural_disaster"": 0.076791, ""port_operational_disruption"": 0.100397, ""port_closure"": 0.034018, ""labor_strike_disruption"": 0.079786, ""maritime_security_navigation_disruption"": 0.027457}"
4036,"[""maritime_security_navigation_disruption""]","{""weather_disruption"": 0.036073, ""natural_disaster"": 0.01553, ""port_operational_disruption"": 0.391913, ""port_closure"": 0.03342, ""labor_strike_disruption"": 0.176406, ""maritime_security_navigation_disruption"": 0.793957}"
4265,"[""maritime_security_navigation_disruption""]","{""weather_disruption"": 0.038619, ""natural_disaster"": 0.014903, ""port_operational_disruption"": 0.055773, ""port_closure"": 0.113563, ""labor_strike_disruption"": 0.070549, ""maritime_security_navigation_disruption"": 0.985667}"
4106,"[""port_operational_disruption""]","{""weather_disruption"": 0.453123, ""natural_disaster"": 0.014714, ""port_operational_disruption"": 0.963492, ""port_closure"": 0.282477, ""labor_strike_disruption"": 0.027109, ""maritime_security_navigation_disruption"": 0.102992}"
3400,"[""maritime_security_navigation_disruption""]","{""weather_disruption"": 0.482884, ""natural_disaster"": 0.005877, ""port_operational_disruption"": 0.368773, ""port_closure"": 0.35149, ""labor_strike_disruption"": 0.072021, ""maritime_security_navigation_disruption"": 0.939179}"
4616,"[""port_operational_disruption""]","{""weather_disruption"": 0.085998, ""natural_disaster"": 0.019743, ""port_operational_disruption"": 0.925078, ""port_closure"": 0.083508, ""labor_strike_disruption"": 0.045193, ""maritime_security_navigation_disruption"": 0.071626}"
3286,"[""port_operational_disruption""]","{""weather_disruption"": 0.08486, ""natural_disaster"": 0.006545, ""port_operational_disruption"": 0.98004, ""port_closure"": 0.101311, ""labor_strike_disruption"": 0.048014, ""maritime_security_navigation_disruption"": 0.106649}"
3736,"[""maritime_security_navigation_disruption""]","{""weather_disruption"": 0.243214, ""natural_disaster"": 0.004907, ""port_operational_disruption"": 0.185882, ""port_closure"": 0.129814, ""labor_strike_disruption"": 0.029028, ""maritime_security_navigation_disruption"": 0.938182}"
2702,"[""port_operational_disruption""]","{""weather_disruption"": 0.104016, ""natural_disaster"": 0.011888, ""port_operational_disruption"": 0.969847, ""port_closure"": 0.055608, ""labor_strike_disruption"": 0.064392, ""maritime_security_navigation_disruption"": 0.021463}"
4718,"[""port_operational_disruption""]","{""weather_disruption"": 0.049738, ""natural_disaster"": 0.011516, ""port_operational_disruption"": 0.965427, ""port_closure"": 0.265334, ""labor_strike_disruption"": 0.036709, ""maritime_security_navigation_disruption"": 0.047309}"
185,"[""port_operational_disruption"", ""maritime_security_navigation_disruption""]","{""weather_disruption"": 0.007754, ""natural_disaster"": 0.007974, ""port_operational_disruption"": 0.811082, ""port_closure"": 0.038757, ""labor_strike_disruption"": 0.251207, ""maritime_security_navigation_disruption"": 0.815086}"
2974,"[""labor_strike_disruption""]","{""weather_disruption"": 0.07964, ""natural_disaster"": 0.021499, ""port_operational_disruption"": 0.120858, ""port_closure"": 0.042319, ""labor_strike_disruption"": 0.97486, ""maritime_security_navigation_disruption"": 0.264933}"
4363,"[""natural_disaster""]","{""weather_disruption"": 0.138958, ""natural_disaster"": 0.992532, ""port_operational_disruption"": 0.014465, ""port_closure"": 0.008007, ""labor_strike_disruption"": 0.045024, ""maritime_security_navigation_disruption"": 0.169253}"
2028,"[""port_operational_disruption""]","{""weather_disruption"": 0.041895, ""natural_disaster"": 0.017541, ""port_operational_disruption"": 0.76506, ""port_closure"": 0.126482, ""labor_strike_disruption"": 0.13231, ""maritime_security_navigation_disruption"": 0.1784}"
4985,"[""port_operational_disruption""]","{""weather_disruption"": 0.108945, ""natural_disaster"": 0.006533, ""port_operational_disruption"": 0.974475, ""port_closure"": 0.079088, ""labor_strike_disruption"": 0.064242, ""maritime_security_navigation_disruption"": 0.092546}"
1128,"[""weather_disruption""]","{""weather_disruption"": 0.994331, ""natural_disaster"": 0.039269, ""port_operational_disruption"": 0.125522, ""port_closure"": 0.019274, ""labor_strike_disruption"": 0.023639, ""maritime_security_navigation_disruption"": 0.027869}"
1235,"[""weather_disruption"", ""port_operational_disruption""]","{""weather_disruption"": 0.78104, ""natural_disaster"": 0.020653, ""port_operational_disruption"": 0.942078, ""port_closure"": 0.309642, ""labor_strike_disruption"": 0.041603, ""maritime_security_navigation_disruption"": 0.068892}"
396,"[""port_operational_disruption""]","{""weather_disruption"": 0.415905, ""natural_disaster"": 0.009347, ""port_operational_disruption"": 0.985442, ""port_closure"": 0.11579, ""labor_strike_disruption"": 0.019258, ""maritime_security_navigation_disruption"": 0.051655}"
2004,"[""port_operational_disruption""]","{""weather_disruption"": 0.225198, ""natural_disaster"": 0.041009, ""port_operational_disruption"": 0.594616, ""port_closure"": 0.31059, ""labor_strike_disruption"": 0.119769, ""maritime_security_navigation_disruption"": 0.150735}"
2880,"[""weather_disruption"", ""port_operational_disruption""]","{""weather_disruption"": 0.840435, ""natural_disaster"": 0.009571, ""port_operational_disruption"": 0.89263, ""port_closure"": 0.629475, ""labor_strike_disruption"": 0.01769, ""maritime_security_navigation_disruption"": 0.109117}"
4889,"[""port_operational_disruption""]","{""weather_disruption"": 0.045577, ""natural_disaster"": 0.007017, ""port_operational_disruption"": 0.98719, ""port_closure"": 0.021449, ""labor_strike_disruption"": 0.114412, ""maritime_security_navigation_disruption"": 0.034386}"
1825,"[""port_operational_disruption""]","{""weather_disruption"": 0.131828, ""natural_disaster"": 0.011984, ""port_operational_disruption"": 0.971553, ""port_closure"": 0.149347, ""labor_strike_disruption"": 0.017665, ""maritime_security_navigation_disruption"": 0.07028}"
793,"[""weather_disruption""]","{""weather_disruption"": 0.988894, ""natural_disaster"": 0.056499, ""port_operational_disruption"": 0.035184, ""port_closure"": 0.036601, ""labor_strike_disruption"": 0.013538, ""maritime_security_navigation_disruption"": 0.094017}"
3136,"[""natural_disaster""]","{""weather_disruption"": 0.268958, ""natural_disaster"": 0.989025, ""port_operational_disruption"": 0.013863, ""port_closure"": 0.01045, ""labor_strike_disruption"": 0.041572, ""maritime_security_navigation_disruption"": 0.077943}"
307,"[""labor_strike_disruption""]","{""weather_disruption"": 0.012004, ""natural_disaster"": 0.015052, ""port_operational_disruption"": 0.056881, ""port_closure"": 0.008248, ""labor_strike_disruption"": 0.997394, ""maritime_security_navigation_disruption"": 0.143408}"
3735,"[""maritime_security_navigation_disruption""]","{""weather_disruption"": 0.10326, ""natural_disaster"": 0.015183, ""port_operational_disruption"": 0.159575, ""port_closure"": 0.071929, ""labor_strike_disruption"": 0.092023, ""maritime_security_navigation_disruption"": 0.979773}"
974,"[""labor_strike_disruption""]","{""weather_disruption"": 0.032592, ""natural_disaster"": 0.024744, ""port_operational_disruption"": 0.082487, ""port_closure"": 0.033475, ""labor_strike_disruption"": 0.978281, ""maritime_security_navigation_disruption"": 0.423141}"
3234,"[""port_operational_disruption""]","{""weather_disruption"": 0.052126, ""natural_disaster"": 0.014759, ""port_operational_disruption"": 0.959314, ""port_closure"": 0.05617, ""labor_strike_disruption"": 0.041232, ""maritime_security_navigation_disruption"": 0.040549}"
2075,"[""port_operational_disruption""]","{""weather_disruption"": 0.090982, ""natural_disaster"": 0.026528, ""port_operational_disruption"": 0.951937, ""port_closure"": 0.113328, ""labor_strike_disruption"": 0.039023, ""maritime_security_navigation_disruption"": 0.167887}"
2356,"[""weather_disruption"", ""port_operational_disruption""]","{""weather_disruption"": 0.986437, ""natural_disaster"": 0.037294, ""port_operational_disruption"": 0.636445, ""port_closure"": 0.510865, ""labor_strike_disruption"": 0.021235, ""maritime_security_navigation_disruption"": 0.110126}"
3606,"[""maritime_security_navigation_disruption""]","{""weather_disruption"": 0.090323, ""natural_disaster"": 0.007322, ""port_operational_disruption"": 0.163478, ""port_closure"": 0.03982, ""labor_strike_disruption"": 0.034757, ""maritime_security_navigation_disruption"": 0.969097}"
4577,"[""weather_disruption"", ""port_closure""]","{""weather_disruption"": 0.74649, ""natural_disaster"": 0.009237, ""port_operational_disruption"": 0.254758, ""port_closure"": 0.979865, ""labor_strike_disruption"": 0.029049, ""maritime_security_navigation_disruption"": 0.146613}"
3732,"[""maritime_security_navigation_disruption""]","{""weather_disruption"": 0.291354, ""natural_disaster"": 0.005819, ""port_operational_disruption"": 0.273659, ""port_closure"": 0.29421, ""labor_strike_disruption"": 0.040601, ""maritime_security_navigation_disruption"": 0.947372}"
2354,"[""weather_disruption"", ""port_operational_disruption""]","{""weather_disruption"": 0.978086, ""natural_disaster"": 0.022528, ""port_operational_disruption"": 0.780536, ""port_closure"": 0.53675, ""labor_strike_disruption"": 0.016391, ""maritime_security_navigation_disruption"": 0.08465}"
4121,"[""weather_disruption""]","{""weather_disruption"": 0.992201, ""natural_disaster"": 0.182973, ""port_operational_disruption"": 0.041738, ""port_closure"": 0.161209, ""labor_strike_disruption"": 0.036046, ""maritime_security_navigation_disruption"": 0.016272}"
680,"[""weather_disruption"", ""port_operational_disruption""]","{""weather_disruption"": 0.776052, ""natural_disaster"": 0.016608, ""port_operational_disruption"": 0.611387, ""port_closure"": 0.200507, ""labor_strike_disruption"": 0.012207, ""maritime_security_navigation_disruption"": 0.501673}"
3987,"[""weather_disruption"", ""port_operational_disruption"", ""port_closure""]","{""weather_disruption"": 0.727438, ""natural_disaster"": 0.007893, ""port_operational_disruption"": 0.57666, ""port_closure"": 0.85428, ""labor_strike_disruption"": 0.10559, ""maritime_security_navigation_disruption"": 0.485053}"
2908,"[""weather_disruption"", ""port_operational_disruption""]","{""weather_disruption"": 0.775696, ""natural_disaster"": 0.018382, ""port_operational_disruption"": 0.935646, ""port_closure"": 0.159867, ""labor_strike_disruption"": 0.019887, ""maritime_security_navigation_disruption"": 0.209568}"
3259,"[""port_operational_disruption""]","{""weather_disruption"": 0.1302, ""natural_disaster"": 0.002432, ""port_operational_disruption"": 0.981592, ""port_closure"": 0.05326, ""labor_strike_disruption"": 0.165658, ""maritime_security_navigation_disruption"": 0.106333}"
5007,"[""port_operational_disruption""]","{""weather_disruption"": 0.262322, ""natural_disaster"": 0.014607, ""port_operational_disruption"": 0.971309, ""port_closure"": 0.125951, ""labor_strike_disruption"": 0.011724, ""maritime_security_navigation_disruption"": 0.071213}"
3556,"[""port_operational_disruption""]","{""weather_disruption"": 0.153913, ""natural_disaster"": 0.015318, ""port_operational_disruption"": 0.743737, ""port_closure"": 0.227642, ""labor_strike_disruption"": 0.103337, ""maritime_security_navigation_disruption"": 0.583791}"
5509,"[""maritime_security_navigation_disruption""]","{""weather_disruption"": 0.004498, ""natural_disaster"": 0.037055, ""port_operational_disruption"": 0.316344, ""port_closure"": 0.00456, ""labor_strike_disruption"": 0.293326, ""maritime_security_navigation_disruption"": 0.926123}"
2810,"[""port_operational_disruption""]","{""weather_disruption"": 0.270113, ""natural_disaster"": 0.039079, ""port_operational_disruption"": 0.757428, ""port_closure"": 0.425903, ""labor_strike_disruption"": 0.078529, ""maritime_security_navigation_disruption"": 0.37639}"
5704,"[""weather_disruption""]","{""weather_disruption"": 0.979548, ""natural_disaster"": 0.025104, ""port_operational_disruption"": 0.05576, ""port_closure"": 0.079742, ""labor_strike_disruption"": 0.00621, ""maritime_security_navigation_disruption"": 0.172162}"
395,"[""port_operational_disruption""]","{""weather_disruption"": 0.132737, ""natural_disaster"": 0.005669, ""port_operational_disruption"": 0.960106, ""port_closure"": 0.083177, ""labor_strike_disruption"": 0.02661, ""maritime_security_navigation_disruption"": 0.087634}"
2308,"[""labor_strike_disruption""]","{""weather_disruption"": 0.038441, ""natural_disaster"": 0.016171, ""port_operational_disruption"": 0.280438, ""port_closure"": 0.130634, ""labor_strike_disruption"": 0.982085, ""maritime_security_navigation_disruption"": 0.08294}"
2293,"[""weather_disruption""]","{""weather_disruption"": 0.985775, ""natural_disaster"": 0.124211, ""port_operational_disruption"": 0.021911, ""port_closure"": 0.08467, ""labor_strike_disruption"": 0.036796, ""maritime_security_navigation_disruption"": 0.115086}"
3163,"[""weather_disruption"", ""port_closure""]","{""weather_disruption"": 0.90636, ""natural_disaster"": 0.008583, ""port_operational_disruption"": 0.425592, ""port_closure"": 0.925079, ""labor_strike_disruption"": 0.032033, ""maritime_security_navigation_disruption"": 0.199113}"
962,"[""weather_disruption""]","{""weather_disruption"": 0.556262, ""natural_disaster"": 0.076871, ""port_operational_disruption"": 0.076095, ""port_closure"": 0.025438, ""labor_strike_disruption"": 0.249843, ""maritime_security_navigation_disruption"": 0.179719}"
2296,"[""labor_strike_disruption""]","{""weather_disruption"": 0.051072, ""natural_disaster"": 0.118404, ""port_operational_disruption"": 0.013102, ""port_closure"": 0.088355, ""labor_strike_disruption"": 0.982836, ""maritime_security_navigation_disruption"": 0.196807}"
802,"[""weather_disruption""]","{""weather_disruption"": 0.988272, ""natural_disaster"": 0.03212, ""port_operational_disruption"": 0.167624, ""port_closure"": 0.077984, ""labor_strike_disruption"": 0.018088, ""maritime_security_navigation_disruption"": 0.028859}"
2029,"[""port_operational_disruption""]","{""weather_disruption"": 0.037539, ""natural_disaster"": 0.015261, ""port_operational_disruption"": 0.761655, ""port_closure"": 0.092463, ""labor_strike_disruption"": 0.200929, ""maritime_security_navigation_disruption"": 0.140521}"
4397,"[""port_operational_disruption""]","{""weather_disruption"": 0.105929, ""natural_disaster"": 0.016977, ""port_operational_disruption"": 0.978264, ""port_closure"": 0.111852, ""labor_strike_disruption"": 0.019389, ""maritime_security_navigation_disruption"": 0.036824}"
1502,[],"{""weather_disruption"": 0.425404, ""natural_disaster"": 0.086624, ""port_operational_disruption"": 0.344641, ""port_closure"": 0.434775, ""labor_strike_disruption"": 0.061305, ""maritime_security_navigation_disruption"": 0.581314}"
4010,"[""weather_disruption"", ""port_closure""]","{""weather_disruption"": 0.919106, ""natural_disaster"": 0.016662, ""port_operational_disruption"": 0.248339, ""port_closure"": 0.961572, ""labor_strike_disruption"": 0.016317, ""maritime_security_navigation_disruption"": 0.220431}"
4175,"[""weather_disruption""]","{""weather_disruption"": 0.982147, ""natural_disaster"": 0.01807, ""port_operational_disruption"": 0.094239, ""port_closure"": 0.113638, ""labor_strike_disruption"": 0.012519, ""maritime_security_navigation_disruption"": 0.315027}"
1176,"[""port_operational_disruption""]","{""weather_disruption"": 0.039625, ""natural_disaster"": 0.007921, ""port_operational_disruption"": 0.963421, ""port_closure"": 0.081737, ""labor_strike_disruption"": 0.056543, ""maritime_security_navigation_disruption"": 0.036856}"
2445,"[""labor_strike_disruption""]","{""weather_disruption"": 0.013342, ""natural_disaster"": 0.087556, ""port_operational_disruption"": 0.178871, ""port_closure"": 0.013568, ""labor_strike_disruption"": 0.91861, ""maritime_security_navigation_disruption"": 0.472081}"
4076,"[""port_operational_disruption""]","{""weather_disruption"": 0.213357, ""natural_disaster"": 0.010443, ""port_operational_disruption"": 0.783227, ""port_closure"": 0.078278, ""labor_strike_disruption"": 0.066063, ""maritime_security_navigation_disruption"": 0.630707}"
5219,"[""labor_strike_disruption""]","{""weather_disruption"": 0.03366, ""natural_disaster"": 0.125776, ""port_operational_disruption"": 0.124266, ""port_closure"": 0.004784, ""labor_strike_disruption"": 0.978115, ""maritime_security_navigation_disruption"": 0.051102}"
3537,"[""labor_strike_disruption""]","{""weather_disruption"": 0.081649, ""natural_disaster"": 0.046837, ""port_operational_disruption"": 0.014387, ""port_closure"": 0.03949, ""labor_strike_disruption"": 0.950851, ""maritime_security_navigation_disruption"": 0.237432}"
5654,"[""weather_disruption"", ""port_operational_disruption""]","{""weather_disruption"": 0.715427, ""natural_disaster"": 0.007038, ""port_operational_disruption"": 0.868276, ""port_closure"": 0.407978, ""labor_strike_disruption"": 0.042053, ""maritime_security_navigation_disruption"": 0.214046}"
1721,"[""weather_disruption""]","{""weather_disruption"": 0.994995, ""natural_disaster"": 0.280158, ""port_operational_disruption"": 0.025505, ""port_closure"": 0.127731, ""labor_strike_disruption"": 0.00427, ""maritime_security_navigation_disruption"": 0.037566}"
1334,"[""weather_disruption""]","{""weather_disruption"": 0.906156, ""natural_disaster"": 0.292661, ""port_operational_disruption"": 0.046728, ""port_closure"": 0.032024, ""labor_strike_disruption"": 0.105426, ""maritime_security_navigation_disruption"": 0.019883}"
337,[],"{""weather_disruption"": 0.46675, ""natural_disaster"": 0.018616, ""port_operational_disruption"": 0.372137, ""port_closure"": 0.078079, ""labor_strike_disruption"": 0.034948, ""maritime_security_navigation_disruption"": 0.602036}"
4124,"[""weather_disruption""]","{""weather_disruption"": 0.995777, ""natural_disaster"": 0.189323, ""port_operational_disruption"": 0.067546, ""port_closure"": 0.027993, ""labor_strike_disruption"": 0.029243, ""maritime_security_navigation_disruption"": 0.010788}"
2885,"[""weather_disruption"", ""port_operational_disruption""]","{""weather_disruption"": 0.570753, ""natural_disaster"": 0.007033, ""port_operational_disruption"": 0.927156, ""port_closure"": 0.473644, ""labor_strike_disruption"": 0.020197, ""maritime_security_navigation_disruption"": 0.049414}"
276,"[""weather_disruption""]","{""weather_disruption"": 0.734359, ""natural_disaster"": 0.453226, ""port_operational_disruption"": 0.057773, ""port_closure"": 0.010858, ""labor_strike_disruption"": 0.070908, ""maritime_security_navigation_disruption"": 0.150902}"
1454,"[""port_operational_disruption""]","{""weather_disruption"": 0.434488, ""natural_disaster"": 0.004166, ""port_operational_disruption"": 0.992402, ""port_closure"": 0.090544, ""labor_strike_disruption"": 0.044693, ""maritime_security_navigation_disruption"": 0.050662}"
4998,"[""weather_disruption"", ""port_operational_disruption"", ""port_closure""]","{""weather_disruption"": 0.971966, ""natural_disaster"": 0.006411, ""port_operational_disruption"": 0.587079, ""port_closure"": 0.891495, ""labor_strike_disruption"": 0.027765, ""maritime_security_navigation_disruption"": 0.059744}"
4125,"[""weather_disruption"", ""port_operational_disruption""]","{""weather_disruption"": 0.932432, ""natural_disaster"": 0.012491, ""port_operational_disruption"": 0.834652, ""port_closure"": 0.495559, ""labor_strike_disruption"": 0.060045, ""maritime_security_navigation_disruption"": 0.054402}"
2842,"[""port_operational_disruption""]","{""weather_disruption"": 0.133453, ""natural_disaster"": 0.004358, ""port_operational_disruption"": 0.982516, ""port_closure"": 0.088387, ""labor_strike_disruption"": 0.015791, ""maritime_security_navigation_disruption"": 0.083085}"
73,"[""labor_strike_disruption""]","{""weather_disruption"": 0.050468, ""natural_disaster"": 0.011603, ""port_operational_disruption"": 0.509488, ""port_closure"": 0.04417, ""labor_strike_disruption"": 0.737291, ""maritime_security_navigation_disruption"": 0.545335}"
2212,[],"{""weather_disruption"": 0.228014, ""natural_disaster"": 0.424814, ""port_operational_disruption"": 0.03309, ""port_closure"": 0.069131, ""labor_strike_disruption"": 0.27297, ""maritime_security_navigation_disruption"": 0.304579}"
425,"[""port_operational_disruption"", ""maritime_security_navigation_disruption""]","{""weather_disruption"": 0.06274, ""natural_disaster"": 0.032195, ""port_operational_disruption"": 0.761395, ""port_closure"": 0.176182, ""labor_strike_disruption"": 0.031926, ""maritime_security_navigation_disruption"": 0.889778}"
3807,"[""maritime_security_navigation_disruption""]","{""weather_disruption"": 0.354296, ""natural_disaster"": 0.025092, ""port_operational_disruption"": 0.191153, ""port_closure"": 0.075681, ""labor_strike_disruption"": 0.06503, ""maritime_security_navigation_disruption"": 0.830401}"
3635,"[""labor_strike_disruption""]","{""weather_disruption"": 0.023884, ""natural_disaster"": 0.021067, ""port_operational_disruption"": 0.006357, ""port_closure"": 0.034971, ""labor_strike_disruption"": 0.982088, ""maritime_security_navigation_disruption"": 0.145918}"
29,"[""weather_disruption""]","{""weather_disruption"": 0.923825, ""natural_disaster"": 0.179139, ""port_operational_disruption"": 0.062614, ""port_closure"": 0.107538, ""labor_strike_disruption"": 0.022109, ""maritime_security_navigation_disruption"": 0.122903}"
2549,"[""weather_disruption""]","{""weather_disruption"": 0.920518, ""natural_disaster"": 0.064894, ""port_operational_disruption"": 0.115461, ""port_closure"": 0.051815, ""labor_strike_disruption"": 0.076954, ""maritime_security_navigation_disruption"": 0.02455}"
4137,"[""maritime_security_navigation_disruption""]","{""weather_disruption"": 0.133423, ""natural_disaster"": 0.006966, ""port_operational_disruption"": 0.325046, ""port_closure"": 0.057394, ""labor_strike_disruption"": 0.126025, ""maritime_security_navigation_disruption"": 0.937147}"
1058,"[""weather_disruption""]","{""weather_disruption"": 0.988884, ""natural_disaster"": 0.314009, ""port_operational_disruption"": 0.019651, ""port_closure"": 0.129755, ""labor_strike_disruption"": 0.020351, ""maritime_security_navigation_disruption"": 0.152739}"
739,"[""weather_disruption""]","{""weather_disruption"": 0.92683, ""natural_disaster"": 0.223916, ""port_operational_disruption"": 0.252853, ""port_closure"": 0.08187, ""labor_strike_disruption"": 0.137609, ""maritime_security_navigation_disruption"": 0.060458}"
559,"[""weather_disruption"", ""port_operational_disruption""]","{""weather_disruption"": 0.994937, ""natural_disaster"": 0.032725, ""port_operational_disruption"": 0.624688, ""port_closure"": 0.652783, ""labor_strike_disruption"": 0.018799, ""maritime_security_navigation_disruption"": 0.046282}"
2103,"[""weather_disruption"", ""port_closure""]","{""weather_disruption"": 0.890632, ""natural_disaster"": 0.030294, ""port_operational_disruption"": 0.390994, ""port_closure"": 0.962977, ""labor_strike_disruption"": 0.016824, ""maritime_security_navigation_disruption"": 0.179268}"
769,"[""labor_strike_disruption""]","{""weather_disruption"": 0.018186, ""natural_disaster"": 0.11358, ""port_operational_disruption"": 0.185678, ""port_closure"": 0.012685, ""labor_strike_disruption"": 0.970595, ""maritime_security_navigation_disruption"": 0.102227}"
5033,"[""port_operational_disruption""]","{""weather_disruption"": 0.09755, ""natural_disaster"": 0.002846, ""port_operational_disruption"": 0.950987, ""port_closure"": 0.110297, ""labor_strike_disruption"": 0.047096, ""maritime_security_navigation_disruption"": 0.41753}"
1047,"[""natural_disaster""]","{""weather_disruption"": 0.415939, ""natural_disaster"": 0.986864, ""port_operational_disruption"": 0.011264, ""port_closure"": 0.03129, ""labor_strike_disruption"": 0.062106, ""maritime_security_navigation_disruption"": 0.087055}"
2848,"[""weather_disruption"", ""port_operational_disruption""]","{""weather_disruption"": 0.769425, ""natural_disaster"": 0.006325, ""port_operational_disruption"": 0.82249, ""port_closure"": 0.283619, ""labor_strike_disruption"": 0.055451, ""maritime_security_navigation_disruption"": 0.140694}"
5206,"[""maritime_security_navigation_disruption""]","{""weather_disruption"": 0.066263, ""natural_disaster"": 0.058375, ""port_operational_disruption"": 0.161951, ""port_closure"": 0.319572, ""labor_strike_disruption"": 0.23732, ""maritime_security_navigation_disruption"": 0.655469}"
1195,"[""port_operational_disruption""]","{""weather_disruption"": 0.071965, ""natural_disaster"": 0.009051, ""port_operational_disruption"": 0.978079, ""port_closure"": 0.126592, ""labor_strike_disruption"": 0.014645, ""maritime_security_navigation_disruption"": 0.044499}"
300,"[""weather_disruption""]","{""weather_disruption"": 0.966017, ""natural_disaster"": 0.092813, ""port_operational_disruption"": 0.012015, ""port_closure"": 0.19824, ""labor_strike_disruption"": 0.036414, ""maritime_security_navigation_disruption"": 0.167829}"
423,"[""port_operational_disruption"", ""maritime_security_navigation_disruption""]","{""weather_disruption"": 0.130981, ""natural_disaster"": 0.007528, ""port_operational_disruption"": 0.790673, ""port_closure"": 0.282218, ""labor_strike_disruption"": 0.125182, ""maritime_security_navigation_disruption"": 0.783687}"
4869,"[""port_operational_disruption""]","{""weather_disruption"": 0.0994, ""natural_disaster"": 0.004699, ""port_operational_disruption"": 0.95878, ""port_closure"": 0.336788, ""labor_strike_disruption"": 0.080909, ""maritime_security_navigation_disruption"": 0.018134}"
1239,"[""weather_disruption"", ""port_operational_disruption""]","{""weather_disruption"": 0.70684, ""natural_disaster"": 0.007679, ""port_operational_disruption"": 0.904233, ""port_closure"": 0.344787, ""labor_strike_disruption"": 0.022952, ""maritime_security_navigation_disruption"": 0.046743}"
5381,"[""port_operational_disruption"", ""labor_strike_disruption""]","{""weather_disruption"": 0.070899, ""natural_disaster"": 0.022469, ""port_operational_disruption"": 0.659665, ""port_closure"": 0.056174, ""labor_strike_disruption"": 0.656082, ""maritime_security_navigation_disruption"": 0.063916}"
583,"[""labor_strike_disruption""]","{""weather_disruption"": 0.009744, ""natural_disaster"": 0.069782, ""port_operational_disruption"": 0.070606, ""port_closure"": 0.035986, ""labor_strike_disruption"": 0.982593, ""maritime_security_navigation_disruption"": 0.084356}"
5585,"[""natural_disaster""]","{""weather_disruption"": 0.121703, ""natural_disaster"": 0.989317, ""port_operational_disruption"": 0.022721, ""port_closure"": 0.013204, ""labor_strike_disruption"": 0.035673, ""maritime_security_navigation_disruption"": 0.139963}"
3029,"[""port_operational_disruption""]","{""weather_disruption"": 0.113316, ""natural_disaster"": 0.002184, ""port_operational_disruption"": 0.982411, ""port_closure"": 0.100767, ""labor_strike_disruption"": 0.028457, ""maritime_security_navigation_disruption"": 0.146902}"
510,"[""weather_disruption"", ""port_operational_disruption""]","{""weather_disruption"": 0.946139, ""natural_disaster"": 0.0113, ""port_operational_disruption"": 0.810309, ""port_closure"": 0.099738, ""labor_strike_disruption"": 0.016424, ""maritime_security_navigation_disruption"": 0.067894}"
4251,[],"{""weather_disruption"": 0.160712, ""natural_disaster"": 0.011519, ""port_operational_disruption"": 0.51966, ""port_closure"": 0.472591, ""labor_strike_disruption"": 0.249102, ""maritime_security_navigation_disruption"": 0.450521}"
4489,"[""port_operational_disruption"", ""labor_strike_disruption""]","{""weather_disruption"": 0.012927, ""natural_disaster"": 0.046389, ""port_operational_disruption"": 0.631817, ""port_closure"": 0.017236, ""labor_strike_disruption"": 0.733784, ""maritime_security_navigation_disruption"": 0.235089}"
2680,"[""port_operational_disruption""]","{""weather_disruption"": 0.075124, ""natural_disaster"": 0.007498, ""port_operational_disruption"": 0.987205, ""port_closure"": 0.09209, ""labor_strike_disruption"": 0.021964, ""maritime_security_navigation_disruption"": 0.058303}"
377,"[""weather_disruption""]","{""weather_disruption"": 0.99347, ""natural_disaster"": 0.099127, ""port_operational_disruption"": 0.0478, ""port_closure"": 0.169452, ""labor_strike_disruption"": 0.011323, ""maritime_security_navigation_disruption"": 0.107349}"
2365,"[""weather_disruption"", ""port_operational_disruption"", ""port_closure""]","{""weather_disruption"": 0.989266, ""natural_disaster"": 0.029052, ""port_operational_disruption"": 0.609638, ""port_closure"": 0.82205, ""labor_strike_disruption"": 0.004756, ""maritime_security_navigation_disruption"": 0.058286}"
5743,"[""port_operational_disruption""]","{""weather_disruption"": 0.050101, ""natural_disaster"": 0.015236, ""port_operational_disruption"": 0.978844, ""port_closure"": 0.065268, ""labor_strike_disruption"": 0.059004, ""maritime_security_navigation_disruption"": 0.046353}"
3100,"[""weather_disruption""]","{""weather_disruption"": 0.99423, ""natural_disaster"": 0.097651, ""port_operational_disruption"": 0.135339, ""port_closure"": 0.106468, ""labor_strike_disruption"": 0.004999, ""maritime_security_navigation_disruption"": 0.121191}"
2728,"[""labor_strike_disruption""]","{""weather_disruption"": 0.014771, ""natural_disaster"": 0.015933, ""port_operational_disruption"": 0.110694, ""port_closure"": 0.114288, ""labor_strike_disruption"": 0.98993, ""maritime_security_navigation_disruption"": 0.174867}"
2108,"[""port_operational_disruption"", ""labor_strike_disruption""]","{""weather_disruption"": 0.129127, ""natural_disaster"": 0.00301, ""port_operational_disruption"": 0.770967, ""port_closure"": 0.715886, ""labor_strike_disruption"": 0.558568, ""maritime_security_navigation_disruption"": 0.229251}"
5659,"[""weather_disruption"", ""port_operational_disruption"", ""port_closure""]","{""weather_disruption"": 0.834134, ""natural_disaster"": 0.006653, ""port_operational_disruption"": 0.685333, ""port_closure"": 0.876369, ""labor_strike_disruption"": 0.02113, ""maritime_security_navigation_disruption"": 0.285622}"
2156,"[""natural_disaster""]","{""weather_disruption"": 0.137856, ""natural_disaster"": 0.936872, ""port_operational_disruption"": 0.097372, ""port_closure"": 0.006732, ""labor_strike_disruption"": 0.148858, ""maritime_security_navigation_disruption"": 0.021996}"
619,"[""weather_disruption"", ""port_operational_disruption""]","{""weather_disruption"": 0.940696, ""natural_disaster"": 0.00694, ""port_operational_disruption"": 0.924048, ""port_closure"": 0.620175, ""labor_strike_disruption"": 0.007156, ""maritime_security_navigation_disruption"": 0.027608}"
3037,"[""port_operational_disruption""]","{""weather_disruption"": 0.127165, ""natural_disaster"": 0.004197, ""port_operational_disruption"": 0.978764, ""port_closure"": 0.13741, ""labor_strike_disruption"": 0.048654, ""maritime_security_navigation_disruption"": 0.058198}"
2951,"[""weather_disruption""]","{""weather_disruption"": 0.978955, ""natural_disaster"": 0.223559, ""port_operational_disruption"": 0.024598, ""port_closure"": 0.041382, ""labor_strike_disruption"": 0.019057, ""maritime_security_navigation_disruption"": 0.226633}"
3946,"[""port_operational_disruption""]","{""weather_disruption"": 0.054926, ""natural_disaster"": 0.01604, ""port_operational_disruption"": 0.86419, ""port_closure"": 0.027798, ""labor_strike_disruption"": 0.313094, ""maritime_security_navigation_disruption"": 0.498322}"
1097,"[""weather_disruption"", ""port_closure"", ""maritime_security_navigation_disruption""]","{""weather_disruption"": 0.858549, ""natural_disaster"": 0.040295, ""port_operational_disruption"": 0.181687, ""port_closure"": 0.792881, ""labor_strike_disruption"": 0.01269, ""maritime_security_navigation_disruption"": 0.801956}"
2150,"[""weather_disruption""]","{""weather_disruption"": 0.996516, ""natural_disaster"": 0.234352, ""port_operational_disruption"": 0.173418, ""port_closure"": 0.045237, ""labor_strike_disruption"": 0.015598, ""maritime_security_navigation_disruption"": 0.120533}"
1474,"[""labor_strike_disruption""]","{""weather_disruption"": 0.21505, ""natural_disaster"": 0.020986, ""port_operational_disruption"": 0.083126, ""port_closure"": 0.283487, ""labor_strike_disruption"": 0.816164, ""maritime_security_navigation_disruption"": 0.537769}"
5537,"[""labor_strike_disruption""]","{""weather_disruption"": 0.004287, ""natural_disaster"": 0.008493, ""port_operational_disruption"": 0.292911, ""port_closure"": 0.106963, ""labor_strike_disruption"": 0.98609, ""maritime_security_navigation_disruption"": 0.066728}"
621,"[""weather_disruption"", ""port_operational_disruption""]","{""weather_disruption"": 0.969516, ""natural_disaster"": 0.011088, ""port_operational_disruption"": 0.85404, ""port_closure"": 0.353764, ""labor_strike_disruption"": 0.046046, ""maritime_security_navigation_disruption"": 0.057827}"
4264,"[""maritime_security_navigation_disruption""]","{""weather_disruption"": 0.040908, ""natural_disaster"": 0.011558, ""port_operational_disruption"": 0.087414, ""port_closure"": 0.120394, ""labor_strike_disruption"": 0.045005, ""maritime_security_navigation_disruption"": 0.988871}"
4143,"[""maritime_security_navigation_disruption""]","{""weather_disruption"": 0.023612, ""natural_disaster"": 0.012079, ""port_operational_disruption"": 0.24202, ""port_closure"": 0.023731, ""labor_strike_disruption"": 0.049861, ""maritime_security_navigation_disruption"": 0.981503}"
4004,"[""port_closure""]","{""weather_disruption"": 0.432584, ""natural_disaster"": 0.046785, ""port_operational_disruption"": 0.172806, ""port_closure"": 0.947613, ""labor_strike_disruption"": 0.026742, ""maritime_security_navigation_disruption"": 0.379227}"
3825,"[""maritime_security_navigation_disruption""]","{""weather_disruption"": 0.210012, ""natural_disaster"": 0.005709, ""port_operational_disruption"": 0.277606, ""port_closure"": 0.105037, ""labor_strike_disruption"": 0.048385, ""maritime_security_navigation_disruption"": 0.959481}"
722,"[""port_operational_disruption"", ""labor_strike_disruption""]","{""weather_disruption"": 0.041027, ""natural_disaster"": 0.100894, ""port_operational_disruption"": 0.604531, ""port_closure"": 0.005844, ""labor_strike_disruption"": 0.822352, ""maritime_security_navigation_disruption"": 0.014961}"
3740,"[""maritime_security_navigation_disruption""]","{""weather_disruption"": 0.15235, ""natural_disaster"": 0.009958, ""port_operational_disruption"": 0.211886, ""port_closure"": 0.190035, ""labor_strike_disruption"": 0.030644, ""maritime_security_navigation_disruption"": 0.927556}"
5256,"[""labor_strike_disruption""]","{""weather_disruption"": 0.008694, ""natural_disaster"": 0.028301, ""port_operational_disruption"": 0.012813, ""port_closure"": 0.003692, ""labor_strike_disruption"": 0.9946, ""maritime_security_navigation_disruption"": 0.067511}"
1016,"[""natural_disaster""]","{""weather_disruption"": 0.466382, ""natural_disaster"": 0.98189, ""port_operational_disruption"": 0.012289, ""port_closure"": 0.042173, ""labor_strike_disruption"": 0.148284, ""maritime_security_navigation_disruption"": 0.018539}"
846,"[""port_operational_disruption""]","{""weather_disruption"": 0.287344, ""natural_disaster"": 0.006149, ""port_operational_disruption"": 0.954088, ""port_closure"": 0.093685, ""labor_strike_disruption"": 0.021529, ""maritime_security_navigation_disruption"": 0.051172}"
2405,"[""labor_strike_disruption""]","{""weather_disruption"": 0.015438, ""natural_disaster"": 0.048178, ""port_operational_disruption"": 0.037109, ""port_closure"": 0.00538, ""labor_strike_disruption"": 0.981484, ""maritime_security_navigation_disruption"": 0.063684}"
91,"[""weather_disruption"", ""port_operational_disruption""]","{""weather_disruption"": 0.978135, ""natural_disaster"": 0.013471, ""port_operational_disruption"": 0.825996, ""port_closure"": 0.418557, ""labor_strike_disruption"": 0.024799, ""maritime_security_navigation_disruption"": 0.106354}"
2608,"[""labor_strike_disruption""]","{""weather_disruption"": 0.006356, ""natural_disaster"": 0.161084, ""port_operational_disruption"": 0.01217, ""port_closure"": 0.001054, ""labor_strike_disruption"": 0.997059, ""maritime_security_navigation_disruption"": 0.076822}"
4946,"[""weather_disruption""]","{""weather_disruption"": 0.960596, ""natural_disaster"": 0.142637, ""port_operational_disruption"": 0.094857, ""port_closure"": 0.027823, ""labor_strike_disruption"": 0.03242, ""maritime_security_navigation_disruption"": 0.168897}"
3046,"[""port_operational_disruption""]","{""weather_disruption"": 0.061478, ""natural_disaster"": 0.003233, ""port_operational_disruption"": 0.970224, ""port_closure"": 0.09771, ""labor_strike_disruption"": 0.029403, ""maritime_security_navigation_disruption"": 0.265651}"
1853,"[""port_operational_disruption"", ""maritime_security_navigation_disruption""]","{""weather_disruption"": 0.036274, ""natural_disaster"": 0.003107, ""port_operational_disruption"": 0.68365, ""port_closure"": 0.11999, ""labor_strike_disruption"": 0.04093, ""maritime_security_navigation_disruption"": 0.846232}"
2683,"[""labor_strike_disruption""]","{""weather_disruption"": 0.020751, ""natural_disaster"": 0.013362, ""port_operational_disruption"": 0.422816, ""port_closure"": 0.006927, ""labor_strike_disruption"": 0.752368, ""maritime_security_navigation_disruption"": 0.045481}"
5652,"[""port_operational_disruption""]","{""weather_disruption"": 0.0756, ""natural_disaster"": 0.009873, ""port_operational_disruption"": 0.95288, ""port_closure"": 0.158357, ""labor_strike_disruption"": 0.071346, ""maritime_security_navigation_disruption"": 0.042145}"
3161,"[""maritime_security_navigation_disruption""]","{""weather_disruption"": 0.179844, ""natural_disaster"": 0.009735, ""port_operational_disruption"": 0.205687, ""port_closure"": 0.02525, ""labor_strike_disruption"": 0.036981, ""maritime_security_navigation_disruption"": 0.940843}"
765,"[""weather_disruption"", ""natural_disaster""]","{""weather_disruption"": 0.566707, ""natural_disaster"": 0.979014, ""port_operational_disruption"": 0.05666, ""port_closure"": 0.010332, ""labor_strike_disruption"": 0.022773, ""maritime_security_navigation_disruption"": 0.071202}"
4087,"[""maritime_security_navigation_disruption""]","{""weather_disruption"": 0.117397, ""natural_disaster"": 0.002012, ""port_operational_disruption"": 0.493837, ""port_closure"": 0.134989, ""labor_strike_disruption"": 0.111063, ""maritime_security_navigation_disruption"": 0.86396}"
3041,"[""port_operational_disruption""]","{""weather_disruption"": 0.099183, ""natural_disaster"": 0.005922, ""port_operational_disruption"": 0.983911, ""port_closure"": 0.090584, ""labor_strike_disruption"": 0.023974, ""maritime_security_navigation_disruption"": 0.025606}"
1167,"[""port_operational_disruption""]","{""weather_disruption"": 0.070362, ""natural_disaster"": 0.004843, ""port_operational_disruption"": 0.982991, ""port_closure"": 0.132372, ""labor_strike_disruption"": 0.02923, ""maritime_security_navigation_disruption"": 0.0862}"
1205,"[""weather_disruption"", ""port_closure""]","{""weather_disruption"": 0.87703, ""natural_disaster"": 0.009182, ""port_operational_disruption"": 0.438215, ""port_closure"": 0.912888, ""labor_strike_disruption"": 0.067865, ""maritime_security_navigation_disruption"": 0.13866}"
2785,"[""labor_strike_disruption""]","{""weather_disruption"": 0.046646, ""natural_disaster"": 0.016288, ""port_operational_disruption"": 0.484266, ""port_closure"": 0.098742, ""labor_strike_disruption"": 0.790544, ""maritime_security_navigation_disruption"": 0.059027}"
78,"[""port_operational_disruption""]","{""weather_disruption"": 0.101939, ""natural_disaster"": 0.018947, ""port_operational_disruption"": 0.976687, ""port_closure"": 0.068443, ""labor_strike_disruption"": 0.017205, ""maritime_security_navigation_disruption"": 0.040986}"
3035,"[""port_operational_disruption""]","{""weather_disruption"": 0.096665, ""natural_disaster"": 0.001964, ""port_operational_disruption"": 0.97525, ""port_closure"": 0.071256, ""labor_strike_disruption"": 0.034769, ""maritime_security_navigation_disruption"": 0.109359}"
170,"[""weather_disruption""]","{""weather_disruption"": 0.973981, ""natural_disaster"": 0.134354, ""port_operational_disruption"": 0.038575, ""port_closure"": 0.132593, ""labor_strike_disruption"": 0.010205, ""maritime_security_navigation_disruption"": 0.394908}"
5623,"[""labor_strike_disruption""]","{""weather_disruption"": 0.088754, ""natural_disaster"": 0.027417, ""port_operational_disruption"": 0.075209, ""port_closure"": 0.292981, ""labor_strike_disruption"": 0.944705, ""maritime_security_navigation_disruption"": 0.224382}"
528,"[""maritime_security_navigation_disruption""]","{""weather_disruption"": 0.036678, ""natural_disaster"": 0.014384, ""port_operational_disruption"": 0.257131, ""port_closure"": 0.015948, ""labor_strike_disruption"": 0.127515, ""maritime_security_navigation_disruption"": 0.934551}"
4527,"[""port_operational_disruption""]","{""weather_disruption"": 0.04002, ""natural_disaster"": 0.006831, ""port_operational_disruption"": 0.968109, ""port_closure"": 0.077975, ""labor_strike_disruption"": 0.148315, ""maritime_security_navigation_disruption"": 0.031835}"
5493,"[""labor_strike_disruption"", ""maritime_security_navigation_disruption""]","{""weather_disruption"": 0.00832, ""natural_disaster"": 0.075917, ""port_operational_disruption"": 0.106637, ""port_closure"": 0.011914, ""labor_strike_disruption"": 0.576874, ""maritime_security_navigation_disruption"": 0.818263}"
4859,"[""port_operational_disruption""]","{""weather_disruption"": 0.245189, ""natural_disaster"": 0.005625, ""port_operational_disruption"": 0.686737, ""port_closure"": 0.330208, ""labor_strike_disruption"": 0.129217, ""maritime_security_navigation_disruption"": 0.323509}"
517,"[""port_operational_disruption"", ""maritime_security_navigation_disruption""]","{""weather_disruption"": 0.051615, ""natural_disaster"": 0.00584, ""port_operational_disruption"": 0.745062, ""port_closure"": 0.064568, ""labor_strike_disruption"": 0.069063, ""maritime_security_navigation_disruption"": 0.881013}"
4828,"[""port_operational_disruption""]","{""weather_disruption"": 0.160968, ""natural_disaster"": 0.0066, ""port_operational_disruption"": 0.961735, ""port_closure"": 0.099832, ""labor_strike_disruption"": 0.050551, ""maritime_security_navigation_disruption"": 0.016089}"
3645,"[""weather_disruption""]","{""weather_disruption"": 0.984863, ""natural_disaster"": 0.130136, ""port_operational_disruption"": 0.132097, ""port_closure"": 0.028989, ""labor_strike_disruption"": 0.007954, ""maritime_security_navigation_disruption"": 0.171125}"
5011,"[""maritime_security_navigation_disruption""]","{""weather_disruption"": 0.015446, ""natural_disaster"": 0.005398, ""port_operational_disruption"": 0.208077, ""port_closure"": 0.02176, ""labor_strike_disruption"": 0.23499, ""maritime_security_navigation_disruption"": 0.946149}"
606,"[""labor_strike_disruption""]","{""weather_disruption"": 0.003896, ""natural_disaster"": 0.0254, ""port_operational_disruption"": 0.325306, ""port_closure"": 0.004056, ""labor_strike_disruption"": 0.994401, ""maritime_security_navigation_disruption"": 0.094759}"
2700,"[""weather_disruption""]","{""weather_disruption"": 0.943944, ""natural_disaster"": 0.198357, ""port_operational_disruption"": 0.115023, ""port_closure"": 0.107043, ""labor_strike_disruption"": 0.047502, ""maritime_security_navigation_disruption"": 0.016162}"
2694,"[""port_operational_disruption""]","{""weather_disruption"": 0.37282, ""natural_disaster"": 0.007508, ""port_operational_disruption"": 0.891142, ""port_closure"": 0.673265, ""labor_strike_disruption"": 0.036854, ""maritime_security_navigation_disruption"": 0.144101}"
2776,"[""port_operational_disruption""]","{""weather_disruption"": 0.074499, ""natural_disaster"": 0.005186, ""port_operational_disruption"": 0.96928, ""port_closure"": 0.116669, ""labor_strike_disruption"": 0.085498, ""maritime_security_navigation_disruption"": 0.044255}"
4355,"[""labor_strike_disruption""]","{""weather_disruption"": 0.045534, ""natural_disaster"": 0.075835, ""port_operational_disruption"": 0.0676, ""port_closure"": 0.036314, ""labor_strike_disruption"": 0.957493, ""maritime_security_navigation_disruption"": 0.157596}"
3904,"[""weather_disruption"", ""port_closure""]","{""weather_disruption"": 0.765624, ""natural_disaster"": 0.003029, ""port_operational_disruption"": 0.408778, ""port_closure"": 0.910639, ""labor_strike_disruption"": 0.017058, ""maritime_security_navigation_disruption"": 0.521959}"
5492,[],"{""weather_disruption"": 0.031741, ""natural_disaster"": 0.008599, ""port_operational_disruption"": 0.142964, ""port_closure"": 0.038084, ""labor_strike_disruption"": 0.526822, ""maritime_security_navigation_disruption"": 0.569562}"
2350,"[""weather_disruption"", ""port_operational_disruption""]","{""weather_disruption"": 0.950713, ""natural_disaster"": 0.017038, ""port_operational_disruption"": 0.797108, ""port_closure"": 0.377298, ""labor_strike_disruption"": 0.014067, ""maritime_security_navigation_disruption"": 0.161651}"
2465,"[""weather_disruption""]","{""weather_disruption"": 0.971058, ""natural_disaster"": 0.104318, ""port_operational_disruption"": 0.011283, ""port_closure"": 0.186156, ""labor_strike_disruption"": 0.006049, ""maritime_security_navigation_disruption"": 0.274111}"
5664,"[""labor_strike_disruption""]","{""weather_disruption"": 0.007805, ""natural_disaster"": 0.006538, ""port_operational_disruption"": 0.142336, ""port_closure"": 0.015631, ""labor_strike_disruption"": 0.989619, ""maritime_security_navigation_disruption"": 0.333137}"
1185,"[""port_operational_disruption""]","{""weather_disruption"": 0.115109, ""natural_disaster"": 0.016687, ""port_operational_disruption"": 0.969202, ""port_closure"": 0.100873, ""labor_strike_disruption"": 0.0184, ""maritime_security_navigation_disruption"": 0.052693}"
2825,"[""labor_strike_disruption"", ""maritime_security_navigation_disruption""]","{""weather_disruption"": 0.225054, ""natural_disaster"": 0.009946, ""port_operational_disruption"": 0.09174, ""port_closure"": 0.154872, ""labor_strike_disruption"": 0.774525, ""maritime_security_navigation_disruption"": 0.872915}"
2073,"[""port_operational_disruption""]","{""weather_disruption"": 0.119556, ""natural_disaster"": 0.023965, ""port_operational_disruption"": 0.951915, ""port_closure"": 0.239688, ""labor_strike_disruption"": 0.031799, ""maritime_security_navigation_disruption"": 0.246009}"
2327,"[""weather_disruption"", ""port_closure""]","{""weather_disruption"": 0.956729, ""natural_disaster"": 0.017376, ""port_operational_disruption"": 0.499217, ""port_closure"": 0.911889, ""labor_strike_disruption"": 0.01894, ""maritime_security_navigation_disruption"": 0.417757}"
777,"[""port_operational_disruption""]","{""weather_disruption"": 0.162536, ""natural_disaster"": 0.009752, ""port_operational_disruption"": 0.691267, ""port_closure"": 0.05615, ""labor_strike_disruption"": 0.086341, ""maritime_security_navigation_disruption"": 0.493415}"
3821,"[""maritime_security_navigation_disruption""]","{""weather_disruption"": 0.012314, ""natural_disaster"": 0.07311, ""port_operational_disruption"": 0.489797, ""port_closure"": 0.018996, ""labor_strike_disruption"": 0.218646, ""maritime_security_navigation_disruption"": 0.654404}"
1177,"[""port_operational_disruption""]","{""weather_disruption"": 0.057375, ""natural_disaster"": 0.004005, ""port_operational_disruption"": 0.952949, ""port_closure"": 0.078274, ""labor_strike_disruption"": 0.055942, ""maritime_security_navigation_disruption"": 0.064093}"
4768,"[""port_operational_disruption""]","{""weather_disruption"": 0.068222, ""natural_disaster"": 0.004847, ""port_operational_disruption"": 0.988215, ""port_closure"": 0.066834, ""labor_strike_disruption"": 0.024382, ""maritime_security_navigation_disruption"": 0.020286}"
2317,"[""weather_disruption""]","{""weather_disruption"": 0.995137, ""natural_disaster"": 0.056851, ""port_operational_disruption"": 0.044078, ""port_closure"": 0.142906, ""labor_strike_disruption"": 0.009251, ""maritime_security_navigation_disruption"": 0.168225}"
2847,"[""weather_disruption"", ""port_operational_disruption""]","{""weather_disruption"": 0.890259, ""natural_disaster"": 0.007599, ""port_operational_disruption"": 0.928974, ""port_closure"": 0.456118, ""labor_strike_disruption"": 0.024476, ""maritime_security_navigation_disruption"": 0.226961}"
3872,"[""weather_disruption"", ""port_operational_disruption""]","{""weather_disruption"": 0.916653, ""natural_disaster"": 0.041395, ""port_operational_disruption"": 0.732914, ""port_closure"": 0.332138, ""labor_strike_disruption"": 0.021879, ""maritime_security_navigation_disruption"": 0.27777}"
3457,"[""weather_disruption"", ""port_operational_disruption""]","{""weather_disruption"": 0.969733, ""natural_disaster"": 0.023989, ""port_operational_disruption"": 0.850507, ""port_closure"": 0.400661, ""labor_strike_disruption"": 0.028641, ""maritime_security_navigation_disruption"": 0.091552}"
2321,"[""weather_disruption"", ""port_operational_disruption""]","{""weather_disruption"": 0.974019, ""natural_disaster"": 0.014116, ""port_operational_disruption"": 0.911395, ""port_closure"": 0.468145, ""labor_strike_disruption"": 0.004623, ""maritime_security_navigation_disruption"": 0.153081}"
4378,"[""natural_disaster""]","{""weather_disruption"": 0.165762, ""natural_disaster"": 0.987003, ""port_operational_disruption"": 0.009319, ""port_closure"": 0.008174, ""labor_strike_disruption"": 0.097198, ""maritime_security_navigation_disruption"": 0.053526}"
1421,[],"{""weather_disruption"": 0.072131, ""natural_disaster"": 0.094932, ""port_operational_disruption"": 0.32194, ""port_closure"": 0.111425, ""labor_strike_disruption"": 0.542484, ""maritime_security_navigation_disruption"": 0.18338}"
5319,"[""weather_disruption"", ""port_operational_disruption""]","{""weather_disruption"": 0.955161, ""natural_disaster"": 0.026126, ""port_operational_disruption"": 0.92867, ""port_closure"": 0.209897, ""labor_strike_disruption"": 0.01034, ""maritime_security_navigation_disruption"": 0.116666}"
5102,"[""weather_disruption"", ""port_operational_disruption""]","{""weather_disruption"": 0.565951, ""natural_disaster"": 0.021322, ""port_operational_disruption"": 0.915578, ""port_closure"": 0.140226, ""labor_strike_disruption"": 0.036785, ""maritime_security_navigation_disruption"": 0.12412}"
881,"[""weather_disruption"", ""port_operational_disruption""]","{""weather_disruption"": 0.891396, ""natural_disaster"": 0.00843, ""port_operational_disruption"": 0.92981, ""port_closure"": 0.551043, ""labor_strike_disruption"": 0.026331, ""maritime_security_navigation_disruption"": 0.113937}"
2345,"[""weather_disruption"", ""port_operational_disruption""]","{""weather_disruption"": 0.963208, ""natural_disaster"": 0.004502, ""port_operational_disruption"": 0.961492, ""port_closure"": 0.333948, ""labor_strike_disruption"": 0.009483, ""maritime_security_navigation_disruption"": 0.029987}"
1194,"[""port_operational_disruption""]","{""weather_disruption"": 0.061858, ""natural_disaster"": 0.004973, ""port_operational_disruption"": 0.983094, ""port_closure"": 0.072504, ""labor_strike_disruption"": 0.039107, ""maritime_security_navigation_disruption"": 0.050565}"
4687,"[""weather_disruption"", ""port_operational_disruption"", ""port_closure""]","{""weather_disruption"": 0.748938, ""natural_disaster"": 0.006721, ""port_operational_disruption"": 0.564914, ""port_closure"": 0.941379, ""labor_strike_disruption"": 0.025167, ""maritime_security_navigation_disruption"": 0.257327}"
2577,"[""weather_disruption""]","{""weather_disruption"": 0.991437, ""natural_disaster"": 0.43484, ""port_operational_disruption"": 0.009322, ""port_closure"": 0.068215, ""labor_strike_disruption"": 0.006215, ""maritime_security_navigation_disruption"": 0.106677}"
503,"[""weather_disruption""]","{""weather_disruption"": 0.987337, ""natural_disaster"": 0.052251, ""port_operational_disruption"": 0.120526, ""port_closure"": 0.054032, ""labor_strike_disruption"": 0.011636, ""maritime_security_navigation_disruption"": 0.092983}"
3032,"[""port_operational_disruption""]","{""weather_disruption"": 0.04971, ""natural_disaster"": 0.004003, ""port_operational_disruption"": 0.977764, ""port_closure"": 0.033319, ""labor_strike_disruption"": 0.016773, ""maritime_security_navigation_disruption"": 0.224655}"
1224,"[""labor_strike_disruption""]","{""weather_disruption"": 0.04528, ""natural_disaster"": 0.052781, ""port_operational_disruption"": 0.042712, ""port_closure"": 0.011834, ""labor_strike_disruption"": 0.989548, ""maritime_security_navigation_disruption"": 0.01851}"
2796,"[""port_operational_disruption""]","{""weather_disruption"": 0.37473, ""natural_disaster"": 0.006539, ""port_operational_disruption"": 0.966153, ""port_closure"": 0.306664, ""labor_strike_disruption"": 0.023472, ""maritime_security_navigation_disruption"": 0.031837}"
3539,"[""labor_strike_disruption""]","{""weather_disruption"": 0.006964, ""natural_disaster"": 0.008053, ""port_operational_disruption"": 0.125209, ""port_closure"": 0.023726, ""labor_strike_disruption"": 0.997332, ""maritime_security_navigation_disruption"": 0.165416}"
3997,"[""weather_disruption"", ""port_closure""]","{""weather_disruption"": 0.973971, ""natural_disaster"": 0.011497, ""port_operational_disruption"": 0.354746, ""port_closure"": 0.964999, ""labor_strike_disruption"": 0.013749, ""maritime_security_navigation_disruption"": 0.238112}"
512,"[""port_operational_disruption""]","{""weather_disruption"": 0.104348, ""natural_disaster"": 0.005842, ""port_operational_disruption"": 0.953133, ""port_closure"": 0.307742, ""labor_strike_disruption"": 0.1178, ""maritime_security_navigation_disruption"": 0.547728}"
5505,"[""weather_disruption""]","{""weather_disruption"": 0.820658, ""natural_disaster"": 0.032976, ""port_operational_disruption"": 0.323688, ""port_closure"": 0.01988, ""labor_strike_disruption"": 0.149208, ""maritime_security_navigation_disruption"": 0.195141}"
3326,"[""port_operational_disruption"", ""maritime_security_navigation_disruption""]","{""weather_disruption"": 0.305698, ""natural_disaster"": 0.001908, ""port_operational_disruption"": 0.662002, ""port_closure"": 0.192858, ""labor_strike_disruption"": 0.016777, ""maritime_security_navigation_disruption"": 0.685378}"
2330,"[""weather_disruption"", ""port_operational_disruption""]","{""weather_disruption"": 0.98751, ""natural_disaster"": 0.007351, ""port_operational_disruption"": 0.833506, ""port_closure"": 0.306664, ""labor_strike_disruption"": 0.011347, ""maritime_security_navigation_disruption"": 0.051937}"
2918,"[""labor_strike_disruption""]","{""weather_disruption"": 0.016251, ""natural_disaster"": 0.006479, ""port_operational_disruption"": 0.461288, ""port_closure"": 0.041301, ""labor_strike_disruption"": 0.871921, ""maritime_security_navigation_disruption"": 0.232552}"
1227,"[""labor_strike_disruption""]","{""weather_disruption"": 0.023225, ""natural_disaster"": 0.044798, ""port_operational_disruption"": 0.019491, ""port_closure"": 0.01063, ""labor_strike_disruption"": 0.995953, ""maritime_security_navigation_disruption"": 0.061685}"
856,"[""weather_disruption"", ""port_closure""]","{""weather_disruption"": 0.932542, ""natural_disaster"": 0.027619, ""port_operational_disruption"": 0.179372, ""port_closure"": 0.863082, ""labor_strike_disruption"": 0.013922, ""maritime_security_navigation_disruption"": 0.307593}"
1839,"[""port_operational_disruption""]","{""weather_disruption"": 0.166619, ""natural_disaster"": 0.01215, ""port_operational_disruption"": 0.974978, ""port_closure"": 0.062528, ""labor_strike_disruption"": 0.241069, ""maritime_security_navigation_disruption"": 0.013186}"
2654,"[""port_operational_disruption""]","{""weather_disruption"": 0.092336, ""natural_disaster"": 0.006875, ""port_operational_disruption"": 0.977546, ""port_closure"": 0.078904, ""labor_strike_disruption"": 0.04062, ""maritime_security_navigation_disruption"": 0.025002}"
844,"[""maritime_security_navigation_disruption""]","{""weather_disruption"": 0.047076, ""natural_disaster"": 0.019353, ""port_operational_disruption"": 0.486939, ""port_closure"": 0.044382, ""labor_strike_disruption"": 0.170153, ""maritime_security_navigation_disruption"": 0.897119}"
1447,"[""weather_disruption""]","{""weather_disruption"": 0.981132, ""natural_disaster"": 0.082414, ""port_operational_disruption"": 0.253378, ""port_closure"": 0.016352, ""labor_strike_disruption"": 0.069592, ""maritime_security_navigation_disruption"": 0.021522}"
536,"[""weather_disruption"", ""port_closure""]","{""weather_disruption"": 0.979699, ""natural_disaster"": 0.021456, ""port_operational_disruption"": 0.132254, ""port_closure"": 0.96172, ""labor_strike_disruption"": 0.013081, ""maritime_security_navigation_disruption"": 0.408782}"
1892,"[""port_operational_disruption""]","{""weather_disruption"": 0.087489, ""natural_disaster"": 0.025394, ""port_operational_disruption"": 0.897715, ""port_closure"": 0.076968, ""labor_strike_disruption"": 0.062634, ""maritime_security_navigation_disruption"": 0.23636}"
4269,"[""maritime_security_navigation_disruption""]","{""weather_disruption"": 0.04125, ""natural_disaster"": 0.043346, ""port_operational_disruption"": 0.067239, ""port_closure"": 0.021059, ""labor_strike_disruption"": 0.087702, ""maritime_security_navigation_disruption"": 0.818324}"
1207,"[""weather_disruption"", ""port_operational_disruption""]","{""weather_disruption"": 0.839397, ""natural_disaster"": 0.012021, ""port_operational_disruption"": 0.88162, ""port_closure"": 0.261444, ""labor_strike_disruption"": 0.013471, ""maritime_security_navigation_disruption"": 0.034019}"
3779,"[""maritime_security_navigation_disruption""]","{""weather_disruption"": 0.015169, ""natural_disaster"": 0.034642, ""port_operational_disruption"": 0.059328, ""port_closure"": 0.011876, ""labor_strike_disruption"": 0.476493, ""maritime_security_navigation_disruption"": 0.89838}"
4996,"[""weather_disruption"", ""port_operational_disruption""]","{""weather_disruption"": 0.974731, ""natural_disaster"": 0.016651, ""port_operational_disruption"": 0.85603, ""port_closure"": 0.134588, ""labor_strike_disruption"": 0.044312, ""maritime_security_navigation_disruption"": 0.111315}"
9,"[""weather_disruption""]","{""weather_disruption"": 0.505363, ""natural_disaster"": 0.442983, ""port_operational_disruption"": 0.062195, ""port_closure"": 0.023922, ""labor_strike_disruption"": 0.036908, ""maritime_security_navigation_disruption"": 0.241366}"
1197,"[""port_operational_disruption""]","{""weather_disruption"": 0.034963, ""natural_disaster"": 0.004991, ""port_operational_disruption"": 0.971899, ""port_closure"": 0.043842, ""labor_strike_disruption"": 0.029608, ""maritime_security_navigation_disruption"": 0.117351}"
843,"[""port_operational_disruption""]","{""weather_disruption"": 0.084075, ""natural_disaster"": 0.018849, ""port_operational_disruption"": 0.738134, ""port_closure"": 0.105491, ""labor_strike_disruption"": 0.448403, ""maritime_security_navigation_disruption"": 0.403626}"
1127,"[""weather_disruption""]","{""weather_disruption"": 0.965432, ""natural_disaster"": 0.087808, ""port_operational_disruption"": 0.517798, ""port_closure"": 0.054938, ""labor_strike_disruption"": 0.115848, ""maritime_security_navigation_disruption"": 0.029392}"
3,"[""port_operational_disruption""]","{""weather_disruption"": 0.422018, ""natural_disaster"": 0.005461, ""port_operational_disruption"": 0.971257, ""port_closure"": 0.205472, ""labor_strike_disruption"": 0.029717, ""maritime_security_navigation_disruption"": 0.107056}"
472,"[""weather_disruption"", ""port_operational_disruption""]","{""weather_disruption"": 0.869994, ""natural_disaster"": 0.01034, ""port_operational_disruption"": 0.958621, ""port_closure"": 0.207217, ""labor_strike_disruption"": 0.01821, ""maritime_security_navigation_disruption"": 0.075523}"
3241,"[""port_operational_disruption""]","{""weather_disruption"": 0.065793, ""natural_disaster"": 0.003205, ""port_operational_disruption"": 0.940009, ""port_closure"": 0.138648, ""labor_strike_disruption"": 0.044207, ""maritime_security_navigation_disruption"": 0.065369}"
302,"[""port_operational_disruption""]","{""weather_disruption"": 0.15881, ""natural_disaster"": 0.014799, ""port_operational_disruption"": 0.922537, ""port_closure"": 0.054059, ""labor_strike_disruption"": 0.065423, ""maritime_security_navigation_disruption"": 0.199651}"
4553,"[""weather_disruption""]","{""weather_disruption"": 0.974328, ""natural_disaster"": 0.096157, ""port_operational_disruption"": 0.007565, ""port_closure"": 0.191377, ""labor_strike_disruption"": 0.044054, ""maritime_security_navigation_disruption"": 0.401834}"
230,"[""weather_disruption""]","{""weather_disruption"": 0.87032, ""natural_disaster"": 0.059557, ""port_operational_disruption"": 0.157083, ""port_closure"": 0.121082, ""labor_strike_disruption"": 0.094841, ""maritime_security_navigation_disruption"": 0.179826}"
4915,"[""labor_strike_disruption""]","{""weather_disruption"": 0.007363, ""natural_disaster"": 0.002961, ""port_operational_disruption"": 0.106055, ""port_closure"": 0.022425, ""labor_strike_disruption"": 0.990899, ""maritime_security_navigation_disruption"": 0.386541}"
1451,"[""port_operational_disruption""]","{""weather_disruption"": 0.104112, ""natural_disaster"": 0.009491, ""port_operational_disruption"": 0.984347, ""port_closure"": 0.023121, ""labor_strike_disruption"": 0.079819, ""maritime_security_navigation_disruption"": 0.095678}"
5352,"[""weather_disruption"", ""port_closure""]","{""weather_disruption"": 0.76997, ""natural_disaster"": 0.019735, ""port_operational_disruption"": 0.428998, ""port_closure"": 0.809774, ""labor_strike_disruption"": 0.016983, ""maritime_security_navigation_disruption"": 0.174404}"
4293,"[""labor_strike_disruption""]","{""weather_disruption"": 0.037394, ""natural_disaster"": 0.013329, ""port_operational_disruption"": 0.547045, ""port_closure"": 0.034891, ""labor_strike_disruption"": 0.978955, ""maritime_security_navigation_disruption"": 0.123437}"
612,"[""weather_disruption""]","{""weather_disruption"": 0.943987, ""natural_disaster"": 0.014631, ""port_operational_disruption"": 0.389042, ""port_closure"": 0.384946, ""labor_strike_disruption"": 0.034408, ""maritime_security_navigation_disruption"": 0.159713}"
564,"[""weather_disruption""]","{""weather_disruption"": 0.886685, ""natural_disaster"": 0.058466, ""port_operational_disruption"": 0.068525, ""port_closure"": 0.244191, ""labor_strike_disruption"": 0.095353, ""maritime_security_navigation_disruption"": 0.109682}"
2220,"[""weather_disruption"", ""port_operational_disruption""]","{""weather_disruption"": 0.594519, ""natural_disaster"": 0.019378, ""port_operational_disruption"": 0.731761, ""port_closure"": 0.467637, ""labor_strike_disruption"": 0.091628, ""maritime_security_navigation_disruption"": 0.193473}"
5016,"[""labor_strike_disruption""]","{""weather_disruption"": 0.016862, ""natural_disaster"": 0.088655, ""port_operational_disruption"": 0.094767, ""port_closure"": 0.006716, ""labor_strike_disruption"": 0.985148, ""maritime_security_navigation_disruption"": 0.039804}"
5749,"[""port_operational_disruption""]","{""weather_disruption"": 0.107031, ""natural_disaster"": 0.00472, ""port_operational_disruption"": 0.972873, ""port_closure"": 0.068079, ""labor_strike_disruption"": 0.044028, ""maritime_security_navigation_disruption"": 0.016874}"
2789,"[""weather_disruption"", ""port_operational_disruption""]","{""weather_disruption"": 0.778189, ""natural_disaster"": 0.006393, ""port_operational_disruption"": 0.962581, ""port_closure"": 0.166526, ""labor_strike_disruption"": 0.012547, ""maritime_security_navigation_disruption"": 0.025987}"
903,"[""weather_disruption"", ""port_operational_disruption""]","{""weather_disruption"": 0.699456, ""natural_disaster"": 0.010759, ""port_operational_disruption"": 0.922667, ""port_closure"": 0.399004, ""labor_strike_disruption"": 0.006763, ""maritime_security_navigation_disruption"": 0.176955}"
2112,"[""labor_strike_disruption""]","{""weather_disruption"": 0.034936, ""natural_disaster"": 0.010553, ""port_operational_disruption"": 0.172443, ""port_closure"": 0.265002, ""labor_strike_disruption"": 0.979568, ""maritime_security_navigation_disruption"": 0.131337}"
1732,"[""labor_strike_disruption""]","{""weather_disruption"": 0.011597, ""natural_disaster"": 0.046863, ""port_operational_disruption"": 0.015518, ""port_closure"": 0.011411, ""labor_strike_disruption"": 0.996224, ""maritime_security_navigation_disruption"": 0.042934}"
3711,"[""weather_disruption"", ""port_operational_disruption""]","{""weather_disruption"": 0.572403, ""natural_disaster"": 0.003419, ""port_operational_disruption"": 0.595008, ""port_closure"": 0.723176, ""labor_strike_disruption"": 0.127313, ""maritime_security_navigation_disruption"": 0.395802}"
879,"[""weather_disruption"", ""port_operational_disruption""]","{""weather_disruption"": 0.698968, ""natural_disaster"": 0.008605, ""port_operational_disruption"": 0.847085, ""port_closure"": 0.24542, ""labor_strike_disruption"": 0.021248, ""maritime_security_navigation_disruption"": 0.136446}"
4731,"[""maritime_security_navigation_disruption""]","{""weather_disruption"": 0.474762, ""natural_disaster"": 0.008955, ""port_operational_disruption"": 0.368418, ""port_closure"": 0.488687, ""labor_strike_disruption"": 0.070084, ""maritime_security_navigation_disruption"": 0.889841}"
602,"[""weather_disruption""]","{""weather_disruption"": 0.964916, ""natural_disaster"": 0.104285, ""port_operational_disruption"": 0.049093, ""port_closure"": 0.039539, ""labor_strike_disruption"": 0.064239, ""maritime_security_navigation_disruption"": 0.086466}"
2102,"[""weather_disruption"", ""port_closure""]","{""weather_disruption"": 0.989265, ""natural_disaster"": 0.01831, ""port_operational_disruption"": 0.176777, ""port_closure"": 0.965779, ""labor_strike_disruption"": 0.020339, ""maritime_security_navigation_disruption"": 0.192536}"
506,"[""port_operational_disruption"", ""labor_strike_disruption""]","{""weather_disruption"": 0.009845, ""natural_disaster"": 0.00541, ""port_operational_disruption"": 0.694708, ""port_closure"": 0.091089, ""labor_strike_disruption"": 0.962444, ""maritime_security_navigation_disruption"": 0.060787}"
3071,"[""weather_disruption"", ""port_closure""]","{""weather_disruption"": 0.855285, ""natural_disaster"": 0.021646, ""port_operational_disruption"": 0.104694, ""port_closure"": 0.921672, ""labor_strike_disruption"": 0.110369, ""maritime_security_navigation_disruption"": 0.182767}"
149,"[""labor_strike_disruption""]","{""weather_disruption"": 0.007687, ""natural_disaster"": 0.067883, ""port_operational_disruption"": 0.005136, ""port_closure"": 0.036545, ""labor_strike_disruption"": 0.994689, ""maritime_security_navigation_disruption"": 0.170893}"
2149,"[""weather_disruption"", ""port_operational_disruption""]","{""weather_disruption"": 0.821127, ""natural_disaster"": 0.019059, ""port_operational_disruption"": 0.890052, ""port_closure"": 0.46939, ""labor_strike_disruption"": 0.166601, ""maritime_security_navigation_disruption"": 0.05075}"
5177,"[""weather_disruption""]","{""weather_disruption"": 0.968304, ""natural_disaster"": 0.138675, ""port_operational_disruption"": 0.035758, ""port_closure"": 0.110506, ""labor_strike_disruption"": 0.007023, ""maritime_security_navigation_disruption"": 0.20444}"
2946,"[""port_operational_disruption""]","{""weather_disruption"": 0.333543, ""natural_disaster"": 0.00722, ""port_operational_disruption"": 0.697024, ""port_closure"": 0.324397, ""labor_strike_disruption"": 0.072524, ""maritime_security_navigation_disruption"": 0.583798}"
3287,"[""port_operational_disruption""]","{""weather_disruption"": 0.056701, ""natural_disaster"": 0.00604, ""port_operational_disruption"": 0.987022, ""port_closure"": 0.06467, ""labor_strike_disruption"": 0.086599, ""maritime_security_navigation_disruption"": 0.070138}"
3747,"[""maritime_security_navigation_disruption""]","{""weather_disruption"": 0.266727, ""natural_disaster"": 0.025202, ""port_operational_disruption"": 0.129818, ""port_closure"": 0.081823, ""labor_strike_disruption"": 0.05786, ""maritime_security_navigation_disruption"": 0.904522}"
4158,"[""weather_disruption""]","{""weather_disruption"": 0.985455, ""natural_disaster"": 0.177644, ""port_operational_disruption"": 0.101281, ""port_closure"": 0.073575, ""labor_strike_disruption"": 0.010769, ""maritime_security_navigation_disruption"": 0.155594}"
743,"[""labor_strike_disruption""]","{""weather_disruption"": 0.017847, ""natural_disaster"": 0.022001, ""port_operational_disruption"": 0.270611, ""port_closure"": 0.085924, ""labor_strike_disruption"": 0.97182, ""maritime_security_navigation_disruption"": 0.159454}"
2906,"[""labor_strike_disruption""]","{""weather_disruption"": 0.1038, ""natural_disaster"": 0.008279, ""port_operational_disruption"": 0.113927, ""port_closure"": 0.034472, ""labor_strike_disruption"": 0.990458, ""maritime_security_navigation_disruption"": 0.019949}"
5671,"[""labor_strike_disruption""]","{""weather_disruption"": 0.006167, ""natural_disaster"": 0.008971, ""port_operational_disruption"": 0.087709, ""port_closure"": 0.022382, ""labor_strike_disruption"": 0.99308, ""maritime_security_navigation_disruption"": 0.165027}"
2922,"[""labor_strike_disruption""]","{""weather_disruption"": 0.010334, ""natural_disaster"": 0.015688, ""port_operational_disruption"": 0.065615, ""port_closure"": 0.041675, ""labor_strike_disruption"": 0.990717, ""maritime_security_navigation_disruption"": 0.224677}"
837,"[""port_operational_disruption"", ""maritime_security_navigation_disruption""]","{""weather_disruption"": 0.103225, ""natural_disaster"": 0.005291, ""port_operational_disruption"": 0.782695, ""port_closure"": 0.348901, ""labor_strike_disruption"": 0.040009, ""maritime_security_navigation_disruption"": 0.902819}"
1393,"[""port_operational_disruption""]","{""weather_disruption"": 0.063518, ""natural_disaster"": 0.010161, ""port_operational_disruption"": 0.982563, ""port_closure"": 0.097265, ""labor_strike_disruption"": 0.040491, ""maritime_security_navigation_disruption"": 0.158695}"
4844,"[""weather_disruption""]","{""weather_disruption"": 0.846864, ""natural_disaster"": 0.003316, ""port_operational_disruption"": 0.423195, ""port_closure"": 0.173738, ""labor_strike_disruption"": 0.025043, ""maritime_security_navigation_disruption"": 0.612872}"
2375,"[""weather_disruption"", ""port_operational_disruption""]","{""weather_disruption"": 0.94284, ""natural_disaster"": 0.007369, ""port_operational_disruption"": 0.765174, ""port_closure"": 0.588435, ""labor_strike_disruption"": 0.017978, ""maritime_security_navigation_disruption"": 0.311415}"
4723,"[""port_operational_disruption""]","{""weather_disruption"": 0.058516, ""natural_disaster"": 0.013015, ""port_operational_disruption"": 0.895934, ""port_closure"": 0.273194, ""labor_strike_disruption"": 0.022928, ""maritime_security_navigation_disruption"": 0.553626}"
366,"[""weather_disruption""]","{""weather_disruption"": 0.994827, ""natural_disaster"": 0.130712, ""port_operational_disruption"": 0.074353, ""port_closure"": 0.163847, ""labor_strike_disruption"": 0.0069, ""maritime_security_navigation_disruption"": 0.102954}"
225,"[""labor_strike_disruption""]","{""weather_disruption"": 0.024426, ""natural_disaster"": 0.035136, ""port_operational_disruption"": 0.033531, ""port_closure"": 0.008325, ""labor_strike_disruption"": 0.984153, ""maritime_security_navigation_disruption"": 0.021082}"
3335,"[""port_operational_disruption""]","{""weather_disruption"": 0.240409, ""natural_disaster"": 0.055915, ""port_operational_disruption"": 0.880254, ""port_closure"": 0.34658, ""labor_strike_disruption"": 0.073429, ""maritime_security_navigation_disruption"": 0.216559}"
1217,"[""weather_disruption"", ""port_operational_disruption""]","{""weather_disruption"": 0.902932, ""natural_disaster"": 0.012529, ""port_operational_disruption"": 0.925239, ""port_closure"": 0.186445, ""labor_strike_disruption"": 0.016508, ""maritime_security_navigation_disruption"": 0.050126}"
1507,"[""labor_strike_disruption""]","{""weather_disruption"": 0.004649, ""natural_disaster"": 0.002534, ""port_operational_disruption"": 0.444255, ""port_closure"": 0.042647, ""labor_strike_disruption"": 0.984515, ""maritime_security_navigation_disruption"": 0.17395}"
5006,"[""port_operational_disruption""]","{""weather_disruption"": 0.022847, ""natural_disaster"": 0.01714, ""port_operational_disruption"": 0.954759, ""port_closure"": 0.032809, ""labor_strike_disruption"": 0.018516, ""maritime_security_navigation_disruption"": 0.091184}"
4146,"[""maritime_security_navigation_disruption""]","{""weather_disruption"": 0.012902, ""natural_disaster"": 0.03233, ""port_operational_disruption"": 0.199541, ""port_closure"": 0.003542, ""labor_strike_disruption"": 0.280944, ""maritime_security_navigation_disruption"": 0.861528}"
513,"[""labor_strike_disruption""]","{""weather_disruption"": 0.003696, ""natural_disaster"": 0.106476, ""port_operational_disruption"": 0.099913, ""port_closure"": 0.003423, ""labor_strike_disruption"": 0.982792, ""maritime_security_navigation_disruption"": 0.495261}"
5207,"[""weather_disruption""]","{""weather_disruption"": 0.800731, ""natural_disaster"": 0.04857, ""port_operational_disruption"": 0.062322, ""port_closure"": 0.019783, ""labor_strike_disruption"": 0.072649, ""maritime_security_navigation_disruption"": 0.191138}"
2403,"[""port_operational_disruption""]","{""weather_disruption"": 0.279823, ""natural_disaster"": 0.008378, ""port_operational_disruption"": 0.903687, ""port_closure"": 0.302654, ""labor_strike_disruption"": 0.254679, ""maritime_security_navigation_disruption"": 0.19987}"
1993,"[""port_operational_disruption""]","{""weather_disruption"": 0.030159, ""natural_disaster"": 0.00837, ""port_operational_disruption"": 0.983838, ""port_closure"": 0.026385, ""labor_strike_disruption"": 0.131965, ""maritime_security_navigation_disruption"": 0.352926}"
2434,"[""weather_disruption""]","{""weather_disruption"": 0.983477, ""natural_disaster"": 0.014546, ""port_operational_disruption"": 0.060249, ""port_closure"": 0.015418, ""labor_strike_disruption"": 0.009389, ""maritime_security_navigation_disruption"": 0.432647}"
1256,"[""labor_strike_disruption""]","{""weather_disruption"": 0.039469, ""natural_disaster"": 0.013933, ""port_operational_disruption"": 0.191539, ""port_closure"": 0.037868, ""labor_strike_disruption"": 0.980107, ""maritime_security_navigation_disruption"": 0.060014}"
3750,"[""maritime_security_navigation_disruption""]","{""weather_disruption"": 0.100887, ""natural_disaster"": 0.008188, ""port_operational_disruption"": 0.141331, ""port_closure"": 0.149832, ""labor_strike_disruption"": 0.073243, ""maritime_security_navigation_disruption"": 0.95975}"
3719,"[""weather_disruption"", ""port_operational_disruption""]","{""weather_disruption"": 0.808779, ""natural_disaster"": 0.010142, ""port_operational_disruption"": 0.809013, ""port_closure"": 0.640427, ""labor_strike_disruption"": 0.0184, ""maritime_security_navigation_disruption"": 0.434325}"
474,"[""port_operational_disruption""]","{""weather_disruption"": 0.07336, ""natural_disaster"": 0.00441, ""port_operational_disruption"": 0.978922, ""port_closure"": 0.06742, ""labor_strike_disruption"": 0.052343, ""maritime_security_navigation_disruption"": 0.083568}"
4188,"[""weather_disruption"", ""port_closure""]","{""weather_disruption"": 0.932594, ""natural_disaster"": 0.021173, ""port_operational_disruption"": 0.440352, ""port_closure"": 0.892537, ""labor_strike_disruption"": 0.118991, ""maritime_security_navigation_disruption"": 0.064317}"
235,"[""weather_disruption"", ""maritime_security_navigation_disruption""]","{""weather_disruption"": 0.881924, ""natural_disaster"": 0.160113, ""port_operational_disruption"": 0.034194, ""port_closure"": 0.423175, ""labor_strike_disruption"": 0.07151, ""maritime_security_navigation_disruption"": 0.76324}"
1910,"[""maritime_security_navigation_disruption""]","{""weather_disruption"": 0.36016, ""natural_disaster"": 0.014921, ""port_operational_disruption"": 0.473386, ""port_closure"": 0.334216, ""labor_strike_disruption"": 0.051391, ""maritime_security_navigation_disruption"": 0.763707}"
4178,"[""weather_disruption"", ""port_operational_disruption"", ""port_closure""]","{""weather_disruption"": 0.995644, ""natural_disaster"": 0.006166, ""port_operational_disruption"": 0.659304, ""port_closure"": 0.903919, ""labor_strike_disruption"": 0.012681, ""maritime_security_navigation_disruption"": 0.170888}"
2474,"[""maritime_security_navigation_disruption""]","{""weather_disruption"": 0.123404, ""natural_disaster"": 0.013188, ""port_operational_disruption"": 0.258167, ""port_closure"": 0.150416, ""labor_strike_disruption"": 0.145213, ""maritime_security_navigation_disruption"": 0.942162}"
3155,"[""weather_disruption""]","{""weather_disruption"": 0.994893, ""natural_disaster"": 0.099417, ""port_operational_disruption"": 0.028509, ""port_closure"": 0.222732, ""labor_strike_disruption"": 0.002385, ""maritime_security_navigation_disruption"": 0.110525}"
1232,"[""port_operational_disruption""]","{""weather_disruption"": 0.193008, ""natural_disaster"": 0.009736, ""port_operational_disruption"": 0.979285, ""port_closure"": 0.062887, ""labor_strike_disruption"": 0.043775, ""maritime_security_navigation_disruption"": 0.176645}"
5220,"[""labor_strike_disruption""]","{""weather_disruption"": 0.013409, ""natural_disaster"": 0.07359, ""port_operational_disruption"": 0.069276, ""port_closure"": 0.001524, ""labor_strike_disruption"": 0.976432, ""maritime_security_navigation_disruption"": 0.072276}"
3050,"[""port_operational_disruption""]","{""weather_disruption"": 0.099063, ""natural_disaster"": 0.003027, ""port_operational_disruption"": 0.947874, ""port_closure"": 0.126943, ""labor_strike_disruption"": 0.058303, ""maritime_security_navigation_disruption"": 0.118174}"
4242,"[""maritime_security_navigation_disruption""]","{""weather_disruption"": 0.085883, ""natural_disaster"": 0.03614, ""port_operational_disruption"": 0.22684, ""port_closure"": 0.098695, ""labor_strike_disruption"": 0.085629, ""maritime_security_navigation_disruption"": 0.89147}"
4928,"[""weather_disruption"", ""port_closure""]","{""weather_disruption"": 0.942888, ""natural_disaster"": 0.009646, ""port_operational_disruption"": 0.229323, ""port_closure"": 0.979731, ""labor_strike_disruption"": 0.020736, ""maritime_security_navigation_disruption"": 0.092359}"
1916,"[""labor_strike_disruption""]","{""weather_disruption"": 0.007957, ""natural_disaster"": 0.052894, ""port_operational_disruption"": 0.145352, ""port_closure"": 0.02043, ""labor_strike_disruption"": 0.984882, ""maritime_security_navigation_disruption"": 0.080455}"
2650,"[""weather_disruption"", ""port_closure""]","{""weather_disruption"": 0.883197, ""natural_disaster"": 0.0146, ""port_operational_disruption"": 0.318254, ""port_closure"": 0.972511, ""labor_strike_disruption"": 0.014369, ""maritime_security_navigation_disruption"": 0.414195}"
4482,"[""weather_disruption""]","{""weather_disruption"": 0.983487, ""natural_disaster"": 0.366145, ""port_operational_disruption"": 0.054318, ""port_closure"": 0.059503, ""labor_strike_disruption"": 0.076647, ""maritime_security_navigation_disruption"": 0.010119}"
4595,"[""weather_disruption""]","{""weather_disruption"": 0.983631, ""natural_disaster"": 0.065614, ""port_operational_disruption"": 0.010793, ""port_closure"": 0.080765, ""labor_strike_disruption"": 0.03088, ""maritime_security_navigation_disruption"": 0.268325}"
144,"[""port_operational_disruption"", ""maritime_security_navigation_disruption""]","{""weather_disruption"": 0.487685, ""natural_disaster"": 0.030083, ""port_operational_disruption"": 0.589193, ""port_closure"": 0.254866, ""labor_strike_disruption"": 0.007612, ""maritime_security_navigation_disruption"": 0.79435}"
4614,"[""weather_disruption""]","{""weather_disruption"": 0.912107, ""natural_disaster"": 0.219696, ""port_operational_disruption"": 0.019382, ""port_closure"": 0.029825, ""labor_strike_disruption"": 0.022568, ""maritime_security_navigation_disruption"": 0.205846}"
923,"[""weather_disruption""]","{""weather_disruption"": 0.929498, ""natural_disaster"": 0.009682, ""port_operational_disruption"": 0.420424, ""port_closure"": 0.734164, ""labor_strike_disruption"": 0.011026, ""maritime_security_navigation_disruption"": 0.441772}"
1764,"[""weather_disruption"", ""port_operational_disruption""]","{""weather_disruption"": 0.722284, ""natural_disaster"": 0.030027, ""port_operational_disruption"": 0.76599, ""port_closure"": 0.335994, ""labor_strike_disruption"": 0.032117, ""maritime_security_navigation_disruption"": 0.211792}"
3989,"[""weather_disruption"", ""port_closure""]","{""weather_disruption"": 0.693871, ""natural_disaster"": 0.031693, ""port_operational_disruption"": 0.191446, ""port_closure"": 0.954704, ""labor_strike_disruption"": 0.056673, ""maritime_security_navigation_disruption"": 0.609294}"
5757,"[""labor_strike_disruption""]","{""weather_disruption"": 0.018661, ""natural_disaster"": 0.062376, ""port_operational_disruption"": 0.02557, ""port_closure"": 0.015518, ""labor_strike_disruption"": 0.98153, ""maritime_security_navigation_disruption"": 0.147726}"
4387,"[""labor_strike_disruption""]","{""weather_disruption"": 0.047515, ""natural_disaster"": 0.162828, ""port_operational_disruption"": 0.013714, ""port_closure"": 0.01009, ""labor_strike_disruption"": 0.94471, ""maritime_security_navigation_disruption"": 0.043668}"
2055,"[""weather_disruption"", ""port_operational_disruption""]","{""weather_disruption"": 0.962871, ""natural_disaster"": 0.006793, ""port_operational_disruption"": 0.895014, ""port_closure"": 0.694834, ""labor_strike_disruption"": 0.021103, ""maritime_security_navigation_disruption"": 0.045653}"
5494,"[""maritime_security_navigation_disruption""]","{""weather_disruption"": 0.023437, ""natural_disaster"": 0.01471, ""port_operational_disruption"": 0.372624, ""port_closure"": 0.047788, ""labor_strike_disruption"": 0.075092, ""maritime_security_navigation_disruption"": 0.771117}"
768,"[""weather_disruption""]","{""weather_disruption"": 0.973433, ""natural_disaster"": 0.092695, ""port_operational_disruption"": 0.145504, ""port_closure"": 0.187846, ""labor_strike_disruption"": 0.017364, ""maritime_security_navigation_disruption"": 0.084685}"
5056,"[""port_operational_disruption""]","{""weather_disruption"": 0.043398, ""natural_disaster"": 0.00297, ""port_operational_disruption"": 0.944391, ""port_closure"": 0.040404, ""labor_strike_disruption"": 0.214838, ""maritime_security_navigation_disruption"": 0.155744}"
4236,"[""maritime_security_navigation_disruption""]","{""weather_disruption"": 0.032958, ""natural_disaster"": 0.013026, ""port_operational_disruption"": 0.519255, ""port_closure"": 0.084785, ""labor_strike_disruption"": 0.138166, ""maritime_security_navigation_disruption"": 0.970837}"
2710,"[""weather_disruption""]","{""weather_disruption"": 0.962298, ""natural_disaster"": 0.20208, ""port_operational_disruption"": 0.067578, ""port_closure"": 0.021363, ""labor_strike_disruption"": 0.055354, ""maritime_security_navigation_disruption"": 0.169654}"
411,"[""weather_disruption"", ""port_operational_disruption""]","{""weather_disruption"": 0.976646, ""natural_disaster"": 0.005574, ""port_operational_disruption"": 0.89411, ""port_closure"": 0.741246, ""labor_strike_disruption"": 0.021734, ""maritime_security_navigation_disruption"": 0.108454}"
4409,"[""weather_disruption""]","{""weather_disruption"": 0.587246, ""natural_disaster"": 0.302533, ""port_operational_disruption"": 0.059714, ""port_closure"": 0.178433, ""labor_strike_disruption"": 0.076365, ""maritime_security_navigation_disruption"": 0.430894}"
2193,"[""weather_disruption"", ""port_operational_disruption""]","{""weather_disruption"": 0.91261, ""natural_disaster"": 0.002493, ""port_operational_disruption"": 0.731952, ""port_closure"": 0.653172, ""labor_strike_disruption"": 0.113547, ""maritime_security_navigation_disruption"": 0.226367}"
3730,"[""maritime_security_navigation_disruption""]","{""weather_disruption"": 0.127594, ""natural_disaster"": 0.015681, ""port_operational_disruption"": 0.166394, ""port_closure"": 0.197578, ""labor_strike_disruption"": 0.100089, ""maritime_security_navigation_disruption"": 0.979971}"
1263,"[""maritime_security_navigation_disruption""]","{""weather_disruption"": 0.042258, ""natural_disaster"": 0.016311, ""port_operational_disruption"": 0.172521, ""port_closure"": 0.015066, ""labor_strike_disruption"": 0.116103, ""maritime_security_navigation_disruption"": 0.834226}"
4388,"[""port_operational_disruption""]","{""weather_disruption"": 0.052639, ""natural_disaster"": 0.003636, ""port_operational_disruption"": 0.974815, ""port_closure"": 0.13086, ""labor_strike_disruption"": 0.044064, ""maritime_security_navigation_disruption"": 0.187627}"
4741,"[""weather_disruption""]","{""weather_disruption"": 0.875889, ""natural_disaster"": 0.036712, ""port_operational_disruption"": 0.528885, ""port_closure"": 0.731308, ""labor_strike_disruption"": 0.046919, ""maritime_security_navigation_disruption"": 0.232753}"
5586,"[""weather_disruption""]","{""weather_disruption"": 0.964773, ""natural_disaster"": 0.340916, ""port_operational_disruption"": 0.008496, ""port_closure"": 0.232992, ""labor_strike_disruption"": 0.116408, ""maritime_security_navigation_disruption"": 0.032346}"
1899,"[""weather_disruption"", ""port_closure""]","{""weather_disruption"": 0.641749, ""natural_disaster"": 0.012133, ""port_operational_disruption"": 0.312393, ""port_closure"": 0.757828, ""labor_strike_disruption"": 0.033914, ""maritime_security_navigation_disruption"": 0.340662}"
1397,"[""port_operational_disruption""]","{""weather_disruption"": 0.092509, ""natural_disaster"": 0.004916, ""port_operational_disruption"": 0.96131, ""port_closure"": 0.176032, ""labor_strike_disruption"": 0.362985, ""maritime_security_navigation_disruption"": 0.076534}"
16,"[""natural_disaster""]","{""weather_disruption"": 0.141487, ""natural_disaster"": 0.986538, ""port_operational_disruption"": 0.019269, ""port_closure"": 0.024955, ""labor_strike_disruption"": 0.071138, ""maritime_security_navigation_disruption"": 0.01757}"
2116,"[""labor_strike_disruption""]","{""weather_disruption"": 0.083061, ""natural_disaster"": 0.055725, ""port_operational_disruption"": 0.166054, ""port_closure"": 0.080073, ""labor_strike_disruption"": 0.941045, ""maritime_security_navigation_disruption"": 0.134441}"
3208,"[""port_operational_disruption""]","{""weather_disruption"": 0.115545, ""natural_disaster"": 0.003463, ""port_operational_disruption"": 0.973498, ""port_closure"": 0.079068, ""labor_strike_disruption"": 0.059069, ""maritime_security_navigation_disruption"": 0.038584}"
3723,"[""weather_disruption"", ""port_operational_disruption""]","{""weather_disruption"": 0.909103, ""natural_disaster"": 0.005618, ""port_operational_disruption"": 0.667479, ""port_closure"": 0.638323, ""labor_strike_disruption"": 0.011933, ""maritime_security_navigation_disruption"": 0.251877}"
5449,"[""weather_disruption"", ""port_operational_disruption""]","{""weather_disruption"": 0.983845, ""natural_disaster"": 0.0097, ""port_operational_disruption"": 0.774259, ""port_closure"": 0.508645, ""labor_strike_disruption"": 0.00892, ""maritime_security_navigation_disruption"": 0.12057}"
104,"[""port_operational_disruption""]","{""weather_disruption"": 0.331411, ""natural_disaster"": 0.008762, ""port_operational_disruption"": 0.989501, ""port_closure"": 0.049986, ""labor_strike_disruption"": 0.061111, ""maritime_security_navigation_disruption"": 0.035201}"
4684,"[""labor_strike_disruption""]","{""weather_disruption"": 0.004269, ""natural_disaster"": 0.004575, ""port_operational_disruption"": 0.140006, ""port_closure"": 0.067489, ""labor_strike_disruption"": 0.992927, ""maritime_security_navigation_disruption"": 0.519663}"
2933,"[""weather_disruption"", ""port_operational_disruption""]","{""weather_disruption"": 0.874032, ""natural_disaster"": 0.004111, ""port_operational_disruption"": 0.91506, ""port_closure"": 0.622282, ""labor_strike_disruption"": 0.008002, ""maritime_security_navigation_disruption"": 0.131181}"
3407,"[""port_operational_disruption"", ""labor_strike_disruption""]","{""weather_disruption"": 0.007815, ""natural_disaster"": 0.006979, ""port_operational_disruption"": 0.60915, ""port_closure"": 0.034222, ""labor_strike_disruption"": 0.956628, ""maritime_security_navigation_disruption"": 0.370921}"
5555,"[""weather_disruption""]","{""weather_disruption"": 0.960439, ""natural_disaster"": 0.077899, ""port_operational_disruption"": 0.035991, ""port_closure"": 0.038752, ""labor_strike_disruption"": 0.042071, ""maritime_security_navigation_disruption"": 0.163664}"
3655,"[""labor_strike_disruption""]","{""weather_disruption"": 0.022434, ""natural_disaster"": 0.035522, ""port_operational_disruption"": 0.052311, ""port_closure"": 0.02642, ""labor_strike_disruption"": 0.992382, ""maritime_security_navigation_disruption"": 0.082445}"
2606,"[""labor_strike_disruption""]","{""weather_disruption"": 0.067952, ""natural_disaster"": 0.311751, ""port_operational_disruption"": 0.013074, ""port_closure"": 0.067569, ""labor_strike_disruption"": 0.978354, ""maritime_security_navigation_disruption"": 0.064247}"
4818,"[""port_operational_disruption""]","{""weather_disruption"": 0.154351, ""natural_disaster"": 0.008151, ""port_operational_disruption"": 0.978403, ""port_closure"": 0.07732, ""labor_strike_disruption"": 0.051802, ""maritime_security_navigation_disruption"": 0.131705}"
2677,"[""weather_disruption"", ""port_operational_disruption""]","{""weather_disruption"": 0.975157, ""natural_disaster"": 0.021883, ""port_operational_disruption"": 0.835102, ""port_closure"": 0.410811, ""labor_strike_disruption"": 0.008212, ""maritime_security_navigation_disruption"": 0.062897}"
3743,"[""maritime_security_navigation_disruption""]","{""weather_disruption"": 0.140757, ""natural_disaster"": 0.004805, ""port_operational_disruption"": 0.218825, ""port_closure"": 0.29712, ""labor_strike_disruption"": 0.032092, ""maritime_security_navigation_disruption"": 0.967259}"
4096,"[""maritime_security_navigation_disruption""]","{""weather_disruption"": 0.047373, ""natural_disaster"": 0.046741, ""port_operational_disruption"": 0.309344, ""port_closure"": 0.051234, ""labor_strike_disruption"": 0.050751, ""maritime_security_navigation_disruption"": 0.960858}"
3094,"[""labor_strike_disruption""]","{""weather_disruption"": 0.038263, ""natural_disaster"": 0.031334, ""port_operational_disruption"": 0.469266, ""port_closure"": 0.063881, ""labor_strike_disruption"": 0.709871, ""maritime_security_navigation_disruption"": 0.448828}"
1161,"[""port_operational_disruption""]","{""weather_disruption"": 0.060312, ""natural_disaster"": 0.005532, ""port_operational_disruption"": 0.975008, ""port_closure"": 0.043239, ""labor_strike_disruption"": 0.013631, ""maritime_security_navigation_disruption"": 0.138827}"
74,"[""port_operational_disruption""]","{""weather_disruption"": 0.116034, ""natural_disaster"": 0.007702, ""port_operational_disruption"": 0.984963, ""port_closure"": 0.155907, ""labor_strike_disruption"": 0.019497, ""maritime_security_navigation_disruption"": 0.07819}"
5567,"[""natural_disaster""]","{""weather_disruption"": 0.443068, ""natural_disaster"": 0.969247, ""port_operational_disruption"": 0.022183, ""port_closure"": 0.016494, ""labor_strike_disruption"": 0.101071, ""maritime_security_navigation_disruption"": 0.031131}"
3820,"[""weather_disruption"", ""port_operational_disruption"", ""maritime_security_navigation_disruption""]","{""weather_disruption"": 0.867669, ""natural_disaster"": 0.02639, ""port_operational_disruption"": 0.551976, ""port_closure"": 0.475666, ""labor_strike_disruption"": 0.087146, ""maritime_security_navigation_disruption"": 0.698416}"
4257,"[""maritime_security_navigation_disruption""]","{""weather_disruption"": 0.17659, ""natural_disaster"": 0.014728, ""port_operational_disruption"": 0.258542, ""port_closure"": 0.15023, ""labor_strike_disruption"": 0.030915, ""maritime_security_navigation_disruption"": 0.963662}"
4457,"[""weather_disruption"", ""port_closure""]","{""weather_disruption"": 0.609262, ""natural_disaster"": 0.019946, ""port_operational_disruption"": 0.46983, ""port_closure"": 0.813976, ""labor_strike_disruption"": 0.022655, ""maritime_security_navigation_disruption"": 0.507323}"
2070,"[""weather_disruption"", ""port_closure""]","{""weather_disruption"": 0.802484, ""natural_disaster"": 0.0217, ""port_operational_disruption"": 0.426381, ""port_closure"": 0.922791, ""labor_strike_disruption"": 0.006569, ""maritime_security_navigation_disruption"": 0.346804}"
4852,"[""port_operational_disruption""]","{""weather_disruption"": 0.032007, ""natural_disaster"": 0.002872, ""port_operational_disruption"": 0.838791, ""port_closure"": 0.412981, ""labor_strike_disruption"": 0.237148, ""maritime_security_navigation_disruption"": 0.296054}"
1048,"[""natural_disaster""]","{""weather_disruption"": 0.26101, ""natural_disaster"": 0.978498, ""port_operational_disruption"": 0.020565, ""port_closure"": 0.009878, ""labor_strike_disruption"": 0.10693, ""maritime_security_navigation_disruption"": 0.096624}"
1982,"[""natural_disaster""]","{""weather_disruption"": 0.17572, ""natural_disaster"": 0.985265, ""port_operational_disruption"": 0.025702, ""port_closure"": 0.007126, ""labor_strike_disruption"": 0.076097, ""maritime_security_navigation_disruption"": 0.049602}"
3917,"[""maritime_security_navigation_disruption""]","{""weather_disruption"": 0.044274, ""natural_disaster"": 0.007983, ""port_operational_disruption"": 0.333036, ""port_closure"": 0.055571, ""labor_strike_disruption"": 0.077391, ""maritime_security_navigation_disruption"": 0.987248}"
3858,"[""maritime_security_navigation_disruption""]","{""weather_disruption"": 0.054684, ""natural_disaster"": 0.036707, ""port_operational_disruption"": 0.046908, ""port_closure"": 0.057491, ""labor_strike_disruption"": 0.083043, ""maritime_security_navigation_disruption"": 0.970693}"
4929,"[""weather_disruption"", ""port_operational_disruption"", ""port_closure""]","{""weather_disruption"": 0.613189, ""natural_disaster"": 0.003151, ""port_operational_disruption"": 0.701024, ""port_closure"": 0.812249, ""labor_strike_disruption"": 0.088262, ""maritime_security_navigation_disruption"": 0.398389}"
434,"[""weather_disruption"", ""port_operational_disruption""]","{""weather_disruption"": 0.804906, ""natural_disaster"": 0.0023, ""port_operational_disruption"": 0.807843, ""port_closure"": 0.699026, ""labor_strike_disruption"": 0.032981, ""maritime_security_navigation_disruption"": 0.273932}"
4621,"[""port_operational_disruption""]","{""weather_disruption"": 0.131929, ""natural_disaster"": 0.004981, ""port_operational_disruption"": 0.990817, ""port_closure"": 0.071898, ""labor_strike_disruption"": 0.041645, ""maritime_security_navigation_disruption"": 0.01664}"
2760,"[""port_operational_disruption""]","{""weather_disruption"": 0.078769, ""natural_disaster"": 0.01008, ""port_operational_disruption"": 0.962119, ""port_closure"": 0.121812, ""labor_strike_disruption"": 0.024797, ""maritime_security_navigation_disruption"": 0.019727}"
3466,"[""weather_disruption"", ""port_operational_disruption""]","{""weather_disruption"": 0.608496, ""natural_disaster"": 0.013888, ""port_operational_disruption"": 0.980838, ""port_closure"": 0.27724, ""labor_strike_disruption"": 0.038513, ""maritime_security_navigation_disruption"": 0.10481}"
4589,"[""weather_disruption"", ""maritime_security_navigation_disruption""]","{""weather_disruption"": 0.832758, ""natural_disaster"": 0.028507, ""port_operational_disruption"": 0.059515, ""port_closure"": 0.471798, ""labor_strike_disruption"": 0.050631, ""maritime_security_navigation_disruption"": 0.949707}"
3578,"[""maritime_security_navigation_disruption""]","{""weather_disruption"": 0.065239, ""natural_disaster"": 0.006866, ""port_operational_disruption"": 0.270921, ""port_closure"": 0.356988, ""labor_strike_disruption"": 0.070723, ""maritime_security_navigation_disruption"": 0.932559}"
4452,"[""maritime_security_navigation_disruption""]","{""weather_disruption"": 0.15616, ""natural_disaster"": 0.002691, ""port_operational_disruption"": 0.363689, ""port_closure"": 0.049116, ""labor_strike_disruption"": 0.060045, ""maritime_security_navigation_disruption"": 0.882177}"
1221,"[""labor_strike_disruption""]","{""weather_disruption"": 0.005605, ""natural_disaster"": 0.039094, ""port_operational_disruption"": 0.057236, ""port_closure"": 0.014273, ""labor_strike_disruption"": 0.995966, ""maritime_security_navigation_disruption"": 0.031363}"
2701,"[""port_operational_disruption""]","{""weather_disruption"": 0.280757, ""natural_disaster"": 0.025683, ""port_operational_disruption"": 0.887071, ""port_closure"": 0.056097, ""labor_strike_disruption"": 0.079641, ""maritime_security_navigation_disruption"": 0.168744}"
1955,"[""labor_strike_disruption""]","{""weather_disruption"": 0.020534, ""natural_disaster"": 0.011376, ""port_operational_disruption"": 0.013675, ""port_closure"": 0.012698, ""labor_strike_disruption"": 0.977589, ""maritime_security_navigation_disruption"": 0.397663}"
4323,"[""weather_disruption""]","{""weather_disruption"": 0.987481, ""natural_disaster"": 0.458349, ""port_operational_disruption"": 0.072233, ""port_closure"": 0.020734, ""labor_strike_disruption"": 0.023463, ""maritime_security_navigation_disruption"": 0.051803}"
857,"[""weather_disruption"", ""port_operational_disruption""]","{""weather_disruption"": 0.974307, ""natural_disaster"": 0.015636, ""port_operational_disruption"": 0.828282, ""port_closure"": 0.254536, ""labor_strike_disruption"": 0.005946, ""maritime_security_navigation_disruption"": 0.138168}"
751,"[""weather_disruption""]","{""weather_disruption"": 0.989682, ""natural_disaster"": 0.056393, ""port_operational_disruption"": 0.293388, ""port_closure"": 0.174333, ""labor_strike_disruption"": 0.004997, ""maritime_security_navigation_disruption"": 0.06432}"
4932,"[""weather_disruption""]","{""weather_disruption"": 0.913325, ""natural_disaster"": 0.346941, ""port_operational_disruption"": 0.123958, ""port_closure"": 0.020901, ""labor_strike_disruption"": 0.027983, ""maritime_security_navigation_disruption"": 0.107547}"
5517,"[""weather_disruption""]","{""weather_disruption"": 0.509578, ""natural_disaster"": 0.077216, ""port_operational_disruption"": 0.039204, ""port_closure"": 0.051498, ""labor_strike_disruption"": 0.125108, ""maritime_security_navigation_disruption"": 0.447525}"
2584,"[""weather_disruption""]","{""weather_disruption"": 0.988127, ""natural_disaster"": 0.117188, ""port_operational_disruption"": 0.045861, ""port_closure"": 0.034502, ""labor_strike_disruption"": 0.005124, ""maritime_security_navigation_disruption"": 0.110799}"
3594,"[""maritime_security_navigation_disruption""]","{""weather_disruption"": 0.083572, ""natural_disaster"": 0.013448, ""port_operational_disruption"": 0.180834, ""port_closure"": 0.097017, ""labor_strike_disruption"": 0.071917, ""maritime_security_navigation_disruption"": 0.87664}"
5057,"[""port_operational_disruption""]","{""weather_disruption"": 0.164352, ""natural_disaster"": 0.011976, ""port_operational_disruption"": 0.969454, ""port_closure"": 0.113831, ""labor_strike_disruption"": 0.109393, ""maritime_security_navigation_disruption"": 0.0337}"
3861,"[""maritime_security_navigation_disruption""]","{""weather_disruption"": 0.064493, ""natural_disaster"": 0.047118, ""port_operational_disruption"": 0.033611, ""port_closure"": 0.112143, ""labor_strike_disruption"": 0.061062, ""maritime_security_navigation_disruption"": 0.894602}"
1000,"[""labor_strike_disruption""]","{""weather_disruption"": 0.008122, ""natural_disaster"": 0.023399, ""port_operational_disruption"": 0.019373, ""port_closure"": 0.006375, ""labor_strike_disruption"": 0.998279, ""maritime_security_navigation_disruption"": 0.016444}"
5739,"[""port_operational_disruption""]","{""weather_disruption"": 0.157517, ""natural_disaster"": 0.005388, ""port_operational_disruption"": 0.964308, ""port_closure"": 0.163717, ""labor_strike_disruption"": 0.051382, ""maritime_security_navigation_disruption"": 0.024622}"
4007,"[""weather_disruption"", ""port_closure""]","{""weather_disruption"": 0.662739, ""natural_disaster"": 0.011698, ""port_operational_disruption"": 0.148498, ""port_closure"": 0.947695, ""labor_strike_disruption"": 0.110548, ""maritime_security_navigation_disruption"": 0.636398}"
3708,"[""port_operational_disruption""]","{""weather_disruption"": 0.125447, ""natural_disaster"": 0.037266, ""port_operational_disruption"": 0.940857, ""port_closure"": 0.060869, ""labor_strike_disruption"": 0.034677, ""maritime_security_navigation_disruption"": 0.199518}"
2762,"[""port_operational_disruption""]","{""weather_disruption"": 0.351767, ""natural_disaster"": 0.003972, ""port_operational_disruption"": 0.931893, ""port_closure"": 0.469282, ""labor_strike_disruption"": 0.032864, ""maritime_security_navigation_disruption"": 0.054703}"
2401,"[""labor_strike_disruption""]","{""weather_disruption"": 0.047722, ""natural_disaster"": 0.00624, ""port_operational_disruption"": 0.138428, ""port_closure"": 0.012531, ""labor_strike_disruption"": 0.988903, ""maritime_security_navigation_disruption"": 0.143873}"
4864,"[""port_operational_disruption""]","{""weather_disruption"": 0.085218, ""natural_disaster"": 0.003807, ""port_operational_disruption"": 0.969416, ""port_closure"": 0.17316, ""labor_strike_disruption"": 0.031365, ""maritime_security_navigation_disruption"": 0.036003}"
1116,"[""weather_disruption""]","{""weather_disruption"": 0.941383, ""natural_disaster"": 0.09084, ""port_operational_disruption"": 0.078675, ""port_closure"": 0.015668, ""labor_strike_disruption"": 0.0736, ""maritime_security_navigation_disruption"": 0.051551}"
2763,"[""port_operational_disruption""]","{""weather_disruption"": 0.167956, ""natural_disaster"": 0.002866, ""port_operational_disruption"": 0.960582, ""port_closure"": 0.067566, ""labor_strike_disruption"": 0.063255, ""maritime_security_navigation_disruption"": 0.070063}"
5355,"[""weather_disruption"", ""port_operational_disruption"", ""port_closure""]","{""weather_disruption"": 0.939207, ""natural_disaster"": 0.005316, ""port_operational_disruption"": 0.70212, ""port_closure"": 0.9384, ""labor_strike_disruption"": 0.021697, ""maritime_security_navigation_disruption"": 0.092698}"
254,[],"{""weather_disruption"": 0.312507, ""natural_disaster"": 0.414996, ""port_operational_disruption"": 0.419736, ""port_closure"": 0.010717, ""labor_strike_disruption"": 0.201108, ""maritime_security_navigation_disruption"": 0.313707}"
1595,"[""weather_disruption"", ""port_operational_disruption""]","{""weather_disruption"": 0.95483, ""natural_disaster"": 0.005658, ""port_operational_disruption"": 0.833696, ""port_closure"": 0.348487, ""labor_strike_disruption"": 0.018275, ""maritime_security_navigation_disruption"": 0.316904}"
2576,"[""weather_disruption""]","{""weather_disruption"": 0.96377, ""natural_disaster"": 0.107085, ""port_operational_disruption"": 0.106618, ""port_closure"": 0.071849, ""labor_strike_disruption"": 0.023067, ""maritime_security_navigation_disruption"": 0.092905}"
1704,"[""port_operational_disruption"", ""maritime_security_navigation_disruption""]","{""weather_disruption"": 0.379535, ""natural_disaster"": 0.024576, ""port_operational_disruption"": 0.707216, ""port_closure"": 0.122474, ""labor_strike_disruption"": 0.01277, ""maritime_security_navigation_disruption"": 0.768501}"
2791,"[""port_operational_disruption""]","{""weather_disruption"": 0.341471, ""natural_disaster"": 0.008816, ""port_operational_disruption"": 0.977501, ""port_closure"": 0.134653, ""labor_strike_disruption"": 0.110049, ""maritime_security_navigation_disruption"": 0.12176}"
3803,"[""maritime_security_navigation_disruption""]","{""weather_disruption"": 0.25312, ""natural_disaster"": 0.035982, ""port_operational_disruption"": 0.116447, ""port_closure"": 0.305055, ""labor_strike_disruption"": 0.039143, ""maritime_security_navigation_disruption"": 0.960859}"
3376,"[""weather_disruption"", ""port_operational_disruption""]","{""weather_disruption"": 0.645867, ""natural_disaster"": 0.019672, ""port_operational_disruption"": 0.846431, ""port_closure"": 0.466204, ""labor_strike_disruption"": 0.088733, ""maritime_security_navigation_disruption"": 0.567948}"
2367,"[""weather_disruption"", ""port_closure""]","{""weather_disruption"": 0.985817, ""natural_disaster"": 0.011754, ""port_operational_disruption"": 0.440023, ""port_closure"": 0.976435, ""labor_strike_disruption"": 0.02325, ""maritime_security_navigation_disruption"": 0.071518}"
3854,"[""maritime_security_navigation_disruption""]","{""weather_disruption"": 0.167509, ""natural_disaster"": 0.019558, ""port_operational_disruption"": 0.118405, ""port_closure"": 0.152511, ""labor_strike_disruption"": 0.034325, ""maritime_security_navigation_disruption"": 0.930444}"
524,"[""maritime_security_navigation_disruption""]","{""weather_disruption"": 0.043839, ""natural_disaster"": 0.005263, ""port_operational_disruption"": 0.380569, ""port_closure"": 0.04355, ""labor_strike_disruption"": 0.193695, ""maritime_security_navigation_disruption"": 0.885407}"
3014,"[""weather_disruption""]","{""weather_disruption"": 0.981472, ""natural_disaster"": 0.06648, ""port_operational_disruption"": 0.070613, ""port_closure"": 0.038863, ""labor_strike_disruption"": 0.048104, ""maritime_security_navigation_disruption"": 0.031953}"
2207,"[""weather_disruption"", ""port_operational_disruption"", ""port_closure""]","{""weather_disruption"": 0.984115, ""natural_disaster"": 0.010577, ""port_operational_disruption"": 0.708371, ""port_closure"": 0.81387, ""labor_strike_disruption"": 0.037591, ""maritime_security_navigation_disruption"": 0.055173}"
5289,"[""maritime_security_navigation_disruption""]","{""weather_disruption"": 0.011566, ""natural_disaster"": 0.016535, ""port_operational_disruption"": 0.318124, ""port_closure"": 0.012476, ""labor_strike_disruption"": 0.256253, ""maritime_security_navigation_disruption"": 0.927365}"
1453,"[""port_operational_disruption""]","{""weather_disruption"": 0.347611, ""natural_disaster"": 0.016814, ""port_operational_disruption"": 0.938286, ""port_closure"": 0.066767, ""labor_strike_disruption"": 0.084978, ""maritime_security_navigation_disruption"": 0.201121}"
2657,"[""port_operational_disruption""]","{""weather_disruption"": 0.092696, ""natural_disaster"": 0.011237, ""port_operational_disruption"": 0.979429, ""port_closure"": 0.112849, ""labor_strike_disruption"": 0.021702, ""maritime_security_navigation_disruption"": 0.034509}"
3864,"[""maritime_security_navigation_disruption""]","{""weather_disruption"": 0.141391, ""natural_disaster"": 0.033695, ""port_operational_disruption"": 0.060962, ""port_closure"": 0.042991, ""labor_strike_disruption"": 0.049162, ""maritime_security_navigation_disruption"": 0.90598}"
4044,"[""port_operational_disruption""]","{""weather_disruption"": 0.058688, ""natural_disaster"": 0.006963, ""port_operational_disruption"": 0.956226, ""port_closure"": 0.062697, ""labor_strike_disruption"": 0.104826, ""maritime_security_navigation_disruption"": 0.2735}"
5426,"[""weather_disruption""]","{""weather_disruption"": 0.996184, ""natural_disaster"": 0.177611, ""port_operational_disruption"": 0.096385, ""port_closure"": 0.021945, ""labor_strike_disruption"": 0.020038, ""maritime_security_navigation_disruption"": 0.013384}"
1346,"[""labor_strike_disruption""]","{""weather_disruption"": 0.055204, ""natural_disaster"": 0.013734, ""port_operational_disruption"": 0.127048, ""port_closure"": 0.251217, ""labor_strike_disruption"": 0.982807, ""maritime_security_navigation_disruption"": 0.09668}"
3381,"[""maritime_security_navigation_disruption""]","{""weather_disruption"": 0.227889, ""natural_disaster"": 0.039699, ""port_operational_disruption"": 0.193063, ""port_closure"": 0.170242, ""labor_strike_disruption"": 0.129037, ""maritime_security_navigation_disruption"": 0.780886}"
4074,"[""maritime_security_navigation_disruption""]","{""weather_disruption"": 0.125111, ""natural_disaster"": 0.014272, ""port_operational_disruption"": 0.117582, ""port_closure"": 0.021695, ""labor_strike_disruption"": 0.038126, ""maritime_security_navigation_disruption"": 0.9714}"
260,"[""weather_disruption"", ""port_operational_disruption""]","{""weather_disruption"": 0.982037, ""natural_disaster"": 0.008147, ""port_operational_disruption"": 0.773473, ""port_closure"": 0.240083, ""labor_strike_disruption"": 0.00533, ""maritime_security_navigation_disruption"": 0.143523}"
1816,"[""port_operational_disruption"", ""maritime_security_navigation_disruption""]","{""weather_disruption"": 0.00599, ""natural_disaster"": 0.038989, ""port_operational_disruption"": 0.704101, ""port_closure"": 0.021585, ""labor_strike_disruption"": 0.151301, ""maritime_security_navigation_disruption"": 0.920433}"
2129,"[""port_operational_disruption"", ""maritime_security_navigation_disruption""]","{""weather_disruption"": 0.1185, ""natural_disaster"": 0.037837, ""port_operational_disruption"": 0.569092, ""port_closure"": 0.052328, ""labor_strike_disruption"": 0.027115, ""maritime_security_navigation_disruption"": 0.754951}"
2312,"[""weather_disruption""]","{""weather_disruption"": 0.996272, ""natural_disaster"": 0.034847, ""port_operational_disruption"": 0.078043, ""port_closure"": 0.199206, ""labor_strike_disruption"": 0.007147, ""maritime_security_navigation_disruption"": 0.199801}"
4472,"[""maritime_security_navigation_disruption""]","{""weather_disruption"": 0.283021, ""natural_disaster"": 0.026438, ""port_operational_disruption"": 0.155242, ""port_closure"": 0.075041, ""labor_strike_disruption"": 0.068152, ""maritime_security_navigation_disruption"": 0.829016}"
4829,"[""port_operational_disruption""]","{""weather_disruption"": 0.172927, ""natural_disaster"": 0.015452, ""port_operational_disruption"": 0.956512, ""port_closure"": 0.16, ""labor_strike_disruption"": 0.059155, ""maritime_security_navigation_disruption"": 0.033573}"
4492,"[""weather_disruption"", ""port_operational_disruption""]","{""weather_disruption"": 0.592374, ""natural_disaster"": 0.015412, ""port_operational_disruption"": 0.888621, ""port_closure"": 0.081667, ""labor_strike_disruption"": 0.050881, ""maritime_security_navigation_disruption"": 0.233001}"
1631,"[""weather_disruption"", ""port_operational_disruption""]","{""weather_disruption"": 0.995252, ""natural_disaster"": 0.021272, ""port_operational_disruption"": 0.639377, ""port_closure"": 0.427954, ""labor_strike_disruption"": 0.01081, ""maritime_security_navigation_disruption"": 0.11041}"
2048,"[""port_operational_disruption""]","{""weather_disruption"": 0.215707, ""natural_disaster"": 0.009775, ""port_operational_disruption"": 0.972246, ""port_closure"": 0.078719, ""labor_strike_disruption"": 0.026927, ""maritime_security_navigation_disruption"": 0.029636}"
95,"[""labor_strike_disruption""]","{""weather_disruption"": 0.005685, ""natural_disaster"": 0.026169, ""port_operational_disruption"": 0.033187, ""port_closure"": 0.020462, ""labor_strike_disruption"": 0.981542, ""maritime_security_navigation_disruption"": 0.089923}"
1934,"[""weather_disruption"", ""port_operational_disruption""]","{""weather_disruption"": 0.938695, ""natural_disaster"": 0.01421, ""port_operational_disruption"": 0.832381, ""port_closure"": 0.46309, ""labor_strike_disruption"": 0.028964, ""maritime_security_navigation_disruption"": 0.239269}"
3793,"[""port_operational_disruption""]","{""weather_disruption"": 0.048991, ""natural_disaster"": 0.0066, ""port_operational_disruption"": 0.952679, ""port_closure"": 0.045558, ""labor_strike_disruption"": 0.054657, ""maritime_security_navigation_disruption"": 0.121239}"
138,"[""labor_strike_disruption""]","{""weather_disruption"": 0.032084, ""natural_disaster"": 0.023157, ""port_operational_disruption"": 0.482657, ""port_closure"": 0.153655, ""labor_strike_disruption"": 0.70124, ""maritime_security_navigation_disruption"": 0.621647}"
370,"[""labor_strike_disruption""]","{""weather_disruption"": 0.048652, ""natural_disaster"": 0.098909, ""port_operational_disruption"": 0.075019, ""port_closure"": 0.015691, ""labor_strike_disruption"": 0.879274, ""maritime_security_navigation_disruption"": 0.104444}"
2611,"[""labor_strike_disruption""]","{""weather_disruption"": 0.054304, ""natural_disaster"": 0.106281, ""port_operational_disruption"": 0.267876, ""port_closure"": 0.036863, ""labor_strike_disruption"": 0.841769, ""maritime_security_navigation_disruption"": 0.075074}"
1703,"[""weather_disruption""]","{""weather_disruption"": 0.904913, ""natural_disaster"": 0.076905, ""port_operational_disruption"": 0.087366, ""port_closure"": 0.217591, ""labor_strike_disruption"": 0.218693, ""maritime_security_navigation_disruption"": 0.294789}"
5583,"[""natural_disaster""]","{""weather_disruption"": 0.108676, ""natural_disaster"": 0.987756, ""port_operational_disruption"": 0.014861, ""port_closure"": 0.008948, ""labor_strike_disruption"": 0.028298, ""maritime_security_navigation_disruption"": 0.144245}"
4114,"[""weather_disruption""]","{""weather_disruption"": 0.990725, ""natural_disaster"": 0.068053, ""port_operational_disruption"": 0.067353, ""port_closure"": 0.042636, ""labor_strike_disruption"": 0.018316, ""maritime_security_navigation_disruption"": 0.112971}"
2027,"[""weather_disruption"", ""port_operational_disruption""]","{""weather_disruption"": 0.580013, ""natural_disaster"": 0.002401, ""port_operational_disruption"": 0.984818, ""port_closure"": 0.184045, ""labor_strike_disruption"": 0.023929, ""maritime_security_navigation_disruption"": 0.021177}"
1804,"[""maritime_security_navigation_disruption""]","{""weather_disruption"": 0.068748, ""natural_disaster"": 0.084144, ""port_operational_disruption"": 0.485013, ""port_closure"": 0.040071, ""labor_strike_disruption"": 0.028127, ""maritime_security_navigation_disruption"": 0.92796}"
4205,"[""weather_disruption"", ""port_operational_disruption"", ""port_closure""]","{""weather_disruption"": 0.969727, ""natural_disaster"": 0.015983, ""port_operational_disruption"": 0.623272, ""port_closure"": 0.95199, ""labor_strike_disruption"": 0.004451, ""maritime_security_navigation_disruption"": 0.057577}"
2123,"[""port_operational_disruption""]","{""weather_disruption"": 0.330305, ""natural_disaster"": 0.019415, ""port_operational_disruption"": 0.561211, ""port_closure"": 0.395492, ""labor_strike_disruption"": 0.211284, ""maritime_security_navigation_disruption"": 0.031714}"
2361,"[""weather_disruption"", ""port_operational_disruption""]","{""weather_disruption"": 0.983478, ""natural_disaster"": 0.010529, ""port_operational_disruption"": 0.717903, ""port_closure"": 0.560621, ""labor_strike_disruption"": 0.017273, ""maritime_security_navigation_disruption"": 0.124208}"
5502,"[""maritime_security_navigation_disruption""]","{""weather_disruption"": 0.14132, ""natural_disaster"": 0.00649, ""port_operational_disruption"": 0.225921, ""port_closure"": 0.092613, ""labor_strike_disruption"": 0.098801, ""maritime_security_navigation_disruption"": 0.884958}"
5716,"[""labor_strike_disruption""]","{""weather_disruption"": 0.146806, ""natural_disaster"": 0.035102, ""port_operational_disruption"": 0.004194, ""port_closure"": 0.308579, ""labor_strike_disruption"": 0.983884, ""maritime_security_navigation_disruption"": 0.155161}"
4117,"[""weather_disruption""]","{""weather_disruption"": 0.97187, ""natural_disaster"": 0.09955, ""port_operational_disruption"": 0.077666, ""port_closure"": 0.123563, ""labor_strike_disruption"": 0.012025, ""maritime_security_navigation_disruption"": 0.103109}"
2115,"[""labor_strike_disruption""]","{""weather_disruption"": 0.01705, ""natural_disaster"": 0.001725, ""port_operational_disruption"": 0.275268, ""port_closure"": 0.118781, ""labor_strike_disruption"": 0.987365, ""maritime_security_navigation_disruption"": 0.222657}"
4904,"[""weather_disruption"", ""port_operational_disruption""]","{""weather_disruption"": 0.787565, ""natural_disaster"": 0.008464, ""port_operational_disruption"": 0.938026, ""port_closure"": 0.121963, ""labor_strike_disruption"": 0.030816, ""maritime_security_navigation_disruption"": 0.268018}"
1357,"[""weather_disruption""]","{""weather_disruption"": 0.990425, ""natural_disaster"": 0.035958, ""port_operational_disruption"": 0.092427, ""port_closure"": 0.054645, ""labor_strike_disruption"": 0.014395, ""maritime_security_navigation_disruption"": 0.022698}"
1968,"[""weather_disruption""]","{""weather_disruption"": 0.748415, ""natural_disaster"": 0.041882, ""port_operational_disruption"": 0.243072, ""port_closure"": 0.018841, ""labor_strike_disruption"": 0.224213, ""maritime_security_navigation_disruption"": 0.143183}"
1420,"[""weather_disruption"", ""port_operational_disruption""]","{""weather_disruption"": 0.641603, ""natural_disaster"": 0.001926, ""port_operational_disruption"": 0.839723, ""port_closure"": 0.718978, ""labor_strike_disruption"": 0.334646, ""maritime_security_navigation_disruption"": 0.066778}"
3051,"[""port_operational_disruption""]","{""weather_disruption"": 0.304484, ""natural_disaster"": 0.004656, ""port_operational_disruption"": 0.98299, ""port_closure"": 0.196479, ""labor_strike_disruption"": 0.012269, ""maritime_security_navigation_disruption"": 0.067462}"
4411,"[""weather_disruption"", ""port_operational_disruption""]","{""weather_disruption"": 0.618884, ""natural_disaster"": 0.00464, ""port_operational_disruption"": 0.877412, ""port_closure"": 0.739589, ""labor_strike_disruption"": 0.049961, ""maritime_security_navigation_disruption"": 0.151575}"
530,"[""labor_strike_disruption""]","{""weather_disruption"": 0.023018, ""natural_disaster"": 0.016379, ""port_operational_disruption"": 0.013455, ""port_closure"": 0.022262, ""labor_strike_disruption"": 0.99866, ""maritime_security_navigation_disruption"": 0.023325}"
2692,"[""port_operational_disruption""]","{""weather_disruption"": 0.158282, ""natural_disaster"": 0.007037, ""port_operational_disruption"": 0.98245, ""port_closure"": 0.397932, ""labor_strike_disruption"": 0.029214, ""maritime_security_navigation_disruption"": 0.046276}"
1851,"[""labor_strike_disruption""]","{""weather_disruption"": 0.015554, ""natural_disaster"": 0.022605, ""port_operational_disruption"": 0.049798, ""port_closure"": 0.01059, ""labor_strike_disruption"": 0.997572, ""maritime_security_navigation_disruption"": 0.042162}"
3184,"[""maritime_security_navigation_disruption""]","{""weather_disruption"": 0.033656, ""natural_disaster"": 0.021368, ""port_operational_disruption"": 0.209782, ""port_closure"": 0.028094, ""labor_strike_disruption"": 0.062427, ""maritime_security_navigation_disruption"": 0.965793}"
3983,"[""weather_disruption"", ""port_operational_disruption"", ""port_closure""]","{""weather_disruption"": 0.647405, ""natural_disaster"": 0.005867, ""port_operational_disruption"": 0.585342, ""port_closure"": 0.919076, ""labor_strike_disruption"": 0.035248, ""maritime_security_navigation_disruption"": 0.073985}"
3626,"[""weather_disruption"", ""port_operational_disruption""]","{""weather_disruption"": 0.892405, ""natural_disaster"": 0.013353, ""port_operational_disruption"": 0.707789, ""port_closure"": 0.724258, ""labor_strike_disruption"": 0.007795, ""maritime_security_navigation_disruption"": 0.139981}"
2210,"[""weather_disruption"", ""port_operational_disruption""]","{""weather_disruption"": 0.939293, ""natural_disaster"": 0.024771, ""port_operational_disruption"": 0.937463, ""port_closure"": 0.395026, ""labor_strike_disruption"": 0.029742, ""maritime_security_navigation_disruption"": 0.08251}"
4204,"[""weather_disruption"", ""port_operational_disruption"", ""port_closure""]","{""weather_disruption"": 0.970978, ""natural_disaster"": 0.00855, ""port_operational_disruption"": 0.77646, ""port_closure"": 0.888877, ""labor_strike_disruption"": 0.012496, ""maritime_security_navigation_disruption"": 0.074564}"
120,"[""labor_strike_disruption""]","{""weather_disruption"": 0.083755, ""natural_disaster"": 0.015608, ""port_operational_disruption"": 0.369912, ""port_closure"": 0.012359, ""labor_strike_disruption"": 0.559074, ""maritime_security_navigation_disruption"": 0.046003}"
1384,"[""weather_disruption"", ""port_operational_disruption"", ""port_closure""]","{""weather_disruption"": 0.736249, ""natural_disaster"": 0.002746, ""port_operational_disruption"": 0.943092, ""port_closure"": 0.83966, ""labor_strike_disruption"": 0.084915, ""maritime_security_navigation_disruption"": 0.037809}"
1951,"[""port_operational_disruption"", ""maritime_security_navigation_disruption""]","{""weather_disruption"": 0.019129, ""natural_disaster"": 0.072758, ""port_operational_disruption"": 0.565763, ""port_closure"": 0.026893, ""labor_strike_disruption"": 0.155973, ""maritime_security_navigation_disruption"": 0.864538}"
5140,"[""weather_disruption""]","{""weather_disruption"": 0.962616, ""natural_disaster"": 0.090028, ""port_operational_disruption"": 0.067814, ""port_closure"": 0.064178, ""labor_strike_disruption"": 0.011753, ""maritime_security_navigation_disruption"": 0.128388}"
1284,"[""port_operational_disruption""]","{""weather_disruption"": 0.213835, ""natural_disaster"": 0.027192, ""port_operational_disruption"": 0.851231, ""port_closure"": 0.074936, ""labor_strike_disruption"": 0.046038, ""maritime_security_navigation_disruption"": 0.590899}"
3431,"[""weather_disruption"", ""port_operational_disruption""]","{""weather_disruption"": 0.950937, ""natural_disaster"": 0.009076, ""port_operational_disruption"": 0.774032, ""port_closure"": 0.569984, ""labor_strike_disruption"": 0.018363, ""maritime_security_navigation_disruption"": 0.049691}"
5231,"[""maritime_security_navigation_disruption""]","{""weather_disruption"": 0.087087, ""natural_disaster"": 0.227175, ""port_operational_disruption"": 0.071543, ""port_closure"": 0.032656, ""labor_strike_disruption"": 0.127203, ""maritime_security_navigation_disruption"": 0.792232}"
4173,"[""weather_disruption""]","{""weather_disruption"": 0.977333, ""natural_disaster"": 0.014706, ""port_operational_disruption"": 0.203327, ""port_closure"": 0.17739, ""labor_strike_disruption"": 0.011702, ""maritime_security_navigation_disruption"": 0.32041}"
389,"[""weather_disruption""]","{""weather_disruption"": 0.95385, ""natural_disaster"": 0.144513, ""port_operational_disruption"": 0.067364, ""port_closure"": 0.196209, ""labor_strike_disruption"": 0.067312, ""maritime_security_navigation_disruption"": 0.098864}"
1356,"[""weather_disruption""]","{""weather_disruption"": 0.973146, ""natural_disaster"": 0.292922, ""port_operational_disruption"": 0.095444, ""port_closure"": 0.109618, ""labor_strike_disruption"": 0.011, ""maritime_security_navigation_disruption"": 0.050138}"
4788,"[""weather_disruption"", ""maritime_security_navigation_disruption""]","{""weather_disruption"": 0.748227, ""natural_disaster"": 0.011555, ""port_operational_disruption"": 0.516944, ""port_closure"": 0.393361, ""labor_strike_disruption"": 0.037581, ""maritime_security_navigation_disruption"": 0.802979}"
832,"[""port_operational_disruption""]","{""weather_disruption"": 0.154945, ""natural_disaster"": 0.007487, ""port_operational_disruption"": 0.943724, ""port_closure"": 0.06204, ""labor_strike_disruption"": 0.051216, ""maritime_security_navigation_disruption"": 0.172456}"
18,"[""weather_disruption""]","{""weather_disruption"": 0.969564, ""natural_disaster"": 0.074751, ""port_operational_disruption"": 0.205493, ""port_closure"": 0.052688, ""labor_strike_disruption"": 0.028157, ""maritime_security_navigation_disruption"": 0.091013}"
3709,"[""weather_disruption"", ""port_closure""]","{""weather_disruption"": 0.922003, ""natural_disaster"": 0.007178, ""port_operational_disruption"": 0.547764, ""port_closure"": 0.929133, ""labor_strike_disruption"": 0.026245, ""maritime_security_navigation_disruption"": 0.125956}"
4471,"[""port_operational_disruption""]","{""weather_disruption"": 0.48373, ""natural_disaster"": 0.02633, ""port_operational_disruption"": 0.643002, ""port_closure"": 0.60768, ""labor_strike_disruption"": 0.073416, ""maritime_security_navigation_disruption"": 0.310175}"
3985,"[""maritime_security_navigation_disruption""]","{""weather_disruption"": 0.085827, ""natural_disaster"": 0.003227, ""port_operational_disruption"": 0.23408, ""port_closure"": 0.231962, ""labor_strike_disruption"": 0.073057, ""maritime_security_navigation_disruption"": 0.969363}"
4134,"[""port_operational_disruption"", ""maritime_security_navigation_disruption""]","{""weather_disruption"": 0.211244, ""natural_disaster"": 0.005252, ""port_operational_disruption"": 0.937974, ""port_closure"": 0.33076, ""labor_strike_disruption"": 0.016278, ""maritime_security_navigation_disruption"": 0.715344}"
1929,"[""weather_disruption"", ""port_operational_disruption"", ""port_closure""]","{""weather_disruption"": 0.939932, ""natural_disaster"": 0.01338, ""port_operational_disruption"": 0.579974, ""port_closure"": 0.935674, ""labor_strike_disruption"": 0.069326, ""maritime_security_navigation_disruption"": 0.144953}"
1739,"[""weather_disruption"", ""port_closure""]","{""weather_disruption"": 0.656134, ""natural_disaster"": 0.013538, ""port_operational_disruption"": 0.410431, ""port_closure"": 0.875545, ""labor_strike_disruption"": 0.058481, ""maritime_security_navigation_disruption"": 0.505887}"
787,"[""labor_strike_disruption""]","{""weather_disruption"": 0.006294, ""natural_disaster"": 0.039695, ""port_operational_disruption"": 0.093401, ""port_closure"": 0.007525, ""labor_strike_disruption"": 0.991433, ""maritime_security_navigation_disruption"": 0.094655}"
5334,"[""port_operational_disruption""]","{""weather_disruption"": 0.130517, ""natural_disaster"": 0.005104, ""port_operational_disruption"": 0.969853, ""port_closure"": 0.249434, ""labor_strike_disruption"": 0.099066, ""maritime_security_navigation_disruption"": 0.088256}"
2368,"[""weather_disruption"", ""port_closure""]","{""weather_disruption"": 0.92396, ""natural_disaster"": 0.007523, ""port_operational_disruption"": 0.425677, ""port_closure"": 0.95136, ""labor_strike_disruption"": 0.020129, ""maritime_security_navigation_disruption"": 0.152174}"
2931,"[""port_operational_disruption""]","{""weather_disruption"": 0.122232, ""natural_disaster"": 0.004767, ""port_operational_disruption"": 0.9832, ""port_closure"": 0.083464, ""labor_strike_disruption"": 0.029249, ""maritime_security_navigation_disruption"": 0.07697}"
2649,"[""weather_disruption"", ""port_operational_disruption"", ""port_closure""]","{""weather_disruption"": 0.878956, ""natural_disaster"": 0.006061, ""port_operational_disruption"": 0.63549, ""port_closure"": 0.959142, ""labor_strike_disruption"": 0.031849, ""maritime_security_navigation_disruption"": 0.194229}"
2877,"[""weather_disruption"", ""port_closure""]","{""weather_disruption"": 0.889975, ""natural_disaster"": 0.013709, ""port_operational_disruption"": 0.247299, ""port_closure"": 0.952722, ""labor_strike_disruption"": 0.030457, ""maritime_security_navigation_disruption"": 0.086323}"
5092,"[""weather_disruption"", ""port_closure""]","{""weather_disruption"": 0.94312, ""natural_disaster"": 0.007568, ""port_operational_disruption"": 0.241811, ""port_closure"": 0.762548, ""labor_strike_disruption"": 0.157928, ""maritime_security_navigation_disruption"": 0.135289}"
2681,"[""weather_disruption"", ""port_operational_disruption"", ""port_closure""]","{""weather_disruption"": 0.963013, ""natural_disaster"": 0.025986, ""port_operational_disruption"": 0.633281, ""port_closure"": 0.843928, ""labor_strike_disruption"": 0.081501, ""maritime_security_navigation_disruption"": 0.047407}"
3199,"[""port_operational_disruption""]","{""weather_disruption"": 0.073184, ""natural_disaster"": 0.006058, ""port_operational_disruption"": 0.961196, ""port_closure"": 0.124665, ""labor_strike_disruption"": 0.012541, ""maritime_security_navigation_disruption"": 0.126082}"
3280,"[""weather_disruption"", ""port_operational_disruption""]","{""weather_disruption"": 0.76893, ""natural_disaster"": 0.037358, ""port_operational_disruption"": 0.664529, ""port_closure"": 0.021314, ""labor_strike_disruption"": 0.162018, ""maritime_security_navigation_disruption"": 0.093603}"
1612,"[""weather_disruption""]","{""weather_disruption"": 0.946133, ""natural_disaster"": 0.073025, ""port_operational_disruption"": 0.02277, ""port_closure"": 0.043891, ""labor_strike_disruption"": 0.068361, ""maritime_security_navigation_disruption"": 0.13652}"
1040,"[""natural_disaster""]","{""weather_disruption"": 0.097411, ""natural_disaster"": 0.993388, ""port_operational_disruption"": 0.017589, ""port_closure"": 0.008715, ""labor_strike_disruption"": 0.078304, ""maritime_security_navigation_disruption"": 0.064321}"
1791,"[""weather_disruption""]","{""weather_disruption"": 0.98816, ""natural_disaster"": 0.164505, ""port_operational_disruption"": 0.069221, ""port_closure"": 0.092136, ""labor_strike_disruption"": 0.028781, ""maritime_security_navigation_disruption"": 0.041242}"
912,"[""labor_strike_disruption""]","{""weather_disruption"": 0.009478, ""natural_disaster"": 0.00292, ""port_operational_disruption"": 0.418744, ""port_closure"": 0.023715, ""labor_strike_disruption"": 0.991812, ""maritime_security_navigation_disruption"": 0.114152}"
3160,"[""maritime_security_navigation_disruption""]","{""weather_disruption"": 0.094712, ""natural_disaster"": 0.003533, ""port_operational_disruption"": 0.142691, ""port_closure"": 0.315144, ""labor_strike_disruption"": 0.091484, ""maritime_security_navigation_disruption"": 0.973186}"
3288,"[""weather_disruption"", ""port_operational_disruption"", ""port_closure""]","{""weather_disruption"": 0.922739, ""natural_disaster"": 0.003747, ""port_operational_disruption"": 0.780348, ""port_closure"": 0.845969, ""labor_strike_disruption"": 0.085641, ""maritime_security_navigation_disruption"": 0.155736}"
4272,"[""maritime_security_navigation_disruption""]","{""weather_disruption"": 0.050399, ""natural_disaster"": 0.218054, ""port_operational_disruption"": 0.059479, ""port_closure"": 0.036477, ""labor_strike_disruption"": 0.229639, ""maritime_security_navigation_disruption"": 0.876411}"
86,"[""weather_disruption"", ""port_operational_disruption""]","{""weather_disruption"": 0.977856, ""natural_disaster"": 0.031974, ""port_operational_disruption"": 0.67389, ""port_closure"": 0.538847, ""labor_strike_disruption"": 0.009335, ""maritime_security_navigation_disruption"": 0.403785}"
855,"[""weather_disruption"", ""port_operational_disruption""]","{""weather_disruption"": 0.964564, ""natural_disaster"": 0.053625, ""port_operational_disruption"": 0.643684, ""port_closure"": 0.671504, ""labor_strike_disruption"": 0.018861, ""maritime_security_navigation_disruption"": 0.512779}"
3138,"[""maritime_security_navigation_disruption""]","{""weather_disruption"": 0.103868, ""natural_disaster"": 0.012341, ""port_operational_disruption"": 0.520504, ""port_closure"": 0.120929, ""labor_strike_disruption"": 0.411901, ""maritime_security_navigation_disruption"": 0.811892}"
5692,"[""weather_disruption""]","{""weather_disruption"": 0.991188, ""natural_disaster"": 0.13192, ""port_operational_disruption"": 0.063112, ""port_closure"": 0.140551, ""labor_strike_disruption"": 0.009601, ""maritime_security_navigation_disruption"": 0.065772}"
3224,"[""port_operational_disruption""]","{""weather_disruption"": 0.122818, ""natural_disaster"": 0.006052, ""port_operational_disruption"": 0.970301, ""port_closure"": 0.172164, ""labor_strike_disruption"": 0.034517, ""maritime_security_navigation_disruption"": 0.024756}"
5357,"[""weather_disruption"", ""port_closure""]","{""weather_disruption"": 0.963139, ""natural_disaster"": 0.024337, ""port_operational_disruption"": 0.27375, ""port_closure"": 0.951125, ""labor_strike_disruption"": 0.016999, ""maritime_security_navigation_disruption"": 0.290723}"
214,"[""labor_strike_disruption""]","{""weather_disruption"": 0.006565, ""natural_disaster"": 0.003676, ""port_operational_disruption"": 0.529296, ""port_closure"": 0.024769, ""labor_strike_disruption"": 0.969927, ""maritime_security_navigation_disruption"": 0.420712}"
2719,"[""weather_disruption"", ""port_operational_disruption""]","{""weather_disruption"": 0.721512, ""natural_disaster"": 0.017971, ""port_operational_disruption"": 0.899464, ""port_closure"": 0.17658, ""labor_strike_disruption"": 0.024711, ""maritime_security_navigation_disruption"": 0.232589}"
3964,"[""weather_disruption"", ""port_closure""]","{""weather_disruption"": 0.535811, ""natural_disaster"": 0.027889, ""port_operational_disruption"": 0.149951, ""port_closure"": 0.93929, ""labor_strike_disruption"": 0.070101, ""maritime_security_navigation_disruption"": 0.249076}"
5141,"[""weather_disruption""]","{""weather_disruption"": 0.965403, ""natural_disaster"": 0.137061, ""port_operational_disruption"": 0.069732, ""port_closure"": 0.022895, ""labor_strike_disruption"": 0.018894, ""maritime_security_navigation_disruption"": 0.207813}"
1615,"[""weather_disruption"", ""port_operational_disruption"", ""port_closure""]","{""weather_disruption"": 0.925919, ""natural_disaster"": 0.006652, ""port_operational_disruption"": 0.604836, ""port_closure"": 0.947984, ""labor_strike_disruption"": 0.01544, ""maritime_security_navigation_disruption"": 0.181111}"
1636,"[""port_operational_disruption""]","{""weather_disruption"": 0.172418, ""natural_disaster"": 0.003051, ""port_operational_disruption"": 0.970354, ""port_closure"": 0.144137, ""labor_strike_disruption"": 0.126828, ""maritime_security_navigation_disruption"": 0.131618}"
4194,"[""weather_disruption"", ""port_operational_disruption""]","{""weather_disruption"": 0.989495, ""natural_disaster"": 0.008904, ""port_operational_disruption"": 0.759952, ""port_closure"": 0.507669, ""labor_strike_disruption"": 0.005695, ""maritime_security_navigation_disruption"": 0.038127}"
2363,"[""weather_disruption"", ""port_operational_disruption""]","{""weather_disruption"": 0.957174, ""natural_disaster"": 0.007933, ""port_operational_disruption"": 0.931329, ""port_closure"": 0.177889, ""labor_strike_disruption"": 0.016769, ""maritime_security_navigation_disruption"": 0.034384}"
2801,"[""labor_strike_disruption""]","{""weather_disruption"": 0.009001, ""natural_disaster"": 0.013924, ""port_operational_disruption"": 0.387234, ""port_closure"": 0.064022, ""labor_strike_disruption"": 0.938848, ""maritime_security_navigation_disruption"": 0.273422}"
2844,"[""labor_strike_disruption""]","{""weather_disruption"": 0.010447, ""natural_disaster"": 0.00862, ""port_operational_disruption"": 0.374564, ""port_closure"": 0.116558, ""labor_strike_disruption"": 0.920633, ""maritime_security_navigation_disruption"": 0.275799}"
5701,"[""port_operational_disruption""]","{""weather_disruption"": 0.060772, ""natural_disaster"": 0.018212, ""port_operational_disruption"": 0.892466, ""port_closure"": 0.130414, ""labor_strike_disruption"": 0.047759, ""maritime_security_navigation_disruption"": 0.036306}"
733,"[""weather_disruption""]","{""weather_disruption"": 0.953415, ""natural_disaster"": 0.157938, ""port_operational_disruption"": 0.162198, ""port_closure"": 0.02609, ""labor_strike_disruption"": 0.083523, ""maritime_security_navigation_disruption"": 0.11345}"
3726,"[""weather_disruption""]","{""weather_disruption"": 0.504248, ""natural_disaster"": 0.05742, ""port_operational_disruption"": 0.419417, ""port_closure"": 0.201882, ""labor_strike_disruption"": 0.019857, ""maritime_security_navigation_disruption"": 0.534718}"
5722,"[""maritime_security_navigation_disruption""]","{""weather_disruption"": 0.245268, ""natural_disaster"": 0.011576, ""port_operational_disruption"": 0.45348, ""port_closure"": 0.341817, ""labor_strike_disruption"": 0.074949, ""maritime_security_navigation_disruption"": 0.767649}"
5331,"[""port_operational_disruption""]","{""weather_disruption"": 0.144488, ""natural_disaster"": 0.006373, ""port_operational_disruption"": 0.966062, ""port_closure"": 0.235389, ""labor_strike_disruption"": 0.014556, ""maritime_security_navigation_disruption"": 0.103303}"
2836,"[""port_operational_disruption""]","{""weather_disruption"": 0.265529, ""natural_disaster"": 0.003129, ""port_operational_disruption"": 0.94163, ""port_closure"": 0.316814, ""labor_strike_disruption"": 0.039309, ""maritime_security_navigation_disruption"": 0.205572}"
671,"[""port_operational_disruption""]","{""weather_disruption"": 0.274539, ""natural_disaster"": 0.01187, ""port_operational_disruption"": 0.587866, ""port_closure"": 0.383509, ""labor_strike_disruption"": 0.195767, ""maritime_security_navigation_disruption"": 0.567441}"
4757,"[""port_operational_disruption""]","{""weather_disruption"": 0.149962, ""natural_disaster"": 0.023998, ""port_operational_disruption"": 0.925896, ""port_closure"": 0.139518, ""labor_strike_disruption"": 0.101877, ""maritime_security_navigation_disruption"": 0.029804}"
84,"[""weather_disruption"", ""port_operational_disruption""]","{""weather_disruption"": 0.922508, ""natural_disaster"": 0.017528, ""port_operational_disruption"": 0.911043, ""port_closure"": 0.197517, ""labor_strike_disruption"": 0.01754, ""maritime_security_navigation_disruption"": 0.125608}"
3030,"[""port_operational_disruption""]","{""weather_disruption"": 0.128712, ""natural_disaster"": 0.01066, ""port_operational_disruption"": 0.830335, ""port_closure"": 0.181658, ""labor_strike_disruption"": 0.086591, ""maritime_security_navigation_disruption"": 0.468685}"
1437,"[""port_operational_disruption""]","{""weather_disruption"": 0.148549, ""natural_disaster"": 0.02765, ""port_operational_disruption"": 0.966006, ""port_closure"": 0.092874, ""labor_strike_disruption"": 0.043085, ""maritime_security_navigation_disruption"": 0.063218}"
4657,"[""maritime_security_navigation_disruption""]","{""weather_disruption"": 0.201888, ""natural_disaster"": 0.043605, ""port_operational_disruption"": 0.538524, ""port_closure"": 0.165434, ""labor_strike_disruption"": 0.010998, ""maritime_security_navigation_disruption"": 0.917699}"
2947,"[""port_operational_disruption""]","{""weather_disruption"": 0.277665, ""natural_disaster"": 0.031851, ""port_operational_disruption"": 0.893577, ""port_closure"": 0.051949, ""labor_strike_disruption"": 0.053089, ""maritime_security_navigation_disruption"": 0.029324}"
4792,"[""weather_disruption"", ""port_closure""]","{""weather_disruption"": 0.810906, ""natural_disaster"": 0.017439, ""port_operational_disruption"": 0.276761, ""port_closure"": 0.898144, ""labor_strike_disruption"": 0.01087, ""maritime_security_navigation_disruption"": 0.484429}"
1219,"[""labor_strike_disruption""]","{""weather_disruption"": 0.058018, ""natural_disaster"": 0.016116, ""port_operational_disruption"": 0.02341, ""port_closure"": 0.014554, ""labor_strike_disruption"": 0.995037, ""maritime_security_navigation_disruption"": 0.045308}"
3368,"[""port_operational_disruption"", ""maritime_security_navigation_disruption""]","{""weather_disruption"": 0.226935, ""natural_disaster"": 0.016772, ""port_operational_disruption"": 0.695399, ""port_closure"": 0.188972, ""labor_strike_disruption"": 0.035578, ""maritime_security_navigation_disruption"": 0.6575}"
4213,"[""weather_disruption"", ""port_operational_disruption"", ""port_closure""]","{""weather_disruption"": 0.986123, ""natural_disaster"": 0.009291, ""port_operational_disruption"": 0.834239, ""port_closure"": 0.766906, ""labor_strike_disruption"": 0.003676, ""maritime_security_navigation_disruption"": 0.034441}"
1579,"[""weather_disruption""]","{""weather_disruption"": 0.913571, ""natural_disaster"": 0.150217, ""port_operational_disruption"": 0.215932, ""port_closure"": 0.315948, ""labor_strike_disruption"": 0.105862, ""maritime_security_navigation_disruption"": 0.116067}"
5010,"[""weather_disruption""]","{""weather_disruption"": 0.755209, ""natural_disaster"": 0.043775, ""port_operational_disruption"": 0.397142, ""port_closure"": 0.200203, ""labor_strike_disruption"": 0.032439, ""maritime_security_navigation_disruption"": 0.589567}"
1044,"[""natural_disaster""]","{""weather_disruption"": 0.355769, ""natural_disaster"": 0.974659, ""port_operational_disruption"": 0.01154, ""port_closure"": 0.031915, ""labor_strike_disruption"": 0.12022, ""maritime_security_navigation_disruption"": 0.099176}"
2133,"[""weather_disruption"", ""maritime_security_navigation_disruption""]","{""weather_disruption"": 0.75586, ""natural_disaster"": 0.028888, ""port_operational_disruption"": 0.084015, ""port_closure"": 0.043345, ""labor_strike_disruption"": 0.126512, ""maritime_security_navigation_disruption"": 0.67759}"
1643,"[""labor_strike_disruption""]","{""weather_disruption"": 0.024649, ""natural_disaster"": 0.016339, ""port_operational_disruption"": 0.020269, ""port_closure"": 0.01833, ""labor_strike_disruption"": 0.937234, ""maritime_security_navigation_disruption"": 0.254766}"
647,"[""labor_strike_disruption""]","{""weather_disruption"": 0.018834, ""natural_disaster"": 0.018729, ""port_operational_disruption"": 0.048374, ""port_closure"": 0.002011, ""labor_strike_disruption"": 0.991984, ""maritime_security_navigation_disruption"": 0.016791}"
2346,"[""weather_disruption"", ""port_operational_disruption""]","{""weather_disruption"": 0.988217, ""natural_disaster"": 0.018714, ""port_operational_disruption"": 0.902062, ""port_closure"": 0.420258, ""labor_strike_disruption"": 0.009502, ""maritime_security_navigation_disruption"": 0.068447}"
2556,"[""labor_strike_disruption""]","{""weather_disruption"": 0.003441, ""natural_disaster"": 0.118141, ""port_operational_disruption"": 0.007366, ""port_closure"": 0.013457, ""labor_strike_disruption"": 0.998964, ""maritime_security_navigation_disruption"": 0.122005}"
4916,"[""labor_strike_disruption""]","{""weather_disruption"": 0.005857, ""natural_disaster"": 0.004218, ""port_operational_disruption"": 0.376386, ""port_closure"": 0.046854, ""labor_strike_disruption"": 0.992441, ""maritime_security_navigation_disruption"": 0.341182}"
3965,"[""weather_disruption"", ""port_closure""]","{""weather_disruption"": 0.73922, ""natural_disaster"": 0.01942, ""port_operational_disruption"": 0.160537, ""port_closure"": 0.957706, ""labor_strike_disruption"": 0.008254, ""maritime_security_navigation_disruption"": 0.273201}"
14,"[""weather_disruption""]","{""weather_disruption"": 0.956525, ""natural_disaster"": 0.208388, ""port_operational_disruption"": 0.020995, ""port_closure"": 0.075914, ""labor_strike_disruption"": 0.068233, ""maritime_security_navigation_disruption"": 0.042871}"
1864,"[""labor_strike_disruption""]","{""weather_disruption"": 0.058965, ""natural_disaster"": 0.005304, ""port_operational_disruption"": 0.041047, ""port_closure"": 0.003013, ""labor_strike_disruption"": 0.995653, ""maritime_security_navigation_disruption"": 0.012352}"
3658,"[""maritime_security_navigation_disruption""]","{""weather_disruption"": 0.008726, ""natural_disaster"": 0.088214, ""port_operational_disruption"": 0.442578, ""port_closure"": 0.020545, ""labor_strike_disruption"": 0.19316, ""maritime_security_navigation_disruption"": 0.7841}"
2507,"[""labor_strike_disruption""]","{""weather_disruption"": 0.008894, ""natural_disaster"": 0.041953, ""port_operational_disruption"": 0.053527, ""port_closure"": 0.007139, ""labor_strike_disruption"": 0.994493, ""maritime_security_navigation_disruption"": 0.050611}"
3818,"[""labor_strike_disruption""]","{""weather_disruption"": 0.003542, ""natural_disaster"": 0.021872, ""port_operational_disruption"": 0.015998, ""port_closure"": 0.014499, ""labor_strike_disruption"": 0.997615, ""maritime_security_navigation_disruption"": 0.096939}"
5286,"[""port_operational_disruption""]","{""weather_disruption"": 0.095018, ""natural_disaster"": 0.006747, ""port_operational_disruption"": 0.864906, ""port_closure"": 0.091511, ""labor_strike_disruption"": 0.073305, ""maritime_security_navigation_disruption"": 0.181184}"
2945,"[""labor_strike_disruption""]","{""weather_disruption"": 0.028208, ""natural_disaster"": 0.020703, ""port_operational_disruption"": 0.023837, ""port_closure"": 0.011901, ""labor_strike_disruption"": 0.988746, ""maritime_security_navigation_disruption"": 0.148933}"
2858,"[""port_operational_disruption""]","{""weather_disruption"": 0.046654, ""natural_disaster"": 0.008212, ""port_operational_disruption"": 0.812681, ""port_closure"": 0.102278, ""labor_strike_disruption"": 0.113319, ""maritime_security_navigation_disruption"": 0.622306}"
4281,"[""maritime_security_navigation_disruption""]","{""weather_disruption"": 0.022094, ""natural_disaster"": 0.017162, ""port_operational_disruption"": 0.078918, ""port_closure"": 0.027187, ""labor_strike_disruption"": 0.173605, ""maritime_security_navigation_disruption"": 0.99246}"
3630,"[""weather_disruption"", ""port_operational_disruption"", ""port_closure""]","{""weather_disruption"": 0.98896, ""natural_disaster"": 0.008175, ""port_operational_disruption"": 0.816782, ""port_closure"": 0.79812, ""labor_strike_disruption"": 0.006498, ""maritime_security_navigation_disruption"": 0.082841}"
1212,"[""weather_disruption"", ""port_operational_disruption""]","{""weather_disruption"": 0.976386, ""natural_disaster"": 0.006107, ""port_operational_disruption"": 0.656011, ""port_closure"": 0.625174, ""labor_strike_disruption"": 0.026205, ""maritime_security_navigation_disruption"": 0.219546}"
333,"[""labor_strike_disruption""]","{""weather_disruption"": 0.089189, ""natural_disaster"": 0.019323, ""port_operational_disruption"": 0.057962, ""port_closure"": 0.028792, ""labor_strike_disruption"": 0.852225, ""maritime_security_navigation_disruption"": 0.145256}"
4081,"[""port_operational_disruption""]","{""weather_disruption"": 0.117347, ""natural_disaster"": 0.007161, ""port_operational_disruption"": 0.862174, ""port_closure"": 0.22249, ""labor_strike_disruption"": 0.034611, ""maritime_security_navigation_disruption"": 0.304934}"
5768,"[""weather_disruption""]","{""weather_disruption"": 0.978679, ""natural_disaster"": 0.1282, ""port_operational_disruption"": 0.048851, ""port_closure"": 0.086375, ""labor_strike_disruption"": 0.002738, ""maritime_security_navigation_disruption"": 0.196962}"
1079,"[""maritime_security_navigation_disruption""]","{""weather_disruption"": 0.07773, ""natural_disaster"": 0.023677, ""port_operational_disruption"": 0.392209, ""port_closure"": 0.662914, ""labor_strike_disruption"": 0.171664, ""maritime_security_navigation_disruption"": 0.667554}"
4853,"[""maritime_security_navigation_disruption""]","{""weather_disruption"": 0.292264, ""natural_disaster"": 0.031395, ""port_operational_disruption"": 0.533757, ""port_closure"": 0.275437, ""labor_strike_disruption"": 0.110851, ""maritime_security_navigation_disruption"": 0.716068}"
1619,"[""weather_disruption"", ""port_operational_disruption""]","{""weather_disruption"": 0.634512, ""natural_disaster"": 0.013435, ""port_operational_disruption"": 0.894558, ""port_closure"": 0.108961, ""labor_strike_disruption"": 0.058911, ""maritime_security_navigation_disruption"": 0.196367}"
3853,"[""labor_strike_disruption""]","{""weather_disruption"": 0.009523, ""natural_disaster"": 0.014675, ""port_operational_disruption"": 0.052545, ""port_closure"": 0.008098, ""labor_strike_disruption"": 0.991723, ""maritime_security_navigation_disruption"": 0.026696}"
738,"[""weather_disruption""]","{""weather_disruption"": 0.991244, ""natural_disaster"": 0.053019, ""port_operational_disruption"": 0.184746, ""port_closure"": 0.130085, ""labor_strike_disruption"": 0.024416, ""maritime_security_navigation_disruption"": 0.049131}"
4881,"[""port_operational_disruption""]","{""weather_disruption"": 0.059257, ""natural_disaster"": 0.003662, ""port_operational_disruption"": 0.975312, ""port_closure"": 0.051479, ""labor_strike_disruption"": 0.033807, ""maritime_security_navigation_disruption"": 0.039658}"
2072,"[""port_operational_disruption""]","{""weather_disruption"": 0.085427, ""natural_disaster"": 0.006938, ""port_operational_disruption"": 0.954662, ""port_closure"": 0.043253, ""labor_strike_disruption"": 0.134807, ""maritime_security_navigation_disruption"": 0.256284}"
5385,"[""labor_strike_disruption""]","{""weather_disruption"": 0.018894, ""natural_disaster"": 0.01762, ""port_operational_disruption"": 0.05114, ""port_closure"": 0.003182, ""labor_strike_disruption"": 0.994902, ""maritime_security_navigation_disruption"": 0.012666}"
183,"[""port_operational_disruption"", ""maritime_security_navigation_disruption""]","{""weather_disruption"": 0.025154, ""natural_disaster"": 0.012619, ""port_operational_disruption"": 0.680234, ""port_closure"": 0.020682, ""labor_strike_disruption"": 0.038909, ""maritime_security_navigation_disruption"": 0.870046}"
4607,"[""weather_disruption""]","{""weather_disruption"": 0.947487, ""natural_disaster"": 0.072053, ""port_operational_disruption"": 0.114624, ""port_closure"": 0.195076, ""labor_strike_disruption"": 0.010267, ""maritime_security_navigation_disruption"": 0.529828}"
3121,"[""port_operational_disruption""]","{""weather_disruption"": 0.036498, ""natural_disaster"": 0.006393, ""port_operational_disruption"": 0.934607, ""port_closure"": 0.09788, ""labor_strike_disruption"": 0.136985, ""maritime_security_navigation_disruption"": 0.080477}"
38,"[""labor_strike_disruption""]","{""weather_disruption"": 0.020523, ""natural_disaster"": 0.001719, ""port_operational_disruption"": 0.100335, ""port_closure"": 0.012771, ""labor_strike_disruption"": 0.990487, ""maritime_security_navigation_disruption"": 0.218259}"
2134,"[""labor_strike_disruption""]","{""weather_disruption"": 0.044092, ""natural_disaster"": 0.031343, ""port_operational_disruption"": 0.09915, ""port_closure"": 0.01107, ""labor_strike_disruption"": 0.993951, ""maritime_security_navigation_disruption"": 0.028979}"
1427,"[""weather_disruption""]","{""weather_disruption"": 0.982666, ""natural_disaster"": 0.414048, ""port_operational_disruption"": 0.05313, ""port_closure"": 0.105743, ""labor_strike_disruption"": 0.004249, ""maritime_security_navigation_disruption"": 0.04666}"
1658,"[""labor_strike_disruption""]","{""weather_disruption"": 0.017625, ""natural_disaster"": 0.010158, ""port_operational_disruption"": 0.014567, ""port_closure"": 0.01077, ""labor_strike_disruption"": 0.991505, ""maritime_security_navigation_disruption"": 0.095296}"
1668,"[""labor_strike_disruption""]","{""weather_disruption"": 0.010147, ""natural_disaster"": 0.001965, ""port_operational_disruption"": 0.257354, ""port_closure"": 0.031626, ""labor_strike_disruption"": 0.983111, ""maritime_security_navigation_disruption"": 0.548382}"
1387,"[""port_operational_disruption""]","{""weather_disruption"": 0.129231, ""natural_disaster"": 0.003869, ""port_operational_disruption"": 0.984576, ""port_closure"": 0.085537, ""labor_strike_disruption"": 0.028026, ""maritime_security_navigation_disruption"": 0.045961}"
4142,"[""maritime_security_navigation_disruption""]","{""weather_disruption"": 0.011279, ""natural_disaster"": 0.004816, ""port_operational_disruption"": 0.11368, ""port_closure"": 0.021169, ""labor_strike_disruption"": 0.266886, ""maritime_security_navigation_disruption"": 0.965512}"
541,"[""port_operational_disruption"", ""maritime_security_navigation_disruption""]","{""weather_disruption"": 0.241096, ""natural_disaster"": 0.014276, ""port_operational_disruption"": 0.627181, ""port_closure"": 0.133389, ""labor_strike_disruption"": 0.054044, ""maritime_security_navigation_disruption"": 0.904173}"
2674,"[""weather_disruption"", ""port_closure""]","{""weather_disruption"": 0.955184, ""natural_disaster"": 0.011716, ""port_operational_disruption"": 0.439004, ""port_closure"": 0.966262, ""labor_strike_disruption"": 0.03437, ""maritime_security_navigation_disruption"": 0.099187}"
4717,"[""port_operational_disruption""]","{""weather_disruption"": 0.090348, ""natural_disaster"": 0.004301, ""port_operational_disruption"": 0.955664, ""port_closure"": 0.240726, ""labor_strike_disruption"": 0.048755, ""maritime_security_navigation_disruption"": 0.045349}"
1201,"[""port_operational_disruption""]","{""weather_disruption"": 0.086964, ""natural_disaster"": 0.005202, ""port_operational_disruption"": 0.967027, ""port_closure"": 0.068993, ""labor_strike_disruption"": 0.079142, ""maritime_security_navigation_disruption"": 0.060398}"
3595,"[""maritime_security_navigation_disruption""]","{""weather_disruption"": 0.088352, ""natural_disaster"": 0.0143, ""port_operational_disruption"": 0.248422, ""port_closure"": 0.082119, ""labor_strike_disruption"": 0.048038, ""maritime_security_navigation_disruption"": 0.867373}"
4721,"[""port_operational_disruption""]","{""weather_disruption"": 0.05376, ""natural_disaster"": 0.013849, ""port_operational_disruption"": 0.951737, ""port_closure"": 0.063644, ""labor_strike_disruption"": 0.057956, ""maritime_security_navigation_disruption"": 0.462834}"
4759,"[""port_operational_disruption""]","{""weather_disruption"": 0.096244, ""natural_disaster"": 0.01725, ""port_operational_disruption"": 0.921417, ""port_closure"": 0.088067, ""labor_strike_disruption"": 0.042217, ""maritime_security_navigation_disruption"": 0.045291}"
3540,"[""port_operational_disruption"", ""maritime_security_navigation_disruption""]","{""weather_disruption"": 0.046928, ""natural_disaster"": 0.004122, ""port_operational_disruption"": 0.885085, ""port_closure"": 0.20749, ""labor_strike_disruption"": 0.041177, ""maritime_security_navigation_disruption"": 0.754305}"
248,"[""labor_strike_disruption""]","{""weather_disruption"": 0.009671, ""natural_disaster"": 0.053512, ""port_operational_disruption"": 0.067316, ""port_closure"": 0.002306, ""labor_strike_disruption"": 0.992764, ""maritime_security_navigation_disruption"": 0.066862}"
820,"[""port_operational_disruption""]","{""weather_disruption"": 0.055932, ""natural_disaster"": 0.005489, ""port_operational_disruption"": 0.974551, ""port_closure"": 0.081007, ""labor_strike_disruption"": 0.056855, ""maritime_security_navigation_disruption"": 0.034457}"
1696,"[""labor_strike_disruption""]","{""weather_disruption"": 0.110599, ""natural_disaster"": 0.020485, ""port_operational_disruption"": 0.011553, ""port_closure"": 0.008025, ""labor_strike_disruption"": 0.969492, ""maritime_security_navigation_disruption"": 0.074631}"
1666,"[""labor_strike_disruption""]","{""weather_disruption"": 0.042617, ""natural_disaster"": 0.030015, ""port_operational_disruption"": 0.054823, ""port_closure"": 0.019831, ""labor_strike_disruption"": 0.888519, ""maritime_security_navigation_disruption"": 0.227594}"
1872,"[""port_operational_disruption""]","{""weather_disruption"": 0.203317, ""natural_disaster"": 0.026213, ""port_operational_disruption"": 0.906549, ""port_closure"": 0.064026, ""labor_strike_disruption"": 0.123326, ""maritime_security_navigation_disruption"": 0.125449}"
569,"[""labor_strike_disruption""]","{""weather_disruption"": 0.00577, ""natural_disaster"": 0.044108, ""port_operational_disruption"": 0.176633, ""port_closure"": 0.011921, ""labor_strike_disruption"": 0.986064, ""maritime_security_navigation_disruption"": 0.368263}"
828,"[""weather_disruption"", ""port_operational_disruption""]","{""weather_disruption"": 0.558541, ""natural_disaster"": 0.003735, ""port_operational_disruption"": 0.975668, ""port_closure"": 0.389451, ""labor_strike_disruption"": 0.017889, ""maritime_security_navigation_disruption"": 0.074638}"
418,"[""maritime_security_navigation_disruption""]","{""weather_disruption"": 0.457437, ""natural_disaster"": 0.051009, ""port_operational_disruption"": 0.507664, ""port_closure"": 0.264725, ""labor_strike_disruption"": 0.056054, ""maritime_security_navigation_disruption"": 0.870467}"
1688,"[""port_operational_disruption""]","{""weather_disruption"": 0.107801, ""natural_disaster"": 0.005272, ""port_operational_disruption"": 0.96652, ""port_closure"": 0.042115, ""labor_strike_disruption"": 0.052065, ""maritime_security_navigation_disruption"": 0.200349}"
5575,"[""natural_disaster""]","{""weather_disruption"": 0.109375, ""natural_disaster"": 0.990521, ""port_operational_disruption"": 0.015433, ""port_closure"": 0.002872, ""labor_strike_disruption"": 0.063432, ""maritime_security_navigation_disruption"": 0.16588}"
2595,"[""labor_strike_disruption""]","{""weather_disruption"": 0.060704, ""natural_disaster"": 0.008614, ""port_operational_disruption"": 0.085875, ""port_closure"": 0.07669, ""labor_strike_disruption"": 0.986847, ""maritime_security_navigation_disruption"": 0.121437}"
4035,[],"{""weather_disruption"": 0.209178, ""natural_disaster"": 0.136236, ""port_operational_disruption"": 0.18087, ""port_closure"": 0.014747, ""labor_strike_disruption"": 0.399456, ""maritime_security_navigation_disruption"": 0.237711}"
5232,"[""labor_strike_disruption""]","{""weather_disruption"": 0.021108, ""natural_disaster"": 0.037571, ""port_operational_disruption"": 0.013932, ""port_closure"": 0.017188, ""labor_strike_disruption"": 0.97838, ""maritime_security_navigation_disruption"": 0.486713}"
4674,"[""weather_disruption"", ""port_operational_disruption"", ""maritime_security_navigation_disruption""]","{""weather_disruption"": 0.876557, ""natural_disaster"": 0.004481, ""port_operational_disruption"": 0.609669, ""port_closure"": 0.680886, ""labor_strike_disruption"": 0.03297, ""maritime_security_navigation_disruption"": 0.660092}"
2777,"[""port_operational_disruption""]","{""weather_disruption"": 0.224751, ""natural_disaster"": 0.010122, ""port_operational_disruption"": 0.948526, ""port_closure"": 0.115014, ""labor_strike_disruption"": 0.049051, ""maritime_security_navigation_disruption"": 0.047029}"
1654,"[""labor_strike_disruption""]","{""weather_disruption"": 0.012818, ""natural_disaster"": 0.027109, ""port_operational_disruption"": 0.060553, ""port_closure"": 0.009526, ""labor_strike_disruption"": 0.965074, ""maritime_security_navigation_disruption"": 0.05044}"
4951,"[""natural_disaster""]","{""weather_disruption"": 0.12309, ""natural_disaster"": 0.991154, ""port_operational_disruption"": 0.036475, ""port_closure"": 0.004811, ""labor_strike_disruption"": 0.111027, ""maritime_security_navigation_disruption"": 0.037251}"
1809,"[""weather_disruption"", ""port_operational_disruption"", ""port_closure""]","{""weather_disruption"": 0.929717, ""natural_disaster"": 0.011696, ""port_operational_disruption"": 0.687644, ""port_closure"": 0.839387, ""labor_strike_disruption"": 0.004219, ""maritime_security_navigation_disruption"": 0.243105}"
1336,"[""port_operational_disruption""]","{""weather_disruption"": 0.423582, ""natural_disaster"": 0.054972, ""port_operational_disruption"": 0.895783, ""port_closure"": 0.16825, ""labor_strike_disruption"": 0.043016, ""maritime_security_navigation_disruption"": 0.296243}"
2263,"[""weather_disruption""]","{""weather_disruption"": 0.956037, ""natural_disaster"": 0.598194, ""port_operational_disruption"": 0.049134, ""port_closure"": 0.009408, ""labor_strike_disruption"": 0.041717, ""maritime_security_navigation_disruption"": 0.072783}"
2026,"[""port_operational_disruption""]","{""weather_disruption"": 0.055047, ""natural_disaster"": 0.02983, ""port_operational_disruption"": 0.981835, ""port_closure"": 0.092731, ""labor_strike_disruption"": 0.032614, ""maritime_security_navigation_disruption"": 0.15621}"
5597,"[""port_operational_disruption""]","{""weather_disruption"": 0.246562, ""natural_disaster"": 0.001954, ""port_operational_disruption"": 0.984718, ""port_closure"": 0.192551, ""labor_strike_disruption"": 0.108162, ""maritime_security_navigation_disruption"": 0.123863}"
1923,"[""port_operational_disruption""]","{""weather_disruption"": 0.186678, ""natural_disaster"": 0.011305, ""port_operational_disruption"": 0.777405, ""port_closure"": 0.221698, ""labor_strike_disruption"": 0.077836, ""maritime_security_navigation_disruption"": 0.649267}"
3598,"[""maritime_security_navigation_disruption""]","{""weather_disruption"": 0.149506, ""natural_disaster"": 0.005543, ""port_operational_disruption"": 0.135929, ""port_closure"": 0.145864, ""labor_strike_disruption"": 0.252427, ""maritime_security_navigation_disruption"": 0.877753}"
2761,"[""port_operational_disruption""]","{""weather_disruption"": 0.210944, ""natural_disaster"": 0.010227, ""port_operational_disruption"": 0.967693, ""port_closure"": 0.138195, ""labor_strike_disruption"": 0.010771, ""maritime_security_navigation_disruption"": 0.02885}"
1863,"[""labor_strike_disruption""]","{""weather_disruption"": 0.09497, ""natural_disaster"": 0.009167, ""port_operational_disruption"": 0.030636, ""port_closure"": 0.00348, ""labor_strike_disruption"": 0.993663, ""maritime_security_navigation_disruption"": 0.010675}"
3801,"[""maritime_security_navigation_disruption""]","{""weather_disruption"": 0.30563, ""natural_disaster"": 0.012693, ""port_operational_disruption"": 0.086539, ""port_closure"": 0.114652, ""labor_strike_disruption"": 0.194252, ""maritime_security_navigation_disruption"": 0.895852}"
3227,"[""port_operational_disruption""]","{""weather_disruption"": 0.0359, ""natural_disaster"": 0.011797, ""port_operational_disruption"": 0.974571, ""port_closure"": 0.033648, ""labor_strike_disruption"": 0.05419, ""maritime_security_navigation_disruption"": 0.040778}"
555,"[""weather_disruption"", ""port_operational_disruption""]","{""weather_disruption"": 0.969909, ""natural_disaster"": 0.015041, ""port_operational_disruption"": 0.884333, ""port_closure"": 0.33508, ""labor_strike_disruption"": 0.015618, ""maritime_security_navigation_disruption"": 0.07145}"
5162,"[""weather_disruption"", ""maritime_security_navigation_disruption""]","{""weather_disruption"": 0.868149, ""natural_disaster"": 0.019666, ""port_operational_disruption"": 0.159895, ""port_closure"": 0.306416, ""labor_strike_disruption"": 0.00388, ""maritime_security_navigation_disruption"": 0.85536}"
4612,"[""weather_disruption""]","{""weather_disruption"": 0.922767, ""natural_disaster"": 0.136446, ""port_operational_disruption"": 0.038066, ""port_closure"": 0.015422, ""labor_strike_disruption"": 0.016257, ""maritime_security_navigation_disruption"": 0.092707}"
1286,"[""weather_disruption""]","{""weather_disruption"": 0.613771, ""natural_disaster"": 0.048804, ""port_operational_disruption"": 0.497491, ""port_closure"": 0.063742, ""labor_strike_disruption"": 0.046651, ""maritime_security_navigation_disruption"": 0.604083}"
3877,"[""weather_disruption"", ""port_closure""]","{""weather_disruption"": 0.944132, ""natural_disaster"": 0.020694, ""port_operational_disruption"": 0.442399, ""port_closure"": 0.797696, ""labor_strike_disruption"": 0.130189, ""maritime_security_navigation_disruption"": 0.169938}"
1236,"[""port_operational_disruption""]","{""weather_disruption"": 0.402065, ""natural_disaster"": 0.002609, ""port_operational_disruption"": 0.985023, ""port_closure"": 0.177928, ""labor_strike_disruption"": 0.033967, ""maritime_security_navigation_disruption"": 0.037171}"
190,"[""port_operational_disruption""]","{""weather_disruption"": 0.28398, ""natural_disaster"": 0.042373, ""port_operational_disruption"": 0.604752, ""port_closure"": 0.256794, ""labor_strike_disruption"": 0.031902, ""maritime_security_navigation_disruption"": 0.641227}"
4728,"[""weather_disruption""]","{""weather_disruption"": 0.889121, ""natural_disaster"": 0.017604, ""port_operational_disruption"": 0.062926, ""port_closure"": 0.409306, ""labor_strike_disruption"": 0.032949, ""maritime_security_navigation_disruption"": 0.525031}"
1431,"[""port_operational_disruption"", ""maritime_security_navigation_disruption""]","{""weather_disruption"": 0.024124, ""natural_disaster"": 0.013688, ""port_operational_disruption"": 0.742864, ""port_closure"": 0.034567, ""labor_strike_disruption"": 0.291711, ""maritime_security_navigation_disruption"": 0.774405}"
3977,"[""weather_disruption"", ""port_operational_disruption"", ""port_closure""]","{""weather_disruption"": 0.913597, ""natural_disaster"": 0.008585, ""port_operational_disruption"": 0.591363, ""port_closure"": 0.972252, ""labor_strike_disruption"": 0.010954, ""maritime_security_navigation_disruption"": 0.062183}"
1723,"[""labor_strike_disruption""]","{""weather_disruption"": 0.065596, ""natural_disaster"": 0.064454, ""port_operational_disruption"": 0.020264, ""port_closure"": 0.017139, ""labor_strike_disruption"": 0.975173, ""maritime_security_navigation_disruption"": 0.018764}"
5666,"[""port_operational_disruption"", ""maritime_security_navigation_disruption""]","{""weather_disruption"": 0.062492, ""natural_disaster"": 0.004973, ""port_operational_disruption"": 0.900975, ""port_closure"": 0.047469, ""labor_strike_disruption"": 0.053933, ""maritime_security_navigation_disruption"": 0.66081}"
842,"[""port_operational_disruption"", ""port_closure""]","{""weather_disruption"": 0.232303, ""natural_disaster"": 0.00216, ""port_operational_disruption"": 0.896879, ""port_closure"": 0.801673, ""labor_strike_disruption"": 0.072222, ""maritime_security_navigation_disruption"": 0.438791}"
1166,"[""port_operational_disruption""]","{""weather_disruption"": 0.100931, ""natural_disaster"": 0.016559, ""port_operational_disruption"": 0.975973, ""port_closure"": 0.092642, ""labor_strike_disruption"": 0.015951, ""maritime_security_navigation_disruption"": 0.050276}"
3613,"[""port_operational_disruption"", ""maritime_security_navigation_disruption""]","{""weather_disruption"": 0.177065, ""natural_disaster"": 0.016676, ""port_operational_disruption"": 0.647699, ""port_closure"": 0.072443, ""labor_strike_disruption"": 0.02975, ""maritime_security_navigation_disruption"": 0.821687}"
5510,"[""labor_strike_disruption""]","{""weather_disruption"": 0.066168, ""natural_disaster"": 0.060219, ""port_operational_disruption"": 0.018573, ""port_closure"": 0.016558, ""labor_strike_disruption"": 0.928822, ""maritime_security_navigation_disruption"": 0.205869}"
5703,"[""weather_disruption""]","{""weather_disruption"": 0.973285, ""natural_disaster"": 0.022208, ""port_operational_disruption"": 0.053646, ""port_closure"": 0.261056, ""labor_strike_disruption"": 0.011779, ""maritime_security_navigation_disruption"": 0.232099}"
3842,"[""maritime_security_navigation_disruption""]","{""weather_disruption"": 0.088947, ""natural_disaster"": 0.024555, ""port_operational_disruption"": 0.164003, ""port_closure"": 0.101728, ""labor_strike_disruption"": 0.091728, ""maritime_security_navigation_disruption"": 0.91963}"
5477,"[""maritime_security_navigation_disruption""]","{""weather_disruption"": 0.447859, ""natural_disaster"": 0.016292, ""port_operational_disruption"": 0.394392, ""port_closure"": 0.062271, ""labor_strike_disruption"": 0.097108, ""maritime_security_navigation_disruption"": 0.802942}"
560,"[""weather_disruption"", ""port_operational_disruption""]","{""weather_disruption"": 0.994025, ""natural_disaster"": 0.007927, ""port_operational_disruption"": 0.552812, ""port_closure"": 0.66376, ""labor_strike_disruption"": 0.007467, ""maritime_security_navigation_disruption"": 0.094653}"
2582,"[""weather_disruption""]","{""weather_disruption"": 0.984126, ""natural_disaster"": 0.265777, ""port_operational_disruption"": 0.103417, ""port_closure"": 0.047691, ""labor_strike_disruption"": 0.008885, ""maritime_security_navigation_disruption"": 0.211994}"
4563,"[""weather_disruption"", ""port_operational_disruption""]","{""weather_disruption"": 0.993286, ""natural_disaster"": 0.015968, ""port_operational_disruption"": 0.766438, ""port_closure"": 0.379065, ""labor_strike_disruption"": 0.002259, ""maritime_security_navigation_disruption"": 0.036012}"
1605,"[""weather_disruption""]","{""weather_disruption"": 0.962673, ""natural_disaster"": 0.188463, ""port_operational_disruption"": 0.058958, ""port_closure"": 0.143846, ""labor_strike_disruption"": 0.024174, ""maritime_security_navigation_disruption"": 0.035183}"
4870,"[""port_operational_disruption""]","{""weather_disruption"": 0.064234, ""natural_disaster"": 0.004278, ""port_operational_disruption"": 0.948812, ""port_closure"": 0.125505, ""labor_strike_disruption"": 0.064813, ""maritime_security_navigation_disruption"": 0.026088}"
3749,"[""maritime_security_navigation_disruption""]","{""weather_disruption"": 0.225346, ""natural_disaster"": 0.008168, ""port_operational_disruption"": 0.094728, ""port_closure"": 0.137368, ""labor_strike_disruption"": 0.049286, ""maritime_security_navigation_disruption"": 0.969537}"
1168,"[""port_operational_disruption""]","{""weather_disruption"": 0.103939, ""natural_disaster"": 0.005825, ""port_operational_disruption"": 0.983869, ""port_closure"": 0.073233, ""labor_strike_disruption"": 0.023917, ""maritime_security_navigation_disruption"": 0.018683}"
4428,"[""port_operational_disruption""]","{""weather_disruption"": 0.138639, ""natural_disaster"": 0.014447, ""port_operational_disruption"": 0.762964, ""port_closure"": 0.29795, ""labor_strike_disruption"": 0.070178, ""maritime_security_navigation_disruption"": 0.634849}"
147,"[""port_operational_disruption"", ""maritime_security_navigation_disruption""]","{""weather_disruption"": 0.112214, ""natural_disaster"": 0.003511, ""port_operational_disruption"": 0.686094, ""port_closure"": 0.091227, ""labor_strike_disruption"": 0.142338, ""maritime_security_navigation_disruption"": 0.753361}"
4326,"[""weather_disruption""]","{""weather_disruption"": 0.984691, ""natural_disaster"": 0.021651, ""port_operational_disruption"": 0.15962, ""port_closure"": 0.250374, ""labor_strike_disruption"": 0.003741, ""maritime_security_navigation_disruption"": 0.265425}"
719,"[""labor_strike_disruption""]","{""weather_disruption"": 0.005171, ""natural_disaster"": 0.028956, ""port_operational_disruption"": 0.038952, ""port_closure"": 0.005461, ""labor_strike_disruption"": 0.992158, ""maritime_security_navigation_disruption"": 0.067166}"
1757,"[""weather_disruption"", ""port_operational_disruption""]","{""weather_disruption"": 0.845578, ""natural_disaster"": 0.007562, ""port_operational_disruption"": 0.751608, ""port_closure"": 0.555474, ""labor_strike_disruption"": 0.031254, ""maritime_security_navigation_disruption"": 0.23666}"
5198,"[""labor_strike_disruption""]","{""weather_disruption"": 0.032991, ""natural_disaster"": 0.03955, ""port_operational_disruption"": 0.10458, ""port_closure"": 0.003892, ""labor_strike_disruption"": 0.987352, ""maritime_security_navigation_disruption"": 0.052842}"
64,"[""weather_disruption""]","{""weather_disruption"": 0.996248, ""natural_disaster"": 0.157396, ""port_operational_disruption"": 0.05616, ""port_closure"": 0.020177, ""labor_strike_disruption"": 0.011747, ""maritime_security_navigation_disruption"": 0.085993}"
1164,"[""port_operational_disruption""]","{""weather_disruption"": 0.161864, ""natural_disaster"": 0.004769, ""port_operational_disruption"": 0.937372, ""port_closure"": 0.16235, ""labor_strike_disruption"": 0.035147, ""maritime_security_navigation_disruption"": 0.046693}"
4913,"[""weather_disruption""]","{""weather_disruption"": 0.941887, ""natural_disaster"": 0.031749, ""port_operational_disruption"": 0.443074, ""port_closure"": 0.626726, ""labor_strike_disruption"": 0.012364, ""maritime_security_navigation_disruption"": 0.113149}"
907,"[""weather_disruption"", ""port_operational_disruption""]","{""weather_disruption"": 0.947495, ""natural_disaster"": 0.009569, ""port_operational_disruption"": 0.948762, ""port_closure"": 0.428003, ""labor_strike_disruption"": 0.004451, ""maritime_security_navigation_disruption"": 0.019545}"
3782,"[""labor_strike_disruption"", ""maritime_security_navigation_disruption""]","{""weather_disruption"": 0.003622, ""natural_disaster"": 0.032691, ""port_operational_disruption"": 0.012548, ""port_closure"": 0.005624, ""labor_strike_disruption"": 0.98699, ""maritime_security_navigation_disruption"": 0.689525}"
2304,"[""labor_strike_disruption""]","{""weather_disruption"": 0.092978, ""natural_disaster"": 0.014829, ""port_operational_disruption"": 0.209312, ""port_closure"": 0.595583, ""labor_strike_disruption"": 0.833388, ""maritime_security_navigation_disruption"": 0.23762}"
1253,"[""labor_strike_disruption""]","{""weather_disruption"": 0.056214, ""natural_disaster"": 0.307155, ""port_operational_disruption"": 0.070328, ""port_closure"": 0.20333, ""labor_strike_disruption"": 0.836746, ""maritime_security_navigation_disruption"": 0.285636}"
1930,"[""weather_disruption"", ""port_closure""]","{""weather_disruption"": 0.953539, ""natural_disaster"": 0.003495, ""port_operational_disruption"": 0.498853, ""port_closure"": 0.828935, ""labor_strike_disruption"": 0.114343, ""maritime_security_navigation_disruption"": 0.17172}"
5539,"[""labor_strike_disruption""]","{""weather_disruption"": 0.016986, ""natural_disaster"": 0.028308, ""port_operational_disruption"": 0.112298, ""port_closure"": 0.004825, ""labor_strike_disruption"": 0.981556, ""maritime_security_navigation_disruption"": 0.213982}"
4059,"[""weather_disruption"", ""port_closure""]","{""weather_disruption"": 0.962937, ""natural_disaster"": 0.007702, ""port_operational_disruption"": 0.351625, ""port_closure"": 0.963069, ""labor_strike_disruption"": 0.014094, ""maritime_security_navigation_disruption"": 0.048266}"
3460,"[""weather_disruption""]","{""weather_disruption"": 0.95827, ""natural_disaster"": 0.432126, ""port_operational_disruption"": 0.065361, ""port_closure"": 0.031483, ""labor_strike_disruption"": 0.036791, ""maritime_security_navigation_disruption"": 0.048443}"
5661,"[""weather_disruption"", ""port_closure"", ""maritime_security_navigation_disruption""]","{""weather_disruption"": 0.82125, ""natural_disaster"": 0.014257, ""port_operational_disruption"": 0.118329, ""port_closure"": 0.771085, ""labor_strike_disruption"": 0.048489, ""maritime_security_navigation_disruption"": 0.805561}"
4855,"[""weather_disruption"", ""port_operational_disruption""]","{""weather_disruption"": 0.917197, ""natural_disaster"": 0.006443, ""port_operational_disruption"": 0.851378, ""port_closure"": 0.447781, ""labor_strike_disruption"": 0.051629, ""maritime_security_navigation_disruption"": 0.335983}"
4210,"[""weather_disruption"", ""port_operational_disruption"", ""port_closure""]","{""weather_disruption"": 0.974879, ""natural_disaster"": 0.01129, ""port_operational_disruption"": 0.648711, ""port_closure"": 0.970064, ""labor_strike_disruption"": 0.006318, ""maritime_security_navigation_disruption"": 0.088944}"
869,"[""weather_disruption"", ""port_operational_disruption""]","{""weather_disruption"": 0.729563, ""natural_disaster"": 0.061553, ""port_operational_disruption"": 0.899122, ""port_closure"": 0.457051, ""labor_strike_disruption"": 0.005036, ""maritime_security_navigation_disruption"": 0.026359}"
97,"[""weather_disruption""]","{""weather_disruption"": 0.802441, ""natural_disaster"": 0.012882, ""port_operational_disruption"": 0.370247, ""port_closure"": 0.749502, ""labor_strike_disruption"": 0.033373, ""maritime_security_navigation_disruption"": 0.355921}"
1932,"[""weather_disruption"", ""port_closure""]","{""weather_disruption"": 0.945187, ""natural_disaster"": 0.007565, ""port_operational_disruption"": 0.169642, ""port_closure"": 0.81705, ""labor_strike_disruption"": 0.163555, ""maritime_security_navigation_disruption"": 0.193707}"
4766,"[""labor_strike_disruption""]","{""weather_disruption"": 0.013241, ""natural_disaster"": 0.051198, ""port_operational_disruption"": 0.03127, ""port_closure"": 0.023293, ""labor_strike_disruption"": 0.994579, ""maritime_security_navigation_disruption"": 0.075186}"
1881,"[""labor_strike_disruption""]","{""weather_disruption"": 0.088732, ""natural_disaster"": 0.023909, ""port_operational_disruption"": 0.022345, ""port_closure"": 0.129061, ""labor_strike_disruption"": 0.989185, ""maritime_security_navigation_disruption"": 0.02309}"
3570,"[""maritime_security_navigation_disruption""]","{""weather_disruption"": 0.012752, ""natural_disaster"": 0.01461, ""port_operational_disruption"": 0.332903, ""port_closure"": 0.024535, ""labor_strike_disruption"": 0.368512, ""maritime_security_navigation_disruption"": 0.862788}"
1733,"[""labor_strike_disruption""]","{""weather_disruption"": 0.049969, ""natural_disaster"": 0.049384, ""port_operational_disruption"": 0.007194, ""port_closure"": 0.063338, ""labor_strike_disruption"": 0.976059, ""maritime_security_navigation_disruption"": 0.439309}"
106,"[""port_operational_disruption""]","{""weather_disruption"": 0.042518, ""natural_disaster"": 0.004568, ""port_operational_disruption"": 0.98017, ""port_closure"": 0.12258, ""labor_strike_disruption"": 0.06706, ""maritime_security_navigation_disruption"": 0.070007}"
4708,"[""port_operational_disruption""]","{""weather_disruption"": 0.107548, ""natural_disaster"": 0.004532, ""port_operational_disruption"": 0.954689, ""port_closure"": 0.151981, ""labor_strike_disruption"": 0.047208, ""maritime_security_navigation_disruption"": 0.121159}"
1203,"[""weather_disruption"", ""port_operational_disruption"", ""maritime_security_navigation_disruption""]","{""weather_disruption"": 0.874714, ""natural_disaster"": 0.005035, ""port_operational_disruption"": 0.679738, ""port_closure"": 0.657921, ""labor_strike_disruption"": 0.023812, ""maritime_security_navigation_disruption"": 0.695278}"
2244,"[""weather_disruption""]","{""weather_disruption"": 0.9826, ""natural_disaster"": 0.232176, ""port_operational_disruption"": 0.03105, ""port_closure"": 0.037527, ""labor_strike_disruption"": 0.011235, ""maritime_security_navigation_disruption"": 0.032502}"
2925,"[""labor_strike_disruption""]","{""weather_disruption"": 0.021613, ""natural_disaster"": 0.0467, ""port_operational_disruption"": 0.068436, ""port_closure"": 0.007881, ""labor_strike_disruption"": 0.988254, ""maritime_security_navigation_disruption"": 0.135317}"
1208,"[""weather_disruption"", ""port_operational_disruption""]","{""weather_disruption"": 0.98392, ""natural_disaster"": 0.011135, ""port_operational_disruption"": 0.874995, ""port_closure"": 0.527288, ""labor_strike_disruption"": 0.034091, ""maritime_security_navigation_disruption"": 0.047397}"
5532,"[""maritime_security_navigation_disruption""]","{""weather_disruption"": 0.013214, ""natural_disaster"": 0.046118, ""port_operational_disruption"": 0.173271, ""port_closure"": 0.006087, ""labor_strike_disruption"": 0.157469, ""maritime_security_navigation_disruption"": 0.959644}"
4991,"[""port_operational_disruption""]","{""weather_disruption"": 0.029176, ""natural_disaster"": 0.004896, ""port_operational_disruption"": 0.962093, ""port_closure"": 0.045502, ""labor_strike_disruption"": 0.059996, ""maritime_security_navigation_disruption"": 0.189309}"
3343,"[""port_operational_disruption""]","{""weather_disruption"": 0.332253, ""natural_disaster"": 0.01352, ""port_operational_disruption"": 0.980412, ""port_closure"": 0.131804, ""labor_strike_disruption"": 0.044453, ""maritime_security_navigation_disruption"": 0.069334}"
30,"[""natural_disaster""]","{""weather_disruption"": 0.17002, ""natural_disaster"": 0.987742, ""port_operational_disruption"": 0.018022, ""port_closure"": 0.028068, ""labor_strike_disruption"": 0.018275, ""maritime_security_navigation_disruption"": 0.204193}"
5732,"[""weather_disruption""]","{""weather_disruption"": 0.915059, ""natural_disaster"": 0.048393, ""port_operational_disruption"": 0.02749, ""port_closure"": 0.061181, ""labor_strike_disruption"": 0.084816, ""maritime_security_navigation_disruption"": 0.317657}"
3924,"[""port_operational_disruption""]","{""weather_disruption"": 0.088827, ""natural_disaster"": 0.004956, ""port_operational_disruption"": 0.952227, ""port_closure"": 0.093557, ""labor_strike_disruption"": 0.056233, ""maritime_security_navigation_disruption"": 0.08838}"
1076,"[""port_operational_disruption""]","{""weather_disruption"": 0.094249, ""natural_disaster"": 0.032972, ""port_operational_disruption"": 0.94099, ""port_closure"": 0.050142, ""labor_strike_disruption"": 0.259477, ""maritime_security_navigation_disruption"": 0.064505}"
2612,"[""labor_strike_disruption""]","{""weather_disruption"": 0.008299, ""natural_disaster"": 0.084572, ""port_operational_disruption"": 0.124041, ""port_closure"": 0.021538, ""labor_strike_disruption"": 0.994766, ""maritime_security_navigation_disruption"": 0.024971}"
4432,"[""labor_strike_disruption""]","{""weather_disruption"": 0.004099, ""natural_disaster"": 0.008048, ""port_operational_disruption"": 0.464684, ""port_closure"": 0.039336, ""labor_strike_disruption"": 0.987246, ""maritime_security_navigation_disruption"": 0.144377}"
2205,"[""weather_disruption"", ""port_operational_disruption"", ""port_closure""]","{""weather_disruption"": 0.955292, ""natural_disaster"": 0.004563, ""port_operational_disruption"": 0.891857, ""port_closure"": 0.759745, ""labor_strike_disruption"": 0.099583, ""maritime_security_navigation_disruption"": 0.07155}"
629,"[""labor_strike_disruption""]","{""weather_disruption"": 0.033376, ""natural_disaster"": 0.052868, ""port_operational_disruption"": 0.186197, ""port_closure"": 0.018304, ""labor_strike_disruption"": 0.946696, ""maritime_security_navigation_disruption"": 0.111343}"
910,"[""labor_strike_disruption""]","{""weather_disruption"": 0.110104, ""natural_disaster"": 0.002926, ""port_operational_disruption"": 0.454386, ""port_closure"": 0.678953, ""labor_strike_disruption"": 0.888888, ""maritime_security_navigation_disruption"": 0.127099}"
5049,"[""port_operational_disruption""]","{""weather_disruption"": 0.03137, ""natural_disaster"": 0.007621, ""port_operational_disruption"": 0.732941, ""port_closure"": 0.016067, ""labor_strike_disruption"": 0.181178, ""maritime_security_navigation_disruption"": 0.428911}"
5606,"[""labor_strike_disruption""]","{""weather_disruption"": 0.010031, ""natural_disaster"": 0.021972, ""port_operational_disruption"": 0.138951, ""port_closure"": 0.00875, ""labor_strike_disruption"": 0.991455, ""maritime_security_navigation_disruption"": 0.139963}"
3472,"[""maritime_security_navigation_disruption""]","{""weather_disruption"": 0.166302, ""natural_disaster"": 0.027028, ""port_operational_disruption"": 0.12556, ""port_closure"": 0.116009, ""labor_strike_disruption"": 0.131486, ""maritime_security_navigation_disruption"": 0.821058}"
2378,"[""labor_strike_disruption""]","{""weather_disruption"": 0.027839, ""natural_disaster"": 0.009202, ""port_operational_disruption"": 0.150396, ""port_closure"": 0.01546, ""labor_strike_disruption"": 0.992792, ""maritime_security_navigation_disruption"": 0.033102}"
427,"[""weather_disruption"", ""port_operational_disruption""]","{""weather_disruption"": 0.673058, ""natural_disaster"": 0.005609, ""port_operational_disruption"": 0.920278, ""port_closure"": 0.718394, ""labor_strike_disruption"": 0.083331, ""maritime_security_navigation_disruption"": 0.291883}"
3580,"[""maritime_security_navigation_disruption""]","{""weather_disruption"": 0.113901, ""natural_disaster"": 0.011596, ""port_operational_disruption"": 0.209499, ""port_closure"": 0.120608, ""labor_strike_disruption"": 0.086986, ""maritime_security_navigation_disruption"": 0.924537}"
2714,"[""labor_strike_disruption""]","{""weather_disruption"": 0.00852, ""natural_disaster"": 0.191267, ""port_operational_disruption"": 0.024045, ""port_closure"": 0.006134, ""labor_strike_disruption"": 0.996587, ""maritime_security_navigation_disruption"": 0.029548}"
3201,"[""port_operational_disruption""]","{""weather_disruption"": 0.081595, ""natural_disaster"": 0.004946, ""port_operational_disruption"": 0.972378, ""port_closure"": 0.049529, ""labor_strike_disruption"": 0.041357, ""maritime_security_navigation_disruption"": 0.046102}"
3426,"[""labor_strike_disruption""]","{""weather_disruption"": 0.006305, ""natural_disaster"": 0.032593, ""port_operational_disruption"": 0.07555, ""port_closure"": 0.00814, ""labor_strike_disruption"": 0.998783, ""maritime_security_navigation_disruption"": 0.023849}"
229,"[""weather_disruption""]","{""weather_disruption"": 0.942168, ""natural_disaster"": 0.130272, ""port_operational_disruption"": 0.0882, ""port_closure"": 0.012412, ""labor_strike_disruption"": 0.027968, ""maritime_security_navigation_disruption"": 0.151478}"
4273,"[""weather_disruption"", ""maritime_security_navigation_disruption""]","{""weather_disruption"": 0.686275, ""natural_disaster"": 0.268464, ""port_operational_disruption"": 0.009245, ""port_closure"": 0.271568, ""labor_strike_disruption"": 0.031379, ""maritime_security_navigation_disruption"": 0.706019}"
4320,"[""port_operational_disruption""]","{""weather_disruption"": 0.089756, ""natural_disaster"": 0.004608, ""port_operational_disruption"": 0.935957, ""port_closure"": 0.0557, ""labor_strike_disruption"": 0.236773, ""maritime_security_navigation_disruption"": 0.206622}"
4000,"[""weather_disruption"", ""port_closure""]","{""weather_disruption"": 0.899847, ""natural_disaster"": 0.006964, ""port_operational_disruption"": 0.515365, ""port_closure"": 0.97069, ""labor_strike_disruption"": 0.015293, ""maritime_security_navigation_disruption"": 0.309793}"
4009,"[""weather_disruption"", ""port_closure""]","{""weather_disruption"": 0.934617, ""natural_disaster"": 0.009737, ""port_operational_disruption"": 0.331193, ""port_closure"": 0.951894, ""labor_strike_disruption"": 0.039903, ""maritime_security_navigation_disruption"": 0.198796}"
782,"[""labor_strike_disruption""]","{""weather_disruption"": 0.002907, ""natural_disaster"": 0.045257, ""port_operational_disruption"": 0.067176, ""port_closure"": 0.004308, ""labor_strike_disruption"": 0.993845, ""maritime_security_navigation_disruption"": 0.128833}"
2742,"[""port_operational_disruption""]","{""weather_disruption"": 0.190338, ""natural_disaster"": 0.008572, ""port_operational_disruption"": 0.93575, ""port_closure"": 0.193323, ""labor_strike_disruption"": 0.02994, ""maritime_security_navigation_disruption"": 0.030183}"
3610,"[""port_operational_disruption"", ""maritime_security_navigation_disruption""]","{""weather_disruption"": 0.113433, ""natural_disaster"": 0.008494, ""port_operational_disruption"": 0.593081, ""port_closure"": 0.099582, ""labor_strike_disruption"": 0.047919, ""maritime_security_navigation_disruption"": 0.813263}"
2021,"[""weather_disruption""]","{""weather_disruption"": 0.850023, ""natural_disaster"": 0.01967, ""port_operational_disruption"": 0.300976, ""port_closure"": 0.204971, ""labor_strike_disruption"": 0.266316, ""maritime_security_navigation_disruption"": 0.199308}"
2533,"[""labor_strike_disruption""]","{""weather_disruption"": 0.165814, ""natural_disaster"": 0.022465, ""port_operational_disruption"": 0.077053, ""port_closure"": 0.003834, ""labor_strike_disruption"": 0.978089, ""maritime_security_navigation_disruption"": 0.019398}"
2874,"[""weather_disruption"", ""port_operational_disruption""]","{""weather_disruption"": 0.812493, ""natural_disaster"": 0.005637, ""port_operational_disruption"": 0.851433, ""port_closure"": 0.683497, ""labor_strike_disruption"": 0.019665, ""maritime_security_navigation_disruption"": 0.089634}"
2199,"[""weather_disruption""]","{""weather_disruption"": 0.987117, ""natural_disaster"": 0.044337, ""port_operational_disruption"": 0.132228, ""port_closure"": 0.163789, ""labor_strike_disruption"": 0.013157, ""maritime_security_navigation_disruption"": 0.07016}"
4962,"[""weather_disruption"", ""port_closure""]","{""weather_disruption"": 0.986331, ""natural_disaster"": 0.009059, ""port_operational_disruption"": 0.540475, ""port_closure"": 0.926316, ""labor_strike_disruption"": 0.016724, ""maritime_security_navigation_disruption"": 0.272752}"
5367,"[""weather_disruption"", ""port_closure""]","{""weather_disruption"": 0.95148, ""natural_disaster"": 0.01711, ""port_operational_disruption"": 0.326379, ""port_closure"": 0.953284, ""labor_strike_disruption"": 0.014457, ""maritime_security_navigation_disruption"": 0.09191}"
4975,"[""maritime_security_navigation_disruption""]","{""weather_disruption"": 0.015155, ""natural_disaster"": 0.002253, ""port_operational_disruption"": 0.521711, ""port_closure"": 0.060771, ""labor_strike_disruption"": 0.387848, ""maritime_security_navigation_disruption"": 0.937094}"
3625,"[""weather_disruption"", ""port_operational_disruption"", ""port_closure""]","{""weather_disruption"": 0.966154, ""natural_disaster"": 0.015671, ""port_operational_disruption"": 0.583994, ""port_closure"": 0.775034, ""labor_strike_disruption"": 0.010008, ""maritime_security_navigation_disruption"": 0.28755}"
570,"[""port_operational_disruption""]","{""weather_disruption"": 0.020155, ""natural_disaster"": 0.006721, ""port_operational_disruption"": 0.887519, ""port_closure"": 0.045211, ""labor_strike_disruption"": 0.171928, ""maritime_security_navigation_disruption"": 0.203948}"
2704,"[""labor_strike_disruption""]","{""weather_disruption"": 0.041735, ""natural_disaster"": 0.014087, ""port_operational_disruption"": 0.388318, ""port_closure"": 0.079891, ""labor_strike_disruption"": 0.918424, ""maritime_security_navigation_disruption"": 0.232429}"
4652,"[""labor_strike_disruption""]","{""weather_disruption"": 0.217132, ""natural_disaster"": 0.017994, ""port_operational_disruption"": 0.027217, ""port_closure"": 0.062829, ""labor_strike_disruption"": 0.834566, ""maritime_security_navigation_disruption"": 0.272481}"
2660,"[""weather_disruption"", ""port_operational_disruption""]","{""weather_disruption"": 0.968213, ""natural_disaster"": 0.01129, ""port_operational_disruption"": 0.975296, ""port_closure"": 0.173058, ""labor_strike_disruption"": 0.012691, ""maritime_security_navigation_disruption"": 0.016954}"
298,"[""weather_disruption""]","{""weather_disruption"": 0.948627, ""natural_disaster"": 0.087106, ""port_operational_disruption"": 0.188366, ""port_closure"": 0.095509, ""labor_strike_disruption"": 0.0893, ""maritime_security_navigation_disruption"": 0.074328}"
3776,"[""maritime_security_navigation_disruption""]","{""weather_disruption"": 0.116818, ""natural_disaster"": 0.003651, ""port_operational_disruption"": 0.503351, ""port_closure"": 0.058851, ""labor_strike_disruption"": 0.058481, ""maritime_security_navigation_disruption"": 0.921993}"
4020,"[""maritime_security_navigation_disruption""]","{""weather_disruption"": 0.044999, ""natural_disaster"": 0.004708, ""port_operational_disruption"": 0.203453, ""port_closure"": 0.268593, ""labor_strike_disruption"": 0.395752, ""maritime_security_navigation_disruption"": 0.855634}"
4784,"[""weather_disruption""]","{""weather_disruption"": 0.97138, ""natural_disaster"": 0.192638, ""port_operational_disruption"": 0.029354, ""port_closure"": 0.297446, ""labor_strike_disruption"": 0.020612, ""maritime_security_navigation_disruption"": 0.138838}"
2678,"[""weather_disruption"", ""port_operational_disruption""]","{""weather_disruption"": 0.982356, ""natural_disaster"": 0.05936, ""port_operational_disruption"": 0.709435, ""port_closure"": 0.320675, ""labor_strike_disruption"": 0.009224, ""maritime_security_navigation_disruption"": 0.028953}"
4814,"[""labor_strike_disruption""]","{""weather_disruption"": 0.0265, ""natural_disaster"": 0.03799, ""port_operational_disruption"": 0.033635, ""port_closure"": 0.04622, ""labor_strike_disruption"": 0.983644, ""maritime_security_navigation_disruption"": 0.022773}"
745,"[""weather_disruption""]","{""weather_disruption"": 0.983616, ""natural_disaster"": 0.208234, ""port_operational_disruption"": 0.027936, ""port_closure"": 0.110591, ""labor_strike_disruption"": 0.010009, ""maritime_security_navigation_disruption"": 0.119805}"
4073,"[""weather_disruption""]","{""weather_disruption"": 0.994653, ""natural_disaster"": 0.129103, ""port_operational_disruption"": 0.022721, ""port_closure"": 0.065861, ""labor_strike_disruption"": 0.011716, ""maritime_security_navigation_disruption"": 0.02159}"
4026,"[""weather_disruption""]","{""weather_disruption"": 0.991788, ""natural_disaster"": 0.045348, ""port_operational_disruption"": 0.030038, ""port_closure"": 0.019993, ""labor_strike_disruption"": 0.015571, ""maritime_security_navigation_disruption"": 0.210976}"
4715,"[""port_operational_disruption""]","{""weather_disruption"": 0.230971, ""natural_disaster"": 0.009451, ""port_operational_disruption"": 0.986774, ""port_closure"": 0.345202, ""labor_strike_disruption"": 0.013644, ""maritime_security_navigation_disruption"": 0.067972}"
1625,"[""weather_disruption""]","{""weather_disruption"": 0.955186, ""natural_disaster"": 0.007399, ""port_operational_disruption"": 0.48241, ""port_closure"": 0.433979, ""labor_strike_disruption"": 0.061638, ""maritime_security_navigation_disruption"": 0.389616}"
866,"[""weather_disruption"", ""port_closure""]","{""weather_disruption"": 0.787753, ""natural_disaster"": 0.023612, ""port_operational_disruption"": 0.218523, ""port_closure"": 0.880689, ""labor_strike_disruption"": 0.051657, ""maritime_security_navigation_disruption"": 0.311907}"
3593,"[""maritime_security_navigation_disruption""]","{""weather_disruption"": 0.174512, ""natural_disaster"": 0.006208, ""port_operational_disruption"": 0.263122, ""port_closure"": 0.086104, ""labor_strike_disruption"": 0.039096, ""maritime_security_navigation_disruption"": 0.90628}"
4874,"[""port_operational_disruption""]","{""weather_disruption"": 0.080035, ""natural_disaster"": 0.00772, ""port_operational_disruption"": 0.972506, ""port_closure"": 0.130953, ""labor_strike_disruption"": 0.065113, ""maritime_security_navigation_disruption"": 0.020517}"
4560,"[""weather_disruption"", ""port_operational_disruption"", ""port_closure""]","{""weather_disruption"": 0.918448, ""natural_disaster"": 0.005968, ""port_operational_disruption"": 0.613575, ""port_closure"": 0.935945, ""labor_strike_disruption"": 0.026501, ""maritime_security_navigation_disruption"": 0.177736}"
3765,"[""maritime_security_navigation_disruption""]","{""weather_disruption"": 0.144725, ""natural_disaster"": 0.003563, ""port_operational_disruption"": 0.484573, ""port_closure"": 0.129373, ""labor_strike_disruption"": 0.043462, ""maritime_security_navigation_disruption"": 0.927261}"
4566,"[""labor_strike_disruption""]","{""weather_disruption"": 0.008017, ""natural_disaster"": 0.021352, ""port_operational_disruption"": 0.043885, ""port_closure"": 0.006873, ""labor_strike_disruption"": 0.998321, ""maritime_security_navigation_disruption"": 0.052513}"
4632,"[""natural_disaster""]","{""weather_disruption"": 0.141907, ""natural_disaster"": 0.988464, ""port_operational_disruption"": 0.018773, ""port_closure"": 0.003893, ""labor_strike_disruption"": 0.03197, ""maritime_security_navigation_disruption"": 0.114951}"
195,"[""port_operational_disruption"", ""maritime_security_navigation_disruption""]","{""weather_disruption"": 0.073313, ""natural_disaster"": 0.005199, ""port_operational_disruption"": 0.574233, ""port_closure"": 0.096691, ""labor_strike_disruption"": 0.132857, ""maritime_security_navigation_disruption"": 0.917474}"
789,"[""labor_strike_disruption""]","{""weather_disruption"": 0.015341, ""natural_disaster"": 0.028183, ""port_operational_disruption"": 0.048311, ""port_closure"": 0.057072, ""labor_strike_disruption"": 0.993667, ""maritime_security_navigation_disruption"": 0.033456}"
2605,"[""labor_strike_disruption""]","{""weather_disruption"": 0.009214, ""natural_disaster"": 0.062588, ""port_operational_disruption"": 0.028943, ""port_closure"": 0.003295, ""labor_strike_disruption"": 0.998367, ""maritime_security_navigation_disruption"": 0.017276}"
5758,"[""labor_strike_disruption""]","{""weather_disruption"": 0.006406, ""natural_disaster"": 0.012093, ""port_operational_disruption"": 0.015, ""port_closure"": 0.005853, ""labor_strike_disruption"": 0.997208, ""maritime_security_navigation_disruption"": 0.318105}"
3410,"[""port_operational_disruption"", ""maritime_security_navigation_disruption""]","{""weather_disruption"": 0.00578, ""natural_disaster"": 0.00972, ""port_operational_disruption"": 0.841453, ""port_closure"": 0.042967, ""labor_strike_disruption"": 0.210653, ""maritime_security_navigation_disruption"": 0.754811}"
804,"[""weather_disruption""]","{""weather_disruption"": 0.961189, ""natural_disaster"": 0.037608, ""port_operational_disruption"": 0.049082, ""port_closure"": 0.079658, ""labor_strike_disruption"": 0.037031, ""maritime_security_navigation_disruption"": 0.100997}"
2094,"[""port_operational_disruption""]","{""weather_disruption"": 0.147635, ""natural_disaster"": 0.005159, ""port_operational_disruption"": 0.96326, ""port_closure"": 0.141185, ""labor_strike_disruption"": 0.02217, ""maritime_security_navigation_disruption"": 0.078093}"
3206,"[""port_operational_disruption""]","{""weather_disruption"": 0.200673, ""natural_disaster"": 0.00971, ""port_operational_disruption"": 0.960203, ""port_closure"": 0.314658, ""labor_strike_disruption"": 0.011568, ""maritime_security_navigation_disruption"": 0.049015}"
5777,"[""weather_disruption""]","{""weather_disruption"": 0.981525, ""natural_disaster"": 0.129696, ""port_operational_disruption"": 0.334905, ""port_closure"": 0.039113, ""labor_strike_disruption"": 0.052185, ""maritime_security_navigation_disruption"": 0.015216}"
5291,"[""weather_disruption""]","{""weather_disruption"": 0.956302, ""natural_disaster"": 0.513078, ""port_operational_disruption"": 0.04984, ""port_closure"": 0.114863, ""labor_strike_disruption"": 0.051181, ""maritime_security_navigation_disruption"": 0.101785}"
2451,"[""weather_disruption"", ""maritime_security_navigation_disruption""]","{""weather_disruption"": 0.768484, ""natural_disaster"": 0.058944, ""port_operational_disruption"": 0.368967, ""port_closure"": 0.125038, ""labor_strike_disruption"": 0.005701, ""maritime_security_navigation_disruption"": 0.835028}"
4695,"[""weather_disruption"", ""port_operational_disruption""]","{""weather_disruption"": 0.921485, ""natural_disaster"": 0.010376, ""port_operational_disruption"": 0.913749, ""port_closure"": 0.153151, ""labor_strike_disruption"": 0.037602, ""maritime_security_navigation_disruption"": 0.089468}"
4295,"[""port_operational_disruption"", ""maritime_security_navigation_disruption""]","{""weather_disruption"": 0.029857, ""natural_disaster"": 0.010635, ""port_operational_disruption"": 0.667492, ""port_closure"": 0.059316, ""labor_strike_disruption"": 0.100807, ""maritime_security_navigation_disruption"": 0.856117}"
277,"[""weather_disruption"", ""port_closure""]","{""weather_disruption"": 0.92023, ""natural_disaster"": 0.027629, ""port_operational_disruption"": 0.244158, ""port_closure"": 0.840243, ""labor_strike_disruption"": 0.036187, ""maritime_security_navigation_disruption"": 0.342471}"
3675,"[""weather_disruption""]","{""weather_disruption"": 0.924929, ""natural_disaster"": 0.109758, ""port_operational_disruption"": 0.203451, ""port_closure"": 0.298704, ""labor_strike_disruption"": 0.042492, ""maritime_security_navigation_disruption"": 0.188133}"
5591,"[""weather_disruption""]","{""weather_disruption"": 0.982832, ""natural_disaster"": 0.176033, ""port_operational_disruption"": 0.058765, ""port_closure"": 0.241931, ""labor_strike_disruption"": 0.044092, ""maritime_security_navigation_disruption"": 0.164294}"
888,"[""port_operational_disruption""]","{""weather_disruption"": 0.368761, ""natural_disaster"": 0.019281, ""port_operational_disruption"": 0.96601, ""port_closure"": 0.246232, ""labor_strike_disruption"": 0.012974, ""maritime_security_navigation_disruption"": 0.048812}"
833,"[""port_operational_disruption""]","{""weather_disruption"": 0.453866, ""natural_disaster"": 0.010555, ""port_operational_disruption"": 0.972068, ""port_closure"": 0.149115, ""labor_strike_disruption"": 0.030552, ""maritime_security_navigation_disruption"": 0.084876}"
1690,"[""labor_strike_disruption""]","{""weather_disruption"": 0.018776, ""natural_disaster"": 0.046058, ""port_operational_disruption"": 0.049489, ""port_closure"": 0.021238, ""labor_strike_disruption"": 0.992691, ""maritime_security_navigation_disruption"": 0.090791}"
4100,"[""weather_disruption""]","{""weather_disruption"": 0.572979, ""natural_disaster"": 0.015119, ""port_operational_disruption"": 0.143689, ""port_closure"": 0.336461, ""labor_strike_disruption"": 0.191452, ""maritime_security_navigation_disruption"": 0.157883}"
113,"[""weather_disruption"", ""port_operational_disruption""]","{""weather_disruption"": 0.637075, ""natural_disaster"": 0.014175, ""port_operational_disruption"": 0.977524, ""port_closure"": 0.197429, ""labor_strike_disruption"": 0.025367, ""maritime_security_navigation_disruption"": 0.135131}"
180,"[""port_operational_disruption""]","{""weather_disruption"": 0.190286, ""natural_disaster"": 0.018208, ""port_operational_disruption"": 0.975235, ""port_closure"": 0.074262, ""labor_strike_disruption"": 0.036574, ""maritime_security_navigation_disruption"": 0.102951}"
1795,"[""weather_disruption""]","{""weather_disruption"": 0.97745, ""natural_disaster"": 0.082899, ""port_operational_disruption"": 0.014511, ""port_closure"": 0.096624, ""labor_strike_disruption"": 0.04214, ""maritime_security_navigation_disruption"": 0.229766}"
5178,"[""weather_disruption""]","{""weather_disruption"": 0.977036, ""natural_disaster"": 0.116954, ""port_operational_disruption"": 0.109347, ""port_closure"": 0.095707, ""labor_strike_disruption"": 0.005432, ""maritime_security_navigation_disruption"": 0.104416}"
4445,"[""labor_strike_disruption""]","{""weather_disruption"": 0.004514, ""natural_disaster"": 0.022812, ""port_operational_disruption"": 0.500079, ""port_closure"": 0.012211, ""labor_strike_disruption"": 0.686174, ""maritime_security_navigation_disruption"": 0.263448}"
4495,"[""weather_disruption"", ""port_operational_disruption""]","{""weather_disruption"": 0.702632, ""natural_disaster"": 0.0259, ""port_operational_disruption"": 0.871909, ""port_closure"": 0.277944, ""labor_strike_disruption"": 0.094271, ""maritime_security_navigation_disruption"": 0.136083}"
650,"[""port_operational_disruption""]","{""weather_disruption"": 0.235213, ""natural_disaster"": 0.018628, ""port_operational_disruption"": 0.953303, ""port_closure"": 0.105526, ""labor_strike_disruption"": 0.125574, ""maritime_security_navigation_disruption"": 0.119683}"
589,"[""weather_disruption""]","{""weather_disruption"": 0.953884, ""natural_disaster"": 0.0534, ""port_operational_disruption"": 0.016294, ""port_closure"": 0.283533, ""labor_strike_disruption"": 0.024997, ""maritime_security_navigation_disruption"": 0.157519}"
851,"[""maritime_security_navigation_disruption""]","{""weather_disruption"": 0.403228, ""natural_disaster"": 0.034556, ""port_operational_disruption"": 0.205754, ""port_closure"": 0.110614, ""labor_strike_disruption"": 0.044825, ""maritime_security_navigation_disruption"": 0.827688}"
2111,"[""weather_disruption"", ""port_operational_disruption""]","{""weather_disruption"": 0.967045, ""natural_disaster"": 0.003621, ""port_operational_disruption"": 0.845083, ""port_closure"": 0.692419, ""labor_strike_disruption"": 0.009007, ""maritime_security_navigation_disruption"": 0.303766}"
5063,"[""port_operational_disruption""]","{""weather_disruption"": 0.199059, ""natural_disaster"": 0.008466, ""port_operational_disruption"": 0.958253, ""port_closure"": 0.383842, ""labor_strike_disruption"": 0.040983, ""maritime_security_navigation_disruption"": 0.242773}"
2981,"[""labor_strike_disruption""]","{""weather_disruption"": 0.097694, ""natural_disaster"": 0.067797, ""port_operational_disruption"": 0.071726, ""port_closure"": 0.030997, ""labor_strike_disruption"": 0.791102, ""maritime_security_navigation_disruption"": 0.112227}"
2085,"[""weather_disruption"", ""port_closure""]","{""weather_disruption"": 0.973044, ""natural_disaster"": 0.027722, ""port_operational_disruption"": 0.415865, ""port_closure"": 0.956937, ""labor_strike_disruption"": 0.010377, ""maritime_security_navigation_disruption"": 0.075017}"
3568,"[""weather_disruption"", ""port_closure""]","{""weather_disruption"": 0.546978, ""natural_disaster"": 0.011512, ""port_operational_disruption"": 0.169353, ""port_closure"": 0.846544, ""labor_strike_disruption"": 0.16346, ""maritime_security_navigation_disruption"": 0.089207}"
1490,"[""labor_strike_disruption""]","{""weather_disruption"": 0.017951, ""natural_disaster"": 0.088885, ""port_operational_disruption"": 0.024561, ""port_closure"": 0.010731, ""labor_strike_disruption"": 0.995173, ""maritime_security_navigation_disruption"": 0.020159}"
3827,"[""weather_disruption"", ""port_operational_disruption"", ""port_closure""]","{""weather_disruption"": 0.747685, ""natural_disaster"": 0.00665, ""port_operational_disruption"": 0.559052, ""port_closure"": 0.956503, ""labor_strike_disruption"": 0.028358, ""maritime_security_navigation_disruption"": 0.423466}"
2291,"[""labor_strike_disruption""]","{""weather_disruption"": 0.063933, ""natural_disaster"": 0.097426, ""port_operational_disruption"": 0.08546, ""port_closure"": 0.015891, ""labor_strike_disruption"": 0.986184, ""maritime_security_navigation_disruption"": 0.009178}"
1945,"[""weather_disruption"", ""port_operational_disruption"", ""port_closure""]","{""weather_disruption"": 0.935229, ""natural_disaster"": 0.003554, ""port_operational_disruption"": 0.778396, ""port_closure"": 0.752972, ""labor_strike_disruption"": 0.094493, ""maritime_security_navigation_disruption"": 0.18127}"
4604,"[""weather_disruption""]","{""weather_disruption"": 0.98678, ""natural_disaster"": 0.086199, ""port_operational_disruption"": 0.030973, ""port_closure"": 0.034395, ""labor_strike_disruption"": 0.029714, ""maritime_security_navigation_disruption"": 0.036966}"
2740,"[""labor_strike_disruption""]","{""weather_disruption"": 0.041345, ""natural_disaster"": 0.012517, ""port_operational_disruption"": 0.073587, ""port_closure"": 0.160402, ""labor_strike_disruption"": 0.989095, ""maritime_security_navigation_disruption"": 0.262542}"
4942,"[""maritime_security_navigation_disruption""]","{""weather_disruption"": 0.054302, ""natural_disaster"": 0.019253, ""port_operational_disruption"": 0.231663, ""port_closure"": 0.049863, ""labor_strike_disruption"": 0.085358, ""maritime_security_navigation_disruption"": 0.981579}"
3421,"[""port_operational_disruption""]","{""weather_disruption"": 0.065941, ""natural_disaster"": 0.013264, ""port_operational_disruption"": 0.905618, ""port_closure"": 0.095617, ""labor_strike_disruption"": 0.081865, ""maritime_security_navigation_disruption"": 0.385991}"
1996,"[""weather_disruption"", ""port_operational_disruption"", ""port_closure""]","{""weather_disruption"": 0.958532, ""natural_disaster"": 0.006001, ""port_operational_disruption"": 0.585568, ""port_closure"": 0.804411, ""labor_strike_disruption"": 0.084965, ""maritime_security_navigation_disruption"": 0.279752}"
3976,"[""weather_disruption"", ""port_closure""]","{""weather_disruption"": 0.956091, ""natural_disaster"": 0.005829, ""port_operational_disruption"": 0.386955, ""port_closure"": 0.973608, ""labor_strike_disruption"": 0.014377, ""maritime_security_navigation_disruption"": 0.129162}"
3937,"[""port_operational_disruption""]","{""weather_disruption"": 0.25225, ""natural_disaster"": 0.00456, ""port_operational_disruption"": 0.783189, ""port_closure"": 0.052116, ""labor_strike_disruption"": 0.036472, ""maritime_security_navigation_disruption"": 0.604752}"
1890,"[""port_operational_disruption""]","{""weather_disruption"": 0.062093, ""natural_disaster"": 0.023039, ""port_operational_disruption"": 0.910307, ""port_closure"": 0.053587, ""labor_strike_disruption"": 0.056445, ""maritime_security_navigation_disruption"": 0.119246}"
3906,"[""weather_disruption"", ""port_closure""]","{""weather_disruption"": 0.778115, ""natural_disaster"": 0.004628, ""port_operational_disruption"": 0.424014, ""port_closure"": 0.919749, ""labor_strike_disruption"": 0.072951, ""maritime_security_navigation_disruption"": 0.246633}"
3120,"[""port_operational_disruption""]","{""weather_disruption"": 0.060072, ""natural_disaster"": 0.003607, ""port_operational_disruption"": 0.971446, ""port_closure"": 0.115146, ""labor_strike_disruption"": 0.070921, ""maritime_security_navigation_disruption"": 0.073068}"
3242,"[""port_operational_disruption""]","{""weather_disruption"": 0.059267, ""natural_disaster"": 0.00595, ""port_operational_disruption"": 0.967733, ""port_closure"": 0.097434, ""labor_strike_disruption"": 0.07773, ""maritime_security_navigation_disruption"": 0.029992}"
992,"[""labor_strike_disruption""]","{""weather_disruption"": 0.04865, ""natural_disaster"": 0.030925, ""port_operational_disruption"": 0.109036, ""port_closure"": 0.03228, ""labor_strike_disruption"": 0.959668, ""maritime_security_navigation_disruption"": 0.064454}"
2543,"[""weather_disruption""]","{""weather_disruption"": 0.962798, ""natural_disaster"": 0.310433, ""port_operational_disruption"": 0.260622, ""port_closure"": 0.031248, ""labor_strike_disruption"": 0.008916, ""maritime_security_navigation_disruption"": 0.107768}"
1768,"[""weather_disruption"", ""port_operational_disruption""]","{""weather_disruption"": 0.909554, ""natural_disaster"": 0.009715, ""port_operational_disruption"": 0.698557, ""port_closure"": 0.165554, ""labor_strike_disruption"": 0.018278, ""maritime_security_navigation_disruption"": 0.211085}"
3329,"[""weather_disruption""]","{""weather_disruption"": 0.9637, ""natural_disaster"": 0.07892, ""port_operational_disruption"": 0.086716, ""port_closure"": 0.066398, ""labor_strike_disruption"": 0.067601, ""maritime_security_navigation_disruption"": 0.069327}"
507,"[""labor_strike_disruption""]","{""weather_disruption"": 0.050368, ""natural_disaster"": 0.030927, ""port_operational_disruption"": 0.169351, ""port_closure"": 0.076074, ""labor_strike_disruption"": 0.961608, ""maritime_security_navigation_disruption"": 0.046898}"
987,"[""weather_disruption"", ""port_operational_disruption"", ""port_closure""]","{""weather_disruption"": 0.803594, ""natural_disaster"": 0.00731, ""port_operational_disruption"": 0.660658, ""port_closure"": 0.912723, ""labor_strike_disruption"": 0.118445, ""maritime_security_navigation_disruption"": 0.061435}"
4712,"[""port_operational_disruption""]","{""weather_disruption"": 0.124112, ""natural_disaster"": 0.010926, ""port_operational_disruption"": 0.948678, ""port_closure"": 0.242279, ""labor_strike_disruption"": 0.052232, ""maritime_security_navigation_disruption"": 0.035762}"
1546,"[""weather_disruption"", ""port_operational_disruption""]","{""weather_disruption"": 0.911369, ""natural_disaster"": 0.006572, ""port_operational_disruption"": 0.569505, ""port_closure"": 0.444753, ""labor_strike_disruption"": 0.050903, ""maritime_security_navigation_disruption"": 0.577815}"
638,"[""weather_disruption""]","{""weather_disruption"": 0.954852, ""natural_disaster"": 0.130676, ""port_operational_disruption"": 0.070206, ""port_closure"": 0.07361, ""labor_strike_disruption"": 0.011188, ""maritime_security_navigation_disruption"": 0.10934}"
2328,"[""weather_disruption"", ""port_closure""]","{""weather_disruption"": 0.935441, ""natural_disaster"": 0.015554, ""port_operational_disruption"": 0.476418, ""port_closure"": 0.976727, ""labor_strike_disruption"": 0.043514, ""maritime_security_navigation_disruption"": 0.232785}"
2281,"[""labor_strike_disruption""]","{""weather_disruption"": 0.076534, ""natural_disaster"": 0.062498, ""port_operational_disruption"": 0.029388, ""port_closure"": 0.010503, ""labor_strike_disruption"": 0.990804, ""maritime_security_navigation_disruption"": 0.025721}"
3474,"[""weather_disruption""]","{""weather_disruption"": 0.618845, ""natural_disaster"": 0.022904, ""port_operational_disruption"": 0.365327, ""port_closure"": 0.235931, ""labor_strike_disruption"": 0.022024, ""maritime_security_navigation_disruption"": 0.35436}"
4290,"[""maritime_security_navigation_disruption""]","{""weather_disruption"": 0.058931, ""natural_disaster"": 0.050737, ""port_operational_disruption"": 0.041477, ""port_closure"": 0.008078, ""labor_strike_disruption"": 0.231954, ""maritime_security_navigation_disruption"": 0.904311}"
2926,"[""labor_strike_disruption"", ""maritime_security_navigation_disruption""]","{""weather_disruption"": 0.008365, ""natural_disaster"": 0.029255, ""port_operational_disruption"": 0.095333, ""port_closure"": 0.072037, ""labor_strike_disruption"": 0.891417, ""maritime_security_navigation_disruption"": 0.671672}"
1093,"[""weather_disruption""]","{""weather_disruption"": 0.92605, ""natural_disaster"": 0.042042, ""port_operational_disruption"": 0.544986, ""port_closure"": 0.134637, ""labor_strike_disruption"": 0.020855, ""maritime_security_navigation_disruption"": 0.337336}"
921,"[""weather_disruption"", ""port_operational_disruption""]","{""weather_disruption"": 0.637898, ""natural_disaster"": 0.004358, ""port_operational_disruption"": 0.941408, ""port_closure"": 0.445375, ""labor_strike_disruption"": 0.015061, ""maritime_security_navigation_disruption"": 0.045396}"
3622,"[""weather_disruption""]","{""weather_disruption"": 0.988262, ""natural_disaster"": 0.232794, ""port_operational_disruption"": 0.085835, ""port_closure"": 0.00997, ""labor_strike_disruption"": 0.044501, ""maritime_security_navigation_disruption"": 0.011481}"
484,"[""weather_disruption"", ""port_operational_disruption""]","{""weather_disruption"": 0.95685, ""natural_disaster"": 0.037749, ""port_operational_disruption"": 0.825151, ""port_closure"": 0.577017, ""labor_strike_disruption"": 0.00707, ""maritime_security_navigation_disruption"": 0.170621}"
4464,"[""labor_strike_disruption""]","{""weather_disruption"": 0.010786, ""natural_disaster"": 0.005288, ""port_operational_disruption"": 0.157105, ""port_closure"": 0.257723, ""labor_strike_disruption"": 0.959022, ""maritime_security_navigation_disruption"": 0.295578}"
3079,"[""port_operational_disruption""]","{""weather_disruption"": 0.161188, ""natural_disaster"": 0.006315, ""port_operational_disruption"": 0.969343, ""port_closure"": 0.139419, ""labor_strike_disruption"": 0.013344, ""maritime_security_navigation_disruption"": 0.174804}"
2050,"[""weather_disruption"", ""port_closure""]","{""weather_disruption"": 0.933463, ""natural_disaster"": 0.019272, ""port_operational_disruption"": 0.250763, ""port_closure"": 0.983908, ""labor_strike_disruption"": 0.036641, ""maritime_security_navigation_disruption"": 0.254154}"
2090,"[""weather_disruption"", ""port_closure""]","{""weather_disruption"": 0.976192, ""natural_disaster"": 0.020131, ""port_operational_disruption"": 0.330703, ""port_closure"": 0.939491, ""labor_strike_disruption"": 0.022896, ""maritime_security_navigation_disruption"": 0.424896}"
430,"[""port_operational_disruption""]","{""weather_disruption"": 0.185069, ""natural_disaster"": 0.007596, ""port_operational_disruption"": 0.976589, ""port_closure"": 0.284622, ""labor_strike_disruption"": 0.134665, ""maritime_security_navigation_disruption"": 0.134298}"
2699,"[""port_operational_disruption""]","{""weather_disruption"": 0.472774, ""natural_disaster"": 0.004667, ""port_operational_disruption"": 0.983495, ""port_closure"": 0.221125, ""labor_strike_disruption"": 0.016028, ""maritime_security_navigation_disruption"": 0.038029}"
3802,"[""maritime_security_navigation_disruption""]","{""weather_disruption"": 0.273135, ""natural_disaster"": 0.033543, ""port_operational_disruption"": 0.087013, ""port_closure"": 0.250973, ""labor_strike_disruption"": 0.042586, ""maritime_security_navigation_disruption"": 0.970674}"
5513,"[""maritime_security_navigation_disruption""]","{""weather_disruption"": 0.075661, ""natural_disaster"": 0.079637, ""port_operational_disruption"": 0.074215, ""port_closure"": 0.041693, ""labor_strike_disruption"": 0.365119, ""maritime_security_navigation_disruption"": 0.71458}"
59,"[""weather_disruption""]","{""weather_disruption"": 0.969009, ""natural_disaster"": 0.126382, ""port_operational_disruption"": 0.237982, ""port_closure"": 0.024687, ""labor_strike_disruption"": 0.133624, ""maritime_security_navigation_disruption"": 0.011243}"
5574,"[""natural_disaster""]","{""weather_disruption"": 0.142724, ""natural_disaster"": 0.990076, ""port_operational_disruption"": 0.01453, ""port_closure"": 0.004648, ""labor_strike_disruption"": 0.055285, ""maritime_security_navigation_disruption"": 0.166416}"
5263,"[""natural_disaster""]","{""weather_disruption"": 0.142843, ""natural_disaster"": 0.990556, ""port_operational_disruption"": 0.037093, ""port_closure"": 0.0023, ""labor_strike_disruption"": 0.020842, ""maritime_security_navigation_disruption"": 0.124185}"
5191,"[""labor_strike_disruption""]","{""weather_disruption"": 0.270364, ""natural_disaster"": 0.091984, ""port_operational_disruption"": 0.060407, ""port_closure"": 0.350507, ""labor_strike_disruption"": 0.593876, ""maritime_security_navigation_disruption"": 0.200209}"
3614,"[""labor_strike_disruption""]","{""weather_disruption"": 0.040969, ""natural_disaster"": 0.008636, ""port_operational_disruption"": 0.290279, ""port_closure"": 0.198982, ""labor_strike_disruption"": 0.995108, ""maritime_security_navigation_disruption"": 0.044035}"
3125,"[""labor_strike_disruption""]","{""weather_disruption"": 0.031347, ""natural_disaster"": 0.011104, ""port_operational_disruption"": 0.40971, ""port_closure"": 0.143177, ""labor_strike_disruption"": 0.947727, ""maritime_security_navigation_disruption"": 0.053634}"
4803,"[""labor_strike_disruption""]","{""weather_disruption"": 0.057646, ""natural_disaster"": 0.076804, ""port_operational_disruption"": 0.117267, ""port_closure"": 0.038947, ""labor_strike_disruption"": 0.558775, ""maritime_security_navigation_disruption"": 0.455107}"
5347,"[""weather_disruption"", ""port_closure""]","{""weather_disruption"": 0.955165, ""natural_disaster"": 0.040171, ""port_operational_disruption"": 0.330667, ""port_closure"": 0.975445, ""labor_strike_disruption"": 0.053374, ""maritime_security_navigation_disruption"": 0.052984}"
5416,"[""port_operational_disruption""]","{""weather_disruption"": 0.07522, ""natural_disaster"": 0.009837, ""port_operational_disruption"": 0.902625, ""port_closure"": 0.130371, ""labor_strike_disruption"": 0.048807, ""maritime_security_navigation_disruption"": 0.266868}"
2730,"[""port_operational_disruption"", ""maritime_security_navigation_disruption""]","{""weather_disruption"": 0.23922, ""natural_disaster"": 0.003633, ""port_operational_disruption"": 0.637283, ""port_closure"": 0.545795, ""labor_strike_disruption"": 0.124735, ""maritime_security_navigation_disruption"": 0.751012}"
4368,"[""natural_disaster""]","{""weather_disruption"": 0.148954, ""natural_disaster"": 0.992268, ""port_operational_disruption"": 0.016206, ""port_closure"": 0.006219, ""labor_strike_disruption"": 0.062199, ""maritime_security_navigation_disruption"": 0.151412}"
5004,"[""weather_disruption""]","{""weather_disruption"": 0.993104, ""natural_disaster"": 0.192968, ""port_operational_disruption"": 0.038532, ""port_closure"": 0.098308, ""labor_strike_disruption"": 0.006247, ""maritime_security_navigation_disruption"": 0.047175}"
388,"[""labor_strike_disruption""]","{""weather_disruption"": 0.006377, ""natural_disaster"": 0.024058, ""port_operational_disruption"": 0.071824, ""port_closure"": 0.00349, ""labor_strike_disruption"": 0.99728, ""maritime_security_navigation_disruption"": 0.106757}"
885,"[""labor_strike_disruption""]","{""weather_disruption"": 0.006263, ""natural_disaster"": 0.007438, ""port_operational_disruption"": 0.437439, ""port_closure"": 0.056243, ""labor_strike_disruption"": 0.988825, ""maritime_security_navigation_disruption"": 0.142615}"
5338,"[""port_operational_disruption""]","{""weather_disruption"": 0.093606, ""natural_disaster"": 0.034172, ""port_operational_disruption"": 0.96166, ""port_closure"": 0.07519, ""labor_strike_disruption"": 0.009771, ""maritime_security_navigation_disruption"": 0.045709}"
5036,"[""labor_strike_disruption""]","{""weather_disruption"": 0.004333, ""natural_disaster"": 0.041123, ""port_operational_disruption"": 0.026579, ""port_closure"": 0.003596, ""labor_strike_disruption"": 0.998383, ""maritime_security_navigation_disruption"": 0.199007}"
3899,"[""port_operational_disruption""]","{""weather_disruption"": 0.166527, ""natural_disaster"": 0.007391, ""port_operational_disruption"": 0.83134, ""port_closure"": 0.155014, ""labor_strike_disruption"": 0.213029, ""maritime_security_navigation_disruption"": 0.098127}"
2799,"[""labor_strike_disruption""]","{""weather_disruption"": 0.068547, ""natural_disaster"": 0.002436, ""port_operational_disruption"": 0.439712, ""port_closure"": 0.680899, ""labor_strike_disruption"": 0.897226, ""maritime_security_navigation_disruption"": 0.340306}"
221,"[""maritime_security_navigation_disruption""]","{""weather_disruption"": 0.022241, ""natural_disaster"": 0.004655, ""port_operational_disruption"": 0.484883, ""port_closure"": 0.054064, ""labor_strike_disruption"": 0.130768, ""maritime_security_navigation_disruption"": 0.964881}"
770,"[""labor_strike_disruption""]","{""weather_disruption"": 0.011562, ""natural_disaster"": 0.036127, ""port_operational_disruption"": 0.073211, ""port_closure"": 0.013573, ""labor_strike_disruption"": 0.983208, ""maritime_security_navigation_disruption"": 0.161685}"
87,"[""weather_disruption"", ""port_operational_disruption""]","{""weather_disruption"": 0.986922, ""natural_disaster"": 0.007926, ""port_operational_disruption"": 0.877687, ""port_closure"": 0.341927, ""labor_strike_disruption"": 0.009368, ""maritime_security_navigation_disruption"": 0.125276}"
3237,"[""port_operational_disruption""]","{""weather_disruption"": 0.079635, ""natural_disaster"": 0.004837, ""port_operational_disruption"": 0.976616, ""port_closure"": 0.064009, ""labor_strike_disruption"": 0.028168, ""maritime_security_navigation_disruption"": 0.038529}"
327,"[""labor_strike_disruption""]","{""weather_disruption"": 0.009782, ""natural_disaster"": 0.024934, ""port_operational_disruption"": 0.028634, ""port_closure"": 0.009644, ""labor_strike_disruption"": 0.999069, ""maritime_security_navigation_disruption"": 0.093278}"
969,"[""labor_strike_disruption""]","{""weather_disruption"": 0.008364, ""natural_disaster"": 0.039525, ""port_operational_disruption"": 0.041509, ""port_closure"": 0.001804, ""labor_strike_disruption"": 0.998155, ""maritime_security_navigation_disruption"": 0.007928}"
1315,"[""port_operational_disruption""]","{""weather_disruption"": 0.154062, ""natural_disaster"": 0.004837, ""port_operational_disruption"": 0.975437, ""port_closure"": 0.02795, ""labor_strike_disruption"": 0.044198, ""maritime_security_navigation_disruption"": 0.390097}"
1244,"[""maritime_security_navigation_disruption""]","{""weather_disruption"": 0.15559, ""natural_disaster"": 0.005111, ""port_operational_disruption"": 0.427368, ""port_closure"": 0.165747, ""labor_strike_disruption"": 0.024445, ""maritime_security_navigation_disruption"": 0.958527}"
2051,"[""weather_disruption"", ""port_closure""]","{""weather_disruption"": 0.678201, ""natural_disaster"": 0.00497, ""port_operational_disruption"": 0.453964, ""port_closure"": 0.974273, ""labor_strike_disruption"": 0.123883, ""maritime_security_navigation_disruption"": 0.278187}"
1889,"[""port_operational_disruption""]","{""weather_disruption"": 0.078489, ""natural_disaster"": 0.018245, ""port_operational_disruption"": 0.904336, ""port_closure"": 0.04195, ""labor_strike_disruption"": 0.048327, ""maritime_security_navigation_disruption"": 0.23033}"
3133,"[""port_operational_disruption""]","{""weather_disruption"": 0.292169, ""natural_disaster"": 0.00674, ""port_operational_disruption"": 0.964855, ""port_closure"": 0.049938, ""labor_strike_disruption"": 0.155717, ""maritime_security_navigation_disruption"": 0.097913}"
630,"[""weather_disruption""]","{""weather_disruption"": 0.907765, ""natural_disaster"": 0.064812, ""port_operational_disruption"": 0.047266, ""port_closure"": 0.090416, ""labor_strike_disruption"": 0.161992, ""maritime_security_navigation_disruption"": 0.132472}"
1352,"[""port_closure""]","{""weather_disruption"": 0.382774, ""natural_disaster"": 0.014241, ""port_operational_disruption"": 0.132809, ""port_closure"": 0.836726, ""labor_strike_disruption"": 0.074927, ""maritime_security_navigation_disruption"": 0.524822}"
3721,"[""weather_disruption"", ""port_operational_disruption"", ""port_closure""]","{""weather_disruption"": 0.85422, ""natural_disaster"": 0.004457, ""port_operational_disruption"": 0.772878, ""port_closure"": 0.899254, ""labor_strike_disruption"": 0.020424, ""maritime_security_navigation_disruption"": 0.158736}"
4469,"[""weather_disruption""]","{""weather_disruption"": 0.956757, ""natural_disaster"": 0.025539, ""port_operational_disruption"": 0.13377, ""port_closure"": 0.080271, ""labor_strike_disruption"": 0.011569, ""maritime_security_navigation_disruption"": 0.577966}"
312,"[""labor_strike_disruption""]","{""weather_disruption"": 0.009079, ""natural_disaster"": 0.072956, ""port_operational_disruption"": 0.029458, ""port_closure"": 0.02471, ""labor_strike_disruption"": 0.973802, ""maritime_security_navigation_disruption"": 0.124645}"
5353,"[""weather_disruption"", ""port_closure""]","{""weather_disruption"": 0.94321, ""natural_disaster"": 0.014383, ""port_operational_disruption"": 0.488009, ""port_closure"": 0.932931, ""labor_strike_disruption"": 0.010118, ""maritime_security_navigation_disruption"": 0.039086}"
2444,"[""labor_strike_disruption""]","{""weather_disruption"": 0.015342, ""natural_disaster"": 0.033327, ""port_operational_disruption"": 0.47384, ""port_closure"": 0.0376, ""labor_strike_disruption"": 0.894728, ""maritime_security_navigation_disruption"": 0.266256}"
4956,"[""weather_disruption""]","{""weather_disruption"": 0.992503, ""natural_disaster"": 0.074682, ""port_operational_disruption"": 0.141587, ""port_closure"": 0.015243, ""labor_strike_disruption"": 0.014403, ""maritime_security_navigation_disruption"": 0.039122}"
967,"[""weather_disruption""]","{""weather_disruption"": 0.98828, ""natural_disaster"": 0.103304, ""port_operational_disruption"": 0.018582, ""port_closure"": 0.021871, ""labor_strike_disruption"": 0.032339, ""maritime_security_navigation_disruption"": 0.025087}"
3995,"[""weather_disruption"", ""port_closure""]","{""weather_disruption"": 0.982242, ""natural_disaster"": 0.006462, ""port_operational_disruption"": 0.382987, ""port_closure"": 0.94444, ""labor_strike_disruption"": 0.012809, ""maritime_security_navigation_disruption"": 0.129201}"
2565,"[""labor_strike_disruption""]","{""weather_disruption"": 0.127545, ""natural_disaster"": 0.048028, ""port_operational_disruption"": 0.168844, ""port_closure"": 0.018692, ""labor_strike_disruption"": 0.620523, ""maritime_security_navigation_disruption"": 0.083703}"
4408,"[""weather_disruption"", ""maritime_security_navigation_disruption""]","{""weather_disruption"": 0.722015, ""natural_disaster"": 0.023793, ""port_operational_disruption"": 0.444028, ""port_closure"": 0.590772, ""labor_strike_disruption"": 0.014943, ""maritime_security_navigation_disruption"": 0.681397}"
4069,[],"{""weather_disruption"": 0.298561, ""natural_disaster"": 0.115977, ""port_operational_disruption"": 0.376411, ""port_closure"": 0.224542, ""labor_strike_disruption"": 0.485537, ""maritime_security_navigation_disruption"": 0.148875}"
5155,"[""labor_strike_disruption""]","{""weather_disruption"": 0.005707, ""natural_disaster"": 0.012308, ""port_operational_disruption"": 0.177175, ""port_closure"": 0.007361, ""labor_strike_disruption"": 0.996214, ""maritime_security_navigation_disruption"": 0.094019}"
5541,"[""weather_disruption""]","{""weather_disruption"": 0.965345, ""natural_disaster"": 0.23796, ""port_operational_disruption"": 0.072359, ""port_closure"": 0.167282, ""labor_strike_disruption"": 0.006956, ""maritime_security_navigation_disruption"": 0.109583}"
5503,"[""maritime_security_navigation_disruption""]","{""weather_disruption"": 0.040835, ""natural_disaster"": 0.033867, ""port_operational_disruption"": 0.538313, ""port_closure"": 0.042078, ""labor_strike_disruption"": 0.19164, ""maritime_security_navigation_disruption"": 0.706307}"
4263,"[""maritime_security_navigation_disruption""]","{""weather_disruption"": 0.043403, ""natural_disaster"": 0.013137, ""port_operational_disruption"": 0.073732, ""port_closure"": 0.087133, ""labor_strike_disruption"": 0.047966, ""maritime_security_navigation_disruption"": 0.989336}"
3283,"[""weather_disruption""]","{""weather_disruption"": 0.881188, ""natural_disaster"": 0.137332, ""port_operational_disruption"": 0.014961, ""port_closure"": 0.068129, ""labor_strike_disruption"": 0.049873, ""maritime_security_navigation_disruption"": 0.18564}"
5438,"[""labor_strike_disruption""]","{""weather_disruption"": 0.031558, ""natural_disaster"": 0.014456, ""port_operational_disruption"": 0.210618, ""port_closure"": 0.06311, ""labor_strike_disruption"": 0.921319, ""maritime_security_navigation_disruption"": 0.343743}"
5496,"[""maritime_security_navigation_disruption""]","{""weather_disruption"": 0.075646, ""natural_disaster"": 0.011963, ""port_operational_disruption"": 0.360219, ""port_closure"": 0.02767, ""labor_strike_disruption"": 0.126421, ""maritime_security_navigation_disruption"": 0.898177}"
3968,"[""weather_disruption"", ""port_closure""]","{""weather_disruption"": 0.964009, ""natural_disaster"": 0.006433, ""port_operational_disruption"": 0.283473, ""port_closure"": 0.93243, ""labor_strike_disruption"": 0.01237, ""maritime_security_navigation_disruption"": 0.329983}"
2892,"[""weather_disruption"", ""port_operational_disruption"", ""port_closure""]","{""weather_disruption"": 0.843657, ""natural_disaster"": 0.003482, ""port_operational_disruption"": 0.795679, ""port_closure"": 0.940731, ""labor_strike_disruption"": 0.083907, ""maritime_security_navigation_disruption"": 0.35621}"
4313,"[""weather_disruption"", ""port_operational_disruption""]","{""weather_disruption"": 0.830717, ""natural_disaster"": 0.003525, ""port_operational_disruption"": 0.664677, ""port_closure"": 0.67682, ""labor_strike_disruption"": 0.092903, ""maritime_security_navigation_disruption"": 0.456374}"
1033,[],"{""weather_disruption"": 0.093344, ""natural_disaster"": 0.066909, ""port_operational_disruption"": 0.346237, ""port_closure"": 0.01476, ""labor_strike_disruption"": 0.373836, ""maritime_security_navigation_disruption"": 0.288722}"
5164,"[""maritime_security_navigation_disruption""]","{""weather_disruption"": 0.057644, ""natural_disaster"": 0.007223, ""port_operational_disruption"": 0.388519, ""port_closure"": 0.153864, ""labor_strike_disruption"": 0.128978, ""maritime_security_navigation_disruption"": 0.806829}"
2745,"[""port_operational_disruption""]","{""weather_disruption"": 0.103, ""natural_disaster"": 0.048198, ""port_operational_disruption"": 0.934348, ""port_closure"": 0.060947, ""labor_strike_disruption"": 0.017099, ""maritime_security_navigation_disruption"": 0.021472}"
5485,"[""maritime_security_navigation_disruption""]","{""weather_disruption"": 0.027444, ""natural_disaster"": 0.021648, ""port_operational_disruption"": 0.080175, ""port_closure"": 0.093049, ""labor_strike_disruption"": 0.061781, ""maritime_security_navigation_disruption"": 0.987406}"
3067,"[""port_operational_disruption"", ""maritime_security_navigation_disruption""]","{""weather_disruption"": 0.101431, ""natural_disaster"": 0.009399, ""port_operational_disruption"": 0.61494, ""port_closure"": 0.052377, ""labor_strike_disruption"": 0.02214, ""maritime_security_navigation_disruption"": 0.906273}"
4602,"[""port_operational_disruption""]","{""weather_disruption"": 0.392757, ""natural_disaster"": 0.016129, ""port_operational_disruption"": 0.961913, ""port_closure"": 0.361, ""labor_strike_disruption"": 0.044516, ""maritime_security_navigation_disruption"": 0.021047}"
4532,[],"{""weather_disruption"": 0.248832, ""natural_disaster"": 0.563248, ""port_operational_disruption"": 0.10953, ""port_closure"": 0.114288, ""labor_strike_disruption"": 0.244941, ""maritime_security_navigation_disruption"": 0.089379}"
3804,"[""maritime_security_navigation_disruption""]","{""weather_disruption"": 0.120998, ""natural_disaster"": 0.01774, ""port_operational_disruption"": 0.34936, ""port_closure"": 0.085068, ""labor_strike_disruption"": 0.036986, ""maritime_security_navigation_disruption"": 0.882664}"
688,"[""labor_strike_disruption""]","{""weather_disruption"": 0.020788, ""natural_disaster"": 0.007613, ""port_operational_disruption"": 0.200596, ""port_closure"": 0.131337, ""labor_strike_disruption"": 0.971927, ""maritime_security_navigation_disruption"": 0.294621}"
758,"[""weather_disruption""]","{""weather_disruption"": 0.947059, ""natural_disaster"": 0.15377, ""port_operational_disruption"": 0.07195, ""port_closure"": 0.129181, ""labor_strike_disruption"": 0.076823, ""maritime_security_navigation_disruption"": 0.025701}"
1769,"[""weather_disruption"", ""port_operational_disruption""]","{""weather_disruption"": 0.840507, ""natural_disaster"": 0.011461, ""port_operational_disruption"": 0.825194, ""port_closure"": 0.304535, ""labor_strike_disruption"": 0.022165, ""maritime_security_navigation_disruption"": 0.168317}"
1396,"[""port_operational_disruption""]","{""weather_disruption"": 0.232897, ""natural_disaster"": 0.020033, ""port_operational_disruption"": 0.920274, ""port_closure"": 0.192555, ""labor_strike_disruption"": 0.030659, ""maritime_security_navigation_disruption"": 0.20431}"
2819,"[""weather_disruption"", ""port_operational_disruption""]","{""weather_disruption"": 0.681403, ""natural_disaster"": 0.009557, ""port_operational_disruption"": 0.963372, ""port_closure"": 0.197999, ""labor_strike_disruption"": 0.015495, ""maritime_security_navigation_disruption"": 0.069811}"
3674,"[""maritime_security_navigation_disruption""]","{""weather_disruption"": 0.166287, ""natural_disaster"": 0.02716, ""port_operational_disruption"": 0.407667, ""port_closure"": 0.098467, ""labor_strike_disruption"": 0.07844, ""maritime_security_navigation_disruption"": 0.911896}"
1138,"[""weather_disruption""]","{""weather_disruption"": 0.986739, ""natural_disaster"": 0.340191, ""port_operational_disruption"": 0.036974, ""port_closure"": 0.026633, ""labor_strike_disruption"": 0.02149, ""maritime_security_navigation_disruption"": 0.016212}"
853,"[""labor_strike_disruption""]","{""weather_disruption"": 0.011597, ""natural_disaster"": 0.133271, ""port_operational_disruption"": 0.131845, ""port_closure"": 0.004195, ""labor_strike_disruption"": 0.988974, ""maritime_security_navigation_disruption"": 0.122593}"
3418,"[""weather_disruption""]","{""weather_disruption"": 0.977907, ""natural_disaster"": 0.486372, ""port_operational_disruption"": 0.054728, ""port_closure"": 0.027222, ""labor_strike_disruption"": 0.064366, ""maritime_security_navigation_disruption"": 0.018681}"
3969,"[""weather_disruption"", ""port_closure""]","{""weather_disruption"": 0.885489, ""natural_disaster"": 0.009692, ""port_operational_disruption"": 0.364545, ""port_closure"": 0.954536, ""labor_strike_disruption"": 0.016018, ""maritime_security_navigation_disruption"": 0.156097}"
5110,"[""weather_disruption""]","{""weather_disruption"": 0.982372, ""natural_disaster"": 0.094314, ""port_operational_disruption"": 0.093779, ""port_closure"": 0.05423, ""labor_strike_disruption"": 0.018313, ""maritime_security_navigation_disruption"": 0.139232}"
2575,"[""weather_disruption""]","{""weather_disruption"": 0.951548, ""natural_disaster"": 0.123424, ""port_operational_disruption"": 0.155606, ""port_closure"": 0.144289, ""labor_strike_disruption"": 0.049904, ""maritime_security_navigation_disruption"": 0.096112}"
1187,"[""port_operational_disruption""]","{""weather_disruption"": 0.098273, ""natural_disaster"": 0.011402, ""port_operational_disruption"": 0.966605, ""port_closure"": 0.092719, ""labor_strike_disruption"": 0.015688, ""maritime_security_navigation_disruption"": 0.0381}"
2859,"[""weather_disruption"", ""port_operational_disruption""]","{""weather_disruption"": 0.791137, ""natural_disaster"": 0.012581, ""port_operational_disruption"": 0.942664, ""port_closure"": 0.290749, ""labor_strike_disruption"": 0.026736, ""maritime_security_navigation_disruption"": 0.25904}"
1271,"[""labor_strike_disruption""]","{""weather_disruption"": 0.088021, ""natural_disaster"": 0.034548, ""port_operational_disruption"": 0.04417, ""port_closure"": 0.003768, ""labor_strike_disruption"": 0.99392, ""maritime_security_navigation_disruption"": 0.015514}"
3034,"[""port_operational_disruption""]","{""weather_disruption"": 0.041634, ""natural_disaster"": 0.007744, ""port_operational_disruption"": 0.97242, ""port_closure"": 0.058808, ""labor_strike_disruption"": 0.05613, ""maritime_security_navigation_disruption"": 0.081328}"
1709,"[""port_operational_disruption""]","{""weather_disruption"": 0.16413, ""natural_disaster"": 0.010767, ""port_operational_disruption"": 0.803819, ""port_closure"": 0.211436, ""labor_strike_disruption"": 0.211167, ""maritime_security_navigation_disruption"": 0.196035}"
3328,"[""labor_strike_disruption""]","{""weather_disruption"": 0.030174, ""natural_disaster"": 0.010901, ""port_operational_disruption"": 0.122093, ""port_closure"": 0.01145, ""labor_strike_disruption"": 0.983403, ""maritime_security_navigation_disruption"": 0.383395}"
4338,"[""maritime_security_navigation_disruption""]","{""weather_disruption"": 0.074129, ""natural_disaster"": 0.003688, ""port_operational_disruption"": 0.417943, ""port_closure"": 0.057798, ""labor_strike_disruption"": 0.049135, ""maritime_security_navigation_disruption"": 0.947961}"
4580,"[""maritime_security_navigation_disruption""]","{""weather_disruption"": 0.146981, ""natural_disaster"": 0.006189, ""port_operational_disruption"": 0.323257, ""port_closure"": 0.064439, ""labor_strike_disruption"": 0.059589, ""maritime_security_navigation_disruption"": 0.888037}"
4816,"[""port_operational_disruption""]","{""weather_disruption"": 0.042973, ""natural_disaster"": 0.012604, ""port_operational_disruption"": 0.963405, ""port_closure"": 0.0553, ""labor_strike_disruption"": 0.01586, ""maritime_security_navigation_disruption"": 0.046004}"
4969,"[""maritime_security_navigation_disruption""]","{""weather_disruption"": 0.126549, ""natural_disaster"": 0.009081, ""port_operational_disruption"": 0.151497, ""port_closure"": 0.032197, ""labor_strike_disruption"": 0.188911, ""maritime_security_navigation_disruption"": 0.924376}"
1624,"[""weather_disruption"", ""port_operational_disruption""]","{""weather_disruption"": 0.912268, ""natural_disaster"": 0.005505, ""port_operational_disruption"": 0.761034, ""port_closure"": 0.409662, ""labor_strike_disruption"": 0.037922, ""maritime_security_navigation_disruption"": 0.381501}"
970,"[""labor_strike_disruption""]","{""weather_disruption"": 0.015651, ""natural_disaster"": 0.009633, ""port_operational_disruption"": 0.02423, ""port_closure"": 0.005061, ""labor_strike_disruption"": 0.997984, ""maritime_security_navigation_disruption"": 0.041897}"
3182,"[""maritime_security_navigation_disruption""]","{""weather_disruption"": 0.021664, ""natural_disaster"": 0.150169, ""port_operational_disruption"": 0.178018, ""port_closure"": 0.073027, ""labor_strike_disruption"": 0.237494, ""maritime_security_navigation_disruption"": 0.78549}"
1188,"[""port_operational_disruption""]","{""weather_disruption"": 0.124568, ""natural_disaster"": 0.005152, ""port_operational_disruption"": 0.969677, ""port_closure"": 0.166462, ""labor_strike_disruption"": 0.028265, ""maritime_security_navigation_disruption"": 0.031023}"
232,"[""weather_disruption""]","{""weather_disruption"": 0.977644, ""natural_disaster"": 0.203184, ""port_operational_disruption"": 0.086514, ""port_closure"": 0.05498, ""labor_strike_disruption"": 0.045043, ""maritime_security_navigation_disruption"": 0.060554}"
5061,"[""port_operational_disruption"", ""maritime_security_navigation_disruption""]","{""weather_disruption"": 0.179073, ""natural_disaster"": 0.010405, ""port_operational_disruption"": 0.660363, ""port_closure"": 0.094598, ""labor_strike_disruption"": 0.030858, ""maritime_security_navigation_disruption"": 0.862095}"
2157,"[""weather_disruption""]","{""weather_disruption"": 0.985592, ""natural_disaster"": 0.036436, ""port_operational_disruption"": 0.400533, ""port_closure"": 0.212868, ""labor_strike_disruption"": 0.031401, ""maritime_security_navigation_disruption"": 0.021276}"
2815,"[""weather_disruption"", ""port_operational_disruption""]","{""weather_disruption"": 0.931827, ""natural_disaster"": 0.003559, ""port_operational_disruption"": 0.607637, ""port_closure"": 0.178013, ""labor_strike_disruption"": 0.053081, ""maritime_security_navigation_disruption"": 0.455851}"
1226,"[""labor_strike_disruption""]","{""weather_disruption"": 0.16569, ""natural_disaster"": 0.040849, ""port_operational_disruption"": 0.012721, ""port_closure"": 0.025172, ""labor_strike_disruption"": 0.974061, ""maritime_security_navigation_disruption"": 0.041995}"
3587,"[""maritime_security_navigation_disruption""]","{""weather_disruption"": 0.259176, ""natural_disaster"": 0.007843, ""port_operational_disruption"": 0.246961, ""port_closure"": 0.155793, ""labor_strike_disruption"": 0.013687, ""maritime_security_navigation_disruption"": 0.951026}"
288,"[""weather_disruption""]","{""weather_disruption"": 0.850846, ""natural_disaster"": 0.073728, ""port_operational_disruption"": 0.020033, ""port_closure"": 0.097118, ""labor_strike_disruption"": 0.072654, ""maritime_security_navigation_disruption"": 0.188901}"
2633,"[""weather_disruption""]","{""weather_disruption"": 0.994504, ""natural_disaster"": 0.103861, ""port_operational_disruption"": 0.02881, ""port_closure"": 0.028662, ""labor_strike_disruption"": 0.020547, ""maritime_security_navigation_disruption"": 0.036807}"
2109,"[""port_operational_disruption""]","{""weather_disruption"": 0.228167, ""natural_disaster"": 0.002573, ""port_operational_disruption"": 0.813727, ""port_closure"": 0.494329, ""labor_strike_disruption"": 0.492447, ""maritime_security_navigation_disruption"": 0.202367}"
2316,"[""weather_disruption""]","{""weather_disruption"": 0.992808, ""natural_disaster"": 0.04567, ""port_operational_disruption"": 0.036439, ""port_closure"": 0.123451, ""labor_strike_disruption"": 0.009198, ""maritime_security_navigation_disruption"": 0.303484}"
4716,"[""port_operational_disruption""]","{""weather_disruption"": 0.080348, ""natural_disaster"": 0.005013, ""port_operational_disruption"": 0.936429, ""port_closure"": 0.036575, ""labor_strike_disruption"": 0.516542, ""maritime_security_navigation_disruption"": 0.111116}"
2208,"[""weather_disruption"", ""port_operational_disruption""]","{""weather_disruption"": 0.974631, ""natural_disaster"": 0.003883, ""port_operational_disruption"": 0.888728, ""port_closure"": 0.486748, ""labor_strike_disruption"": 0.01907, ""maritime_security_navigation_disruption"": 0.052231}"
5201,"[""labor_strike_disruption""]","{""weather_disruption"": 0.011476, ""natural_disaster"": 0.031658, ""port_operational_disruption"": 0.211194, ""port_closure"": 0.046137, ""labor_strike_disruption"": 0.990859, ""maritime_security_navigation_disruption"": 0.082586}"
5241,"[""weather_disruption"", ""port_operational_disruption""]","{""weather_disruption"": 0.831159, ""natural_disaster"": 0.015165, ""port_operational_disruption"": 0.719005, ""port_closure"": 0.24887, ""labor_strike_disruption"": 0.044409, ""maritime_security_navigation_disruption"": 0.310184}"
1545,"[""weather_disruption"", ""port_operational_disruption"", ""port_closure""]","{""weather_disruption"": 0.919502, ""natural_disaster"": 0.005902, ""port_operational_disruption"": 0.600601, ""port_closure"": 0.970502, ""labor_strike_disruption"": 0.023756, ""maritime_security_navigation_disruption"": 0.155283}"
3754,[],"{""weather_disruption"": 0.378939, ""natural_disaster"": 0.020696, ""port_operational_disruption"": 0.305798, ""port_closure"": 0.632997, ""labor_strike_disruption"": 0.108783, ""maritime_security_navigation_disruption"": 0.327555}"
5487,"[""maritime_security_navigation_disruption""]","{""weather_disruption"": 0.025863, ""natural_disaster"": 0.011198, ""port_operational_disruption"": 0.119057, ""port_closure"": 0.08488, ""labor_strike_disruption"": 0.040126, ""maritime_security_navigation_disruption"": 0.991999}"
4976,"[""port_operational_disruption"", ""maritime_security_navigation_disruption""]","{""weather_disruption"": 0.270924, ""natural_disaster"": 0.032943, ""port_operational_disruption"": 0.644805, ""port_closure"": 0.0435, ""labor_strike_disruption"": 0.028157, ""maritime_security_navigation_disruption"": 0.738634}"
2903,"[""maritime_security_navigation_disruption""]","{""weather_disruption"": 0.333857, ""natural_disaster"": 0.027016, ""port_operational_disruption"": 0.54281, ""port_closure"": 0.119651, ""labor_strike_disruption"": 0.053304, ""maritime_security_navigation_disruption"": 0.956365}"
5089,"[""labor_strike_disruption""]","{""weather_disruption"": 0.004396, ""natural_disaster"": 0.059408, ""port_operational_disruption"": 0.033722, ""port_closure"": 0.009598, ""labor_strike_disruption"": 0.998455, ""maritime_security_navigation_disruption"": 0.037449}"
4931,"[""port_operational_disruption""]","{""weather_disruption"": 0.10249, ""natural_disaster"": 0.007562, ""port_operational_disruption"": 0.968764, ""port_closure"": 0.086719, ""labor_strike_disruption"": 0.022625, ""maritime_security_navigation_disruption"": 0.0715}"
5264,"[""natural_disaster""]","{""weather_disruption"": 0.139965, ""natural_disaster"": 0.991654, ""port_operational_disruption"": 0.039178, ""port_closure"": 0.002018, ""labor_strike_disruption"": 0.018064, ""maritime_security_navigation_disruption"": 0.173546}"
4599,"[""port_operational_disruption""]","{""weather_disruption"": 0.087796, ""natural_disaster"": 0.006365, ""port_operational_disruption"": 0.98062, ""port_closure"": 0.100402, ""labor_strike_disruption"": 0.021742, ""maritime_security_navigation_disruption"": 0.117897}"
56,"[""weather_disruption""]","{""weather_disruption"": 0.989014, ""natural_disaster"": 0.100102, ""port_operational_disruption"": 0.229364, ""port_closure"": 0.021147, ""labor_strike_disruption"": 0.078263, ""maritime_security_navigation_disruption"": 0.021625}"
611,"[""weather_disruption""]","{""weather_disruption"": 0.860404, ""natural_disaster"": 0.191874, ""port_operational_disruption"": 0.336351, ""port_closure"": 0.105883, ""labor_strike_disruption"": 0.15116, ""maritime_security_navigation_disruption"": 0.075574}"
2749,"[""port_operational_disruption""]","{""weather_disruption"": 0.097911, ""natural_disaster"": 0.008289, ""port_operational_disruption"": 0.980816, ""port_closure"": 0.108051, ""labor_strike_disruption"": 0.020846, ""maritime_security_navigation_disruption"": 0.080624}"
5571,"[""natural_disaster""]","{""weather_disruption"": 0.124674, ""natural_disaster"": 0.99212, ""port_operational_disruption"": 0.019551, ""port_closure"": 0.005326, ""labor_strike_disruption"": 0.063176, ""maritime_security_navigation_disruption"": 0.154648}"
3990,"[""weather_disruption"", ""port_closure"", ""maritime_security_navigation_disruption""]","{""weather_disruption"": 0.634435, ""natural_disaster"": 0.129066, ""port_operational_disruption"": 0.273846, ""port_closure"": 0.901404, ""labor_strike_disruption"": 0.030167, ""maritime_security_navigation_disruption"": 0.678286}"
1752,"[""labor_strike_disruption""]","{""weather_disruption"": 0.02462, ""natural_disaster"": 0.033498, ""port_operational_disruption"": 0.016218, ""port_closure"": 0.006026, ""labor_strike_disruption"": 0.995954, ""maritime_security_navigation_disruption"": 0.01608}"
5384,"[""labor_strike_disruption"", ""maritime_security_navigation_disruption""]","{""weather_disruption"": 0.056402, ""natural_disaster"": 0.004875, ""port_operational_disruption"": 0.084429, ""port_closure"": 0.15232, ""labor_strike_disruption"": 0.953526, ""maritime_security_navigation_disruption"": 0.731321}"
5612,"[""maritime_security_navigation_disruption""]","{""weather_disruption"": 0.057732, ""natural_disaster"": 0.025143, ""port_operational_disruption"": 0.305097, ""port_closure"": 0.013368, ""labor_strike_disruption"": 0.036394, ""maritime_security_navigation_disruption"": 0.956467}"
5580,"[""natural_disaster""]","{""weather_disruption"": 0.150552, ""natural_disaster"": 0.989225, ""port_operational_disruption"": 0.016194, ""port_closure"": 0.006136, ""labor_strike_disruption"": 0.082675, ""maritime_security_navigation_disruption"": 0.195411}"
2294,"[""weather_disruption""]","{""weather_disruption"": 0.991481, ""natural_disaster"": 0.171147, ""port_operational_disruption"": 0.013571, ""port_closure"": 0.088792, ""labor_strike_disruption"": 0.047984, ""maritime_security_navigation_disruption"": 0.121115}"
656,[],"{""weather_disruption"": 0.089704, ""natural_disaster"": 0.083944, ""port_operational_disruption"": 0.163194, ""port_closure"": 0.027822, ""labor_strike_disruption"": 0.192614, ""maritime_security_navigation_disruption"": 0.641733}"
1760,"[""weather_disruption"", ""port_operational_disruption""]","{""weather_disruption"": 0.887162, ""natural_disaster"": 0.010494, ""port_operational_disruption"": 0.824771, ""port_closure"": 0.529631, ""labor_strike_disruption"": 0.014207, ""maritime_security_navigation_disruption"": 0.165991}"
2569,"[""labor_strike_disruption""]","{""weather_disruption"": 0.03022, ""natural_disaster"": 0.050175, ""port_operational_disruption"": 0.040442, ""port_closure"": 0.024802, ""labor_strike_disruption"": 0.964547, ""maritime_security_navigation_disruption"": 0.034693}"
274,"[""labor_strike_disruption""]","{""weather_disruption"": 0.052662, ""natural_disaster"": 0.018282, ""port_operational_disruption"": 0.036732, ""port_closure"": 0.009829, ""labor_strike_disruption"": 0.978456, ""maritime_security_navigation_disruption"": 0.221741}"
3901,"[""weather_disruption"", ""port_operational_disruption""]","{""weather_disruption"": 0.920061, ""natural_disaster"": 0.024795, ""port_operational_disruption"": 0.924364, ""port_closure"": 0.241384, ""labor_strike_disruption"": 0.020867, ""maritime_security_navigation_disruption"": 0.056516}"
5750,"[""port_operational_disruption""]","{""weather_disruption"": 0.102275, ""natural_disaster"": 0.006694, ""port_operational_disruption"": 0.97242, ""port_closure"": 0.078744, ""labor_strike_disruption"": 0.049252, ""maritime_security_navigation_disruption"": 0.011855}"
3973,"[""labor_strike_disruption""]","{""weather_disruption"": 0.014235, ""natural_disaster"": 0.00845, ""port_operational_disruption"": 0.223645, ""port_closure"": 0.007914, ""labor_strike_disruption"": 0.997024, ""maritime_security_navigation_disruption"": 0.05679}"
4483,"[""port_operational_disruption"", ""maritime_security_navigation_disruption""]","{""weather_disruption"": 0.310305, ""natural_disaster"": 0.028521, ""port_operational_disruption"": 0.708191, ""port_closure"": 0.087267, ""labor_strike_disruption"": 0.040123, ""maritime_security_navigation_disruption"": 0.693337}"
4747,"[""weather_disruption"", ""port_operational_disruption"", ""port_closure"", ""maritime_security_navigation_disruption""]","{""weather_disruption"": 0.643411, ""natural_disaster"": 0.001547, ""port_operational_disruption"": 0.609467, ""port_closure"": 0.869439, ""labor_strike_disruption"": 0.053475, ""maritime_security_navigation_disruption"": 0.683208}"
1118,"[""labor_strike_disruption""]","{""weather_disruption"": 0.040134, ""natural_disaster"": 0.010466, ""port_operational_disruption"": 0.078567, ""port_closure"": 0.008938, ""labor_strike_disruption"": 0.964235, ""maritime_security_navigation_disruption"": 0.101299}"
261,"[""weather_disruption"", ""port_operational_disruption""]","{""weather_disruption"": 0.98135, ""natural_disaster"": 0.008226, ""port_operational_disruption"": 0.78325, ""port_closure"": 0.238367, ""labor_strike_disruption"": 0.00526, ""maritime_security_navigation_disruption"": 0.133139}"
4677,"[""weather_disruption"", ""port_closure""]","{""weather_disruption"": 0.972732, ""natural_disaster"": 0.006476, ""port_operational_disruption"": 0.319458, ""port_closure"": 0.986967, ""labor_strike_disruption"": 0.012372, ""maritime_security_navigation_disruption"": 0.098098}"
103,"[""weather_disruption"", ""port_operational_disruption""]","{""weather_disruption"": 0.649131, ""natural_disaster"": 0.033258, ""port_operational_disruption"": 0.949543, ""port_closure"": 0.139941, ""labor_strike_disruption"": 0.047777, ""maritime_security_navigation_disruption"": 0.036269}"
4756,"[""port_operational_disruption""]","{""weather_disruption"": 0.052335, ""natural_disaster"": 0.012376, ""port_operational_disruption"": 0.929028, ""port_closure"": 0.148508, ""labor_strike_disruption"": 0.068589, ""maritime_security_navigation_disruption"": 0.10507}"
4169,"[""weather_disruption"", ""port_operational_disruption""]","{""weather_disruption"": 0.970449, ""natural_disaster"": 0.009215, ""port_operational_disruption"": 0.746344, ""port_closure"": 0.288014, ""labor_strike_disruption"": 0.019336, ""maritime_security_navigation_disruption"": 0.050372}"
3878,"[""weather_disruption"", ""port_operational_disruption""]","{""weather_disruption"": 0.710943, ""natural_disaster"": 0.012465, ""port_operational_disruption"": 0.878402, ""port_closure"": 0.287622, ""labor_strike_disruption"": 0.054626, ""maritime_security_navigation_disruption"": 0.216104}"
3425,"[""port_operational_disruption""]","{""weather_disruption"": 0.118021, ""natural_disaster"": 0.005855, ""port_operational_disruption"": 0.94643, ""port_closure"": 0.358648, ""labor_strike_disruption"": 0.073916, ""maritime_security_navigation_disruption"": 0.106147}"
836,"[""labor_strike_disruption""]","{""weather_disruption"": 0.036282, ""natural_disaster"": 0.007659, ""port_operational_disruption"": 0.285545, ""port_closure"": 0.234485, ""labor_strike_disruption"": 0.895761, ""maritime_security_navigation_disruption"": 0.202435}"
2529,"[""labor_strike_disruption""]","{""weather_disruption"": 0.004587, ""natural_disaster"": 0.101684, ""port_operational_disruption"": 0.047662, ""port_closure"": 0.002542, ""labor_strike_disruption"": 0.92218, ""maritime_security_navigation_disruption"": 0.329827}"
2656,"[""port_operational_disruption""]","{""weather_disruption"": 0.126728, ""natural_disaster"": 0.004248, ""port_operational_disruption"": 0.972909, ""port_closure"": 0.139411, ""labor_strike_disruption"": 0.015698, ""maritime_security_navigation_disruption"": 0.049281}"
1659,"[""weather_disruption""]","{""weather_disruption"": 0.662075, ""natural_disaster"": 0.143157, ""port_operational_disruption"": 0.06578, ""port_closure"": 0.295696, ""labor_strike_disruption"": 0.251371, ""maritime_security_navigation_disruption"": 0.3035}"
2744,"[""port_operational_disruption""]","{""weather_disruption"": 0.240721, ""natural_disaster"": 0.012488, ""port_operational_disruption"": 0.954841, ""port_closure"": 0.107141, ""labor_strike_disruption"": 0.020693, ""maritime_security_navigation_disruption"": 0.01346}"
2691,"[""port_operational_disruption""]","{""weather_disruption"": 0.08723, ""natural_disaster"": 0.006663, ""port_operational_disruption"": 0.948881, ""port_closure"": 0.064252, ""labor_strike_disruption"": 0.025587, ""maritime_security_navigation_disruption"": 0.033071}"
4133,"[""port_operational_disruption""]","{""weather_disruption"": 0.296457, ""natural_disaster"": 0.004824, ""port_operational_disruption"": 0.946713, ""port_closure"": 0.259933, ""labor_strike_disruption"": 0.021364, ""maritime_security_navigation_disruption"": 0.566869}"
4526,"[""labor_strike_disruption""]","{""weather_disruption"": 0.029986, ""natural_disaster"": 0.016542, ""port_operational_disruption"": 0.22429, ""port_closure"": 0.115918, ""labor_strike_disruption"": 0.912479, ""maritime_security_navigation_disruption"": 0.316928}"
1475,"[""labor_strike_disruption""]","{""weather_disruption"": 0.014905, ""natural_disaster"": 0.052615, ""port_operational_disruption"": 0.006803, ""port_closure"": 0.03683, ""labor_strike_disruption"": 0.989983, ""maritime_security_navigation_disruption"": 0.058072}"
2865,"[""labor_strike_disruption""]","{""weather_disruption"": 0.00752, ""natural_disaster"": 0.007649, ""port_operational_disruption"": 0.085658, ""port_closure"": 0.055476, ""labor_strike_disruption"": 0.995893, ""maritime_security_navigation_disruption"": 0.124885}"
3641,"[""weather_disruption""]","{""weather_disruption"": 0.969304, ""natural_disaster"": 0.086741, ""port_operational_disruption"": 0.040723, ""port_closure"": 0.124096, ""labor_strike_disruption"": 0.034221, ""maritime_security_navigation_disruption"": 0.240367}"
1064,"[""weather_disruption""]","{""weather_disruption"": 0.991582, ""natural_disaster"": 0.088536, ""port_operational_disruption"": 0.154445, ""port_closure"": 0.059461, ""labor_strike_disruption"": 0.024355, ""maritime_security_navigation_disruption"": 0.301274}"
3469,"[""weather_disruption""]","{""weather_disruption"": 0.988748, ""natural_disaster"": 0.22488, ""port_operational_disruption"": 0.042759, ""port_closure"": 0.045563, ""labor_strike_disruption"": 0.06332, ""maritime_security_navigation_disruption"": 0.032609}"
1001,"[""weather_disruption"", ""port_operational_disruption""]","{""weather_disruption"": 0.747811, ""natural_disaster"": 0.006328, ""port_operational_disruption"": 0.961966, ""port_closure"": 0.172365, ""labor_strike_disruption"": 0.044108, ""maritime_security_navigation_disruption"": 0.081005}"
1321,"[""labor_strike_disruption""]","{""weather_disruption"": 0.011629, ""natural_disaster"": 0.008327, ""port_operational_disruption"": 0.440939, ""port_closure"": 0.007465, ""labor_strike_disruption"": 0.95089, ""maritime_security_navigation_disruption"": 0.143171}"
762,"[""labor_strike_disruption""]","{""weather_disruption"": 0.05844, ""natural_disaster"": 0.049113, ""port_operational_disruption"": 0.086809, ""port_closure"": 0.001991, ""labor_strike_disruption"": 0.979249, ""maritime_security_navigation_disruption"": 0.023425}"
4897,"[""port_closure""]","{""weather_disruption"": 0.319892, ""natural_disaster"": 0.006825, ""port_operational_disruption"": 0.51281, ""port_closure"": 0.808867, ""labor_strike_disruption"": 0.071809, ""maritime_security_navigation_disruption"": 0.270669}"
3366,"[""maritime_security_navigation_disruption""]","{""weather_disruption"": 0.11, ""natural_disaster"": 0.004534, ""port_operational_disruption"": 0.244049, ""port_closure"": 0.096738, ""labor_strike_disruption"": 0.029972, ""maritime_security_navigation_disruption"": 0.973247}"
2887,"[""weather_disruption"", ""port_operational_disruption""]","{""weather_disruption"": 0.612461, ""natural_disaster"": 0.007476, ""port_operational_disruption"": 0.860805, ""port_closure"": 0.605327, ""labor_strike_disruption"": 0.028896, ""maritime_security_navigation_disruption"": 0.111786}"
3126,"[""port_operational_disruption"", ""maritime_security_navigation_disruption""]","{""weather_disruption"": 0.048252, ""natural_disaster"": 0.002037, ""port_operational_disruption"": 0.897559, ""port_closure"": 0.058779, ""labor_strike_disruption"": 0.084472, ""maritime_security_navigation_disruption"": 0.773091}"
525,"[""maritime_security_navigation_disruption""]","{""weather_disruption"": 0.028496, ""natural_disaster"": 0.007217, ""port_operational_disruption"": 0.207612, ""port_closure"": 0.010169, ""labor_strike_disruption"": 0.291194, ""maritime_security_navigation_disruption"": 0.839728}"
2929,"[""port_operational_disruption""]","{""weather_disruption"": 0.175748, ""natural_disaster"": 0.008768, ""port_operational_disruption"": 0.979375, ""port_closure"": 0.193411, ""labor_strike_disruption"": 0.018105, ""maritime_security_navigation_disruption"": 0.05733}"
731,"[""labor_strike_disruption""]","{""weather_disruption"": 0.011667, ""natural_disaster"": 0.022056, ""port_operational_disruption"": 0.087333, ""port_closure"": 0.017917, ""labor_strike_disruption"": 0.995987, ""maritime_security_navigation_disruption"": 0.03528}"
2869,"[""weather_disruption"", ""port_closure""]","{""weather_disruption"": 0.919985, ""natural_disaster"": 0.011082, ""port_operational_disruption"": 0.252946, ""port_closure"": 0.920188, ""labor_strike_disruption"": 0.01153, ""maritime_security_navigation_disruption"": 0.328453}"
4219,"[""weather_disruption"", ""port_operational_disruption""]","{""weather_disruption"": 0.988521, ""natural_disaster"": 0.030336, ""port_operational_disruption"": 0.585354, ""port_closure"": 0.674446, ""labor_strike_disruption"": 0.011582, ""maritime_security_navigation_disruption"": 0.065167}"
2305,"[""weather_disruption"", ""maritime_security_navigation_disruption""]","{""weather_disruption"": 0.80036, ""natural_disaster"": 0.049117, ""port_operational_disruption"": 0.485801, ""port_closure"": 0.03483, ""labor_strike_disruption"": 0.028899, ""maritime_security_navigation_disruption"": 0.670735}"
5096,"[""labor_strike_disruption""]","{""weather_disruption"": 0.032683, ""natural_disaster"": 0.088836, ""port_operational_disruption"": 0.018622, ""port_closure"": 0.009383, ""labor_strike_disruption"": 0.919779, ""maritime_security_navigation_disruption"": 0.23704}"
4610,"[""port_operational_disruption""]","{""weather_disruption"": 0.156675, ""natural_disaster"": 0.006812, ""port_operational_disruption"": 0.958799, ""port_closure"": 0.143518, ""labor_strike_disruption"": 0.062396, ""maritime_security_navigation_disruption"": 0.138942}"
4749,"[""weather_disruption""]","{""weather_disruption"": 0.991848, ""natural_disaster"": 0.160652, ""port_operational_disruption"": 0.115609, ""port_closure"": 0.022991, ""labor_strike_disruption"": 0.011746, ""maritime_security_navigation_disruption"": 0.0406}"
4171,"[""weather_disruption"", ""port_operational_disruption""]","{""weather_disruption"": 0.96235, ""natural_disaster"": 0.009068, ""port_operational_disruption"": 0.782161, ""port_closure"": 0.681569, ""labor_strike_disruption"": 0.013579, ""maritime_security_navigation_disruption"": 0.066132}"
4699,"[""weather_disruption"", ""maritime_security_navigation_disruption""]","{""weather_disruption"": 0.867557, ""natural_disaster"": 0.012244, ""port_operational_disruption"": 0.131984, ""port_closure"": 0.687064, ""labor_strike_disruption"": 0.052185, ""maritime_security_navigation_disruption"": 0.830881}"
4335,"[""maritime_security_navigation_disruption""]","{""weather_disruption"": 0.221211, ""natural_disaster"": 0.007506, ""port_operational_disruption"": 0.248797, ""port_closure"": 0.042237, ""labor_strike_disruption"": 0.029379, ""maritime_security_navigation_disruption"": 0.95932}"
4181,"[""weather_disruption"", ""port_closure""]","{""weather_disruption"": 0.90374, ""natural_disaster"": 0.025769, ""port_operational_disruption"": 0.549015, ""port_closure"": 0.895108, ""labor_strike_disruption"": 0.039313, ""maritime_security_navigation_disruption"": 0.257648}"
2204,"[""weather_disruption"", ""port_operational_disruption"", ""port_closure""]","{""weather_disruption"": 0.979257, ""natural_disaster"": 0.00848, ""port_operational_disruption"": 0.645355, ""port_closure"": 0.936276, ""labor_strike_disruption"": 0.020512, ""maritime_security_navigation_disruption"": 0.14371}"
5775,"[""weather_disruption"", ""port_operational_disruption""]","{""weather_disruption"": 0.929452, ""natural_disaster"": 0.004444, ""port_operational_disruption"": 0.696577, ""port_closure"": 0.522813, ""labor_strike_disruption"": 0.024582, ""maritime_security_navigation_disruption"": 0.13429}"
5741,"[""port_operational_disruption""]","{""weather_disruption"": 0.161876, ""natural_disaster"": 0.002857, ""port_operational_disruption"": 0.98172, ""port_closure"": 0.044164, ""labor_strike_disruption"": 0.04875, ""maritime_security_navigation_disruption"": 0.050123}"
5280,"[""maritime_security_navigation_disruption""]","{""weather_disruption"": 0.011472, ""natural_disaster"": 0.017073, ""port_operational_disruption"": 0.390324, ""port_closure"": 0.024729, ""labor_strike_disruption"": 0.086757, ""maritime_security_navigation_disruption"": 0.982915}"
15,"[""labor_strike_disruption""]","{""weather_disruption"": 0.014733, ""natural_disaster"": 0.020438, ""port_operational_disruption"": 0.022443, ""port_closure"": 0.015929, ""labor_strike_disruption"": 0.996596, ""maritime_security_navigation_disruption"": 0.331434}"
5423,"[""weather_disruption""]","{""weather_disruption"": 0.977494, ""natural_disaster"": 0.103848, ""port_operational_disruption"": 0.067054, ""port_closure"": 0.043054, ""labor_strike_disruption"": 0.016104, ""maritime_security_navigation_disruption"": 0.212678}"
3002,"[""labor_strike_disruption""]","{""weather_disruption"": 0.009113, ""natural_disaster"": 0.019404, ""port_operational_disruption"": 0.010603, ""port_closure"": 0.006121, ""labor_strike_disruption"": 0.998699, ""maritime_security_navigation_disruption"": 0.028377}"
1617,"[""weather_disruption"", ""port_operational_disruption"", ""port_closure"", ""maritime_security_navigation_disruption""]","{""weather_disruption"": 0.856674, ""natural_disaster"": 0.005978, ""port_operational_disruption"": 0.551116, ""port_closure"": 0.762726, ""labor_strike_disruption"": 0.026526, ""maritime_security_navigation_disruption"": 0.738657}"
624,"[""weather_disruption"", ""port_operational_disruption"", ""port_closure""]","{""weather_disruption"": 0.979808, ""natural_disaster"": 0.00946, ""port_operational_disruption"": 0.636689, ""port_closure"": 0.872134, ""labor_strike_disruption"": 0.004426, ""maritime_security_navigation_disruption"": 0.105703}"
2972,"[""weather_disruption""]","{""weather_disruption"": 0.989098, ""natural_disaster"": 0.17972, ""port_operational_disruption"": 0.028848, ""port_closure"": 0.199142, ""labor_strike_disruption"": 0.030929, ""maritime_security_navigation_disruption"": 0.145747}"
3582,"[""maritime_security_navigation_disruption""]","{""weather_disruption"": 0.129524, ""natural_disaster"": 0.007096, ""port_operational_disruption"": 0.189805, ""port_closure"": 0.070891, ""labor_strike_disruption"": 0.086674, ""maritime_security_navigation_disruption"": 0.907456}"
4414,"[""labor_strike_disruption""]","{""weather_disruption"": 0.001632, ""natural_disaster"": 0.006969, ""port_operational_disruption"": 0.167615, ""port_closure"": 0.011312, ""labor_strike_disruption"": 0.99695, ""maritime_security_navigation_disruption"": 0.198775}"
1439,"[""port_operational_disruption""]","{""weather_disruption"": 0.099942, ""natural_disaster"": 0.021253, ""port_operational_disruption"": 0.81577, ""port_closure"": 0.119433, ""labor_strike_disruption"": 0.078946, ""maritime_security_navigation_disruption"": 0.341111}"
77,"[""port_operational_disruption""]","{""weather_disruption"": 0.088727, ""natural_disaster"": 0.005136, ""port_operational_disruption"": 0.978995, ""port_closure"": 0.060896, ""labor_strike_disruption"": 0.026152, ""maritime_security_navigation_disruption"": 0.066576}"
3999,"[""weather_disruption"", ""port_closure""]","{""weather_disruption"": 0.962217, ""natural_disaster"": 0.006304, ""port_operational_disruption"": 0.262026, ""port_closure"": 0.978126, ""labor_strike_disruption"": 0.016672, ""maritime_security_navigation_disruption"": 0.21349}"
587,"[""weather_disruption""]","{""weather_disruption"": 0.859551, ""natural_disaster"": 0.081559, ""port_operational_disruption"": 0.046164, ""port_closure"": 0.111866, ""labor_strike_disruption"": 0.092117, ""maritime_security_navigation_disruption"": 0.115451}"
1458,"[""weather_disruption""]","{""weather_disruption"": 0.96132, ""natural_disaster"": 0.001959, ""port_operational_disruption"": 0.460056, ""port_closure"": 0.733285, ""labor_strike_disruption"": 0.104275, ""maritime_security_navigation_disruption"": 0.112307}"
85,"[""weather_disruption""]","{""weather_disruption"": 0.977126, ""natural_disaster"": 0.017956, ""port_operational_disruption"": 0.355423, ""port_closure"": 0.56556, ""labor_strike_disruption"": 0.068959, ""maritime_security_navigation_disruption"": 0.098109}"
2301,"[""labor_strike_disruption""]","{""weather_disruption"": 0.004951, ""natural_disaster"": 0.009612, ""port_operational_disruption"": 0.200804, ""port_closure"": 0.025985, ""labor_strike_disruption"": 0.991822, ""maritime_security_navigation_disruption"": 0.123695}"
1023,"[""natural_disaster""]","{""weather_disruption"": 0.24417, ""natural_disaster"": 0.95944, ""port_operational_disruption"": 0.015487, ""port_closure"": 0.008912, ""labor_strike_disruption"": 0.089195, ""maritime_security_navigation_disruption"": 0.04928}"
1343,"[""labor_strike_disruption""]","{""weather_disruption"": 0.012151, ""natural_disaster"": 0.044056, ""port_operational_disruption"": 0.011891, ""port_closure"": 0.013005, ""labor_strike_disruption"": 0.989069, ""maritime_security_navigation_disruption"": 0.061549}"
4283,"[""labor_strike_disruption""]","{""weather_disruption"": 0.039644, ""natural_disaster"": 0.073967, ""port_operational_disruption"": 0.038826, ""port_closure"": 0.016398, ""labor_strike_disruption"": 0.574377, ""maritime_security_navigation_disruption"": 0.559908}"
854,"[""port_operational_disruption""]","{""weather_disruption"": 0.381807, ""natural_disaster"": 0.014148, ""port_operational_disruption"": 0.949308, ""port_closure"": 0.327946, ""labor_strike_disruption"": 0.058509, ""maritime_security_navigation_disruption"": 0.08561}"
2370,"[""weather_disruption"", ""port_operational_disruption"", ""port_closure""]","{""weather_disruption"": 0.986998, ""natural_disaster"": 0.017252, ""port_operational_disruption"": 0.623228, ""port_closure"": 0.795222, ""labor_strike_disruption"": 0.003476, ""maritime_security_navigation_disruption"": 0.113792}"
2056,"[""weather_disruption"", ""port_operational_disruption""]","{""weather_disruption"": 0.861165, ""natural_disaster"": 0.023695, ""port_operational_disruption"": 0.938639, ""port_closure"": 0.527822, ""labor_strike_disruption"": 0.038064, ""maritime_security_navigation_disruption"": 0.04669}"
2318,"[""weather_disruption""]","{""weather_disruption"": 0.997212, ""natural_disaster"": 0.041374, ""port_operational_disruption"": 0.049996, ""port_closure"": 0.257972, ""labor_strike_disruption"": 0.004617, ""maritime_security_navigation_disruption"": 0.336977}"
5735,"[""port_operational_disruption""]","{""weather_disruption"": 0.092426, ""natural_disaster"": 0.005868, ""port_operational_disruption"": 0.814098, ""port_closure"": 0.06872, ""labor_strike_disruption"": 0.026692, ""maritime_security_navigation_disruption"": 0.36071}"
4544,"[""port_operational_disruption""]","{""weather_disruption"": 0.218943, ""natural_disaster"": 0.116129, ""port_operational_disruption"": 0.886093, ""port_closure"": 0.053718, ""labor_strike_disruption"": 0.225095, ""maritime_security_navigation_disruption"": 0.045857}"
1115,"[""labor_strike_disruption""]","{""weather_disruption"": 0.158705, ""natural_disaster"": 0.016956, ""port_operational_disruption"": 0.015121, ""port_closure"": 0.009175, ""labor_strike_disruption"": 0.993706, ""maritime_security_navigation_disruption"": 0.021846}"
2049,"[""weather_disruption"", ""port_closure""]","{""weather_disruption"": 0.957392, ""natural_disaster"": 0.010963, ""port_operational_disruption"": 0.266603, ""port_closure"": 0.968499, ""labor_strike_disruption"": 0.034694, ""maritime_security_navigation_disruption"": 0.174797}"
687,"[""labor_strike_disruption""]","{""weather_disruption"": 0.022751, ""natural_disaster"": 0.098884, ""port_operational_disruption"": 0.019878, ""port_closure"": 0.036724, ""labor_strike_disruption"": 0.98801, ""maritime_security_navigation_disruption"": 0.064596}"
3764,"[""maritime_security_navigation_disruption""]","{""weather_disruption"": 0.058506, ""natural_disaster"": 0.01055, ""port_operational_disruption"": 0.322972, ""port_closure"": 0.025009, ""labor_strike_disruption"": 0.021847, ""maritime_security_navigation_disruption"": 0.969808}"
896,"[""labor_strike_disruption""]","{""weather_disruption"": 0.005123, ""natural_disaster"": 0.002235, ""port_operational_disruption"": 0.198778, ""port_closure"": 0.056797, ""labor_strike_disruption"": 0.997935, ""maritime_security_navigation_disruption"": 0.150802}"
2769,"[""port_operational_disruption""]","{""weather_disruption"": 0.082957, ""natural_disaster"": 0.004478, ""port_operational_disruption"": 0.959605, ""port_closure"": 0.124827, ""labor_strike_disruption"": 0.034887, ""maritime_security_navigation_disruption"": 0.13021}"
744,"[""weather_disruption""]","{""weather_disruption"": 0.973144, ""natural_disaster"": 0.212262, ""port_operational_disruption"": 0.040826, ""port_closure"": 0.211831, ""labor_strike_disruption"": 0.006947, ""maritime_security_navigation_disruption"": 0.098612}"
35,"[""weather_disruption""]","{""weather_disruption"": 0.929333, ""natural_disaster"": 0.100694, ""port_operational_disruption"": 0.02055, ""port_closure"": 0.152509, ""labor_strike_disruption"": 0.314706, ""maritime_security_navigation_disruption"": 0.14838}"
5104,[],"{""weather_disruption"": 0.130011, ""natural_disaster"": 0.072583, ""port_operational_disruption"": 0.152436, ""port_closure"": 0.066039, ""labor_strike_disruption"": 0.469733, ""maritime_security_navigation_disruption"": 0.511367}"
5009,"[""weather_disruption""]","{""weather_disruption"": 0.995203, ""natural_disaster"": 0.106358, ""port_operational_disruption"": 0.070024, ""port_closure"": 0.029146, ""labor_strike_disruption"": 0.03188, ""maritime_security_navigation_disruption"": 0.01005}"
986,"[""weather_disruption""]","{""weather_disruption"": 0.820626, ""natural_disaster"": 0.036186, ""port_operational_disruption"": 0.115649, ""port_closure"": 0.012834, ""labor_strike_disruption"": 0.113362, ""maritime_security_navigation_disruption"": 0.255222}"
2340,"[""weather_disruption""]","{""weather_disruption"": 0.928455, ""natural_disaster"": 0.029975, ""port_operational_disruption"": 0.419743, ""port_closure"": 0.655109, ""labor_strike_disruption"": 0.031789, ""maritime_security_navigation_disruption"": 0.109543}"
3939,"[""weather_disruption"", ""port_closure""]","{""weather_disruption"": 0.538791, ""natural_disaster"": 0.008927, ""port_operational_disruption"": 0.288799, ""port_closure"": 0.919248, ""labor_strike_disruption"": 0.098679, ""maritime_security_navigation_disruption"": 0.302976}"
3312,"[""port_operational_disruption""]","{""weather_disruption"": 0.094136, ""natural_disaster"": 0.006744, ""port_operational_disruption"": 0.969943, ""port_closure"": 0.208002, ""labor_strike_disruption"": 0.11974, ""maritime_security_navigation_disruption"": 0.191676}"
2319,"[""weather_disruption""]","{""weather_disruption"": 0.997021, ""natural_disaster"": 0.05313, ""port_operational_disruption"": 0.064827, ""port_closure"": 0.186638, ""labor_strike_disruption"": 0.005896, ""maritime_security_navigation_disruption"": 0.329557}"
1698,"[""maritime_security_navigation_disruption""]","{""weather_disruption"": 0.276446, ""natural_disaster"": 0.01229, ""port_operational_disruption"": 0.461905, ""port_closure"": 0.035483, ""labor_strike_disruption"": 0.03772, ""maritime_security_navigation_disruption"": 0.727338}"
1749,"[""labor_strike_disruption""]","{""weather_disruption"": 0.124111, ""natural_disaster"": 0.045188, ""port_operational_disruption"": 0.023147, ""port_closure"": 0.032611, ""labor_strike_disruption"": 0.97672, ""maritime_security_navigation_disruption"": 0.105999}"
1394,"[""weather_disruption"", ""port_operational_disruption""]","{""weather_disruption"": 0.636009, ""natural_disaster"": 0.014716, ""port_operational_disruption"": 0.925714, ""port_closure"": 0.564546, ""labor_strike_disruption"": 0.035304, ""maritime_security_navigation_disruption"": 0.030383}"
3584,"[""maritime_security_navigation_disruption""]","{""weather_disruption"": 0.213777, ""natural_disaster"": 0.007163, ""port_operational_disruption"": 0.196008, ""port_closure"": 0.076513, ""labor_strike_disruption"": 0.023327, ""maritime_security_navigation_disruption"": 0.993397}"
5588,"[""maritime_security_navigation_disruption""]","{""weather_disruption"": 0.082461, ""natural_disaster"": 0.008253, ""port_operational_disruption"": 0.205118, ""port_closure"": 0.045189, ""labor_strike_disruption"": 0.282795, ""maritime_security_navigation_disruption"": 0.806525}"
448,"[""weather_disruption""]","{""weather_disruption"": 0.970025, ""natural_disaster"": 0.300167, ""port_operational_disruption"": 0.088242, ""port_closure"": 0.073824, ""labor_strike_disruption"": 0.026269, ""maritime_security_navigation_disruption"": 0.100292}"
1576,"[""labor_strike_disruption""]","{""weather_disruption"": 0.014305, ""natural_disaster"": 0.01701, ""port_operational_disruption"": 0.237583, ""port_closure"": 0.005571, ""labor_strike_disruption"": 0.913406, ""maritime_security_navigation_disruption"": 0.468806}"
3117,"[""port_operational_disruption"", ""maritime_security_navigation_disruption""]","{""weather_disruption"": 0.024861, ""natural_disaster"": 0.070746, ""port_operational_disruption"": 0.577838, ""port_closure"": 0.020733, ""labor_strike_disruption"": 0.178655, ""maritime_security_navigation_disruption"": 0.757728}"
2162,"[""maritime_security_navigation_disruption""]","{""weather_disruption"": 0.023588, ""natural_disaster"": 0.013956, ""port_operational_disruption"": 0.090298, ""port_closure"": 0.028214, ""labor_strike_disruption"": 0.173528, ""maritime_security_navigation_disruption"": 0.923364}"
1657,"[""labor_strike_disruption""]","{""weather_disruption"": 0.014066, ""natural_disaster"": 0.030513, ""port_operational_disruption"": 0.02455, ""port_closure"": 0.009956, ""labor_strike_disruption"": 0.947651, ""maritime_security_navigation_disruption"": 0.10453}"
1831,"[""labor_strike_disruption""]","{""weather_disruption"": 0.140382, ""natural_disaster"": 0.030029, ""port_operational_disruption"": 0.108972, ""port_closure"": 0.008215, ""labor_strike_disruption"": 0.727124, ""maritime_security_navigation_disruption"": 0.389909}"
4443,"[""weather_disruption""]","{""weather_disruption"": 0.641577, ""natural_disaster"": 0.107548, ""port_operational_disruption"": 0.072239, ""port_closure"": 0.013458, ""labor_strike_disruption"": 0.135842, ""maritime_security_navigation_disruption"": 0.171542}"
393,"[""weather_disruption"", ""port_operational_disruption""]","{""weather_disruption"": 0.92681, ""natural_disaster"": 0.010585, ""port_operational_disruption"": 0.864163, ""port_closure"": 0.425025, ""labor_strike_disruption"": 0.015095, ""maritime_security_navigation_disruption"": 0.344646}"
3113,"[""labor_strike_disruption""]","{""weather_disruption"": 0.03876, ""natural_disaster"": 0.019318, ""port_operational_disruption"": 0.062728, ""port_closure"": 0.006573, ""labor_strike_disruption"": 0.980551, ""maritime_security_navigation_disruption"": 0.019886}"
4180,"[""weather_disruption""]","{""weather_disruption"": 0.953978, ""natural_disaster"": 0.068727, ""port_operational_disruption"": 0.352473, ""port_closure"": 0.453024, ""labor_strike_disruption"": 0.028351, ""maritime_security_navigation_disruption"": 0.294571}"
672,"[""port_operational_disruption"", ""labor_strike_disruption""]","{""weather_disruption"": 0.008726, ""natural_disaster"": 0.031621, ""port_operational_disruption"": 0.742873, ""port_closure"": 0.035894, ""labor_strike_disruption"": 0.912168, ""maritime_security_navigation_disruption"": 0.409521}"
4801,"[""port_operational_disruption""]","{""weather_disruption"": 0.14585, ""natural_disaster"": 0.006104, ""port_operational_disruption"": 0.979947, ""port_closure"": 0.110324, ""labor_strike_disruption"": 0.019884, ""maritime_security_navigation_disruption"": 0.038185}"
5456,"[""weather_disruption""]","{""weather_disruption"": 0.989574, ""natural_disaster"": 0.038082, ""port_operational_disruption"": 0.092697, ""port_closure"": 0.102006, ""labor_strike_disruption"": 0.011776, ""maritime_security_navigation_disruption"": 0.117455}"
5295,"[""port_operational_disruption""]","{""weather_disruption"": 0.222741, ""natural_disaster"": 0.009205, ""port_operational_disruption"": 0.840534, ""port_closure"": 0.315433, ""labor_strike_disruption"": 0.073745, ""maritime_security_navigation_disruption"": 0.295526}"
2259,"[""labor_strike_disruption""]","{""weather_disruption"": 0.027808, ""natural_disaster"": 0.294075, ""port_operational_disruption"": 0.1754, ""port_closure"": 0.004857, ""labor_strike_disruption"": 0.955367, ""maritime_security_navigation_disruption"": 0.114377}"
157,"[""labor_strike_disruption""]","{""weather_disruption"": 0.006485, ""natural_disaster"": 0.014429, ""port_operational_disruption"": 0.049653, ""port_closure"": 0.003072, ""labor_strike_disruption"": 0.999103, ""maritime_security_navigation_disruption"": 0.066273}"
2038,"[""port_operational_disruption""]","{""weather_disruption"": 0.251887, ""natural_disaster"": 0.003057, ""port_operational_disruption"": 0.905285, ""port_closure"": 0.128596, ""labor_strike_disruption"": 0.105697, ""maritime_security_navigation_disruption"": 0.217976}"
759,"[""weather_disruption""]","{""weather_disruption"": 0.988522, ""natural_disaster"": 0.159931, ""port_operational_disruption"": 0.05745, ""port_closure"": 0.127389, ""labor_strike_disruption"": 0.01089, ""maritime_security_navigation_disruption"": 0.384709}"
755,"[""weather_disruption""]","{""weather_disruption"": 0.992517, ""natural_disaster"": 0.16891, ""port_operational_disruption"": 0.036776, ""port_closure"": 0.131901, ""labor_strike_disruption"": 0.043041, ""maritime_security_navigation_disruption"": 0.063547}"
927,"[""weather_disruption""]","{""weather_disruption"": 0.992142, ""natural_disaster"": 0.135266, ""port_operational_disruption"": 0.063349, ""port_closure"": 0.089897, ""labor_strike_disruption"": 0.011414, ""maritime_security_navigation_disruption"": 0.219296}"
922,"[""weather_disruption"", ""port_operational_disruption""]","{""weather_disruption"": 0.692541, ""natural_disaster"": 0.026832, ""port_operational_disruption"": 0.812593, ""port_closure"": 0.216447, ""labor_strike_disruption"": 0.078219, ""maritime_security_navigation_disruption"": 0.070802}"
1896,"[""port_operational_disruption""]","{""weather_disruption"": 0.214884, ""natural_disaster"": 0.011382, ""port_operational_disruption"": 0.911967, ""port_closure"": 0.274328, ""labor_strike_disruption"": 0.031583, ""maritime_security_navigation_disruption"": 0.148764}"
1339,"[""weather_disruption""]","{""weather_disruption"": 0.932115, ""natural_disaster"": 0.08865, ""port_operational_disruption"": 0.017264, ""port_closure"": 0.172066, ""labor_strike_disruption"": 0.094847, ""maritime_security_navigation_disruption"": 0.190718}"
4358,"[""labor_strike_disruption""]","{""weather_disruption"": 0.015726, ""natural_disaster"": 0.008166, ""port_operational_disruption"": 0.187937, ""port_closure"": 0.019254, ""labor_strike_disruption"": 0.971236, ""maritime_security_navigation_disruption"": 0.260937}"
450,"[""weather_disruption"", ""port_operational_disruption""]","{""weather_disruption"": 0.802188, ""natural_disaster"": 0.006261, ""port_operational_disruption"": 0.890016, ""port_closure"": 0.47277, ""labor_strike_disruption"": 0.044959, ""maritime_security_navigation_disruption"": 0.45155}"
4086,"[""weather_disruption""]","{""weather_disruption"": 0.963747, ""natural_disaster"": 0.071352, ""port_operational_disruption"": 0.065767, ""port_closure"": 0.03083, ""labor_strike_disruption"": 0.101267, ""maritime_security_navigation_disruption"": 0.159997}"
5710,"[""weather_disruption""]","{""weather_disruption"": 0.929388, ""natural_disaster"": 0.046788, ""port_operational_disruption"": 0.009998, ""port_closure"": 0.04018, ""labor_strike_disruption"": 0.020179, ""maritime_security_navigation_disruption"": 0.423452}"
2733,"[""labor_strike_disruption""]","{""weather_disruption"": 0.013046, ""natural_disaster"": 0.005082, ""port_operational_disruption"": 0.293421, ""port_closure"": 0.081681, ""labor_strike_disruption"": 0.991972, ""maritime_security_navigation_disruption"": 0.121153}"
322,"[""port_operational_disruption""]","{""weather_disruption"": 0.151414, ""natural_disaster"": 0.007163, ""port_operational_disruption"": 0.988931, ""port_closure"": 0.047617, ""labor_strike_disruption"": 0.048475, ""maritime_security_navigation_disruption"": 0.041692}"
4029,"[""port_operational_disruption""]","{""weather_disruption"": 0.296148, ""natural_disaster"": 0.038579, ""port_operational_disruption"": 0.608923, ""port_closure"": 0.226283, ""labor_strike_disruption"": 0.138228, ""maritime_security_navigation_disruption"": 0.235165}"
3986,"[""port_operational_disruption"", ""maritime_security_navigation_disruption""]","{""weather_disruption"": 0.133601, ""natural_disaster"": 0.003195, ""port_operational_disruption"": 0.852643, ""port_closure"": 0.373257, ""labor_strike_disruption"": 0.056568, ""maritime_security_navigation_disruption"": 0.665676}"
4705,"[""port_operational_disruption""]","{""weather_disruption"": 0.089021, ""natural_disaster"": 0.004809, ""port_operational_disruption"": 0.950452, ""port_closure"": 0.234449, ""labor_strike_disruption"": 0.017412, ""maritime_security_navigation_disruption"": 0.196513}"
2504,"[""labor_strike_disruption""]","{""weather_disruption"": 0.082425, ""natural_disaster"": 0.048057, ""port_operational_disruption"": 0.03669, ""port_closure"": 0.015885, ""labor_strike_disruption"": 0.924609, ""maritime_security_navigation_disruption"": 0.10452}"
5171,"[""weather_disruption""]","{""weather_disruption"": 0.983581, ""natural_disaster"": 0.113501, ""port_operational_disruption"": 0.120282, ""port_closure"": 0.665361, ""labor_strike_disruption"": 0.011394, ""maritime_security_navigation_disruption"": 0.336879}"
5073,"[""port_operational_disruption"", ""maritime_security_navigation_disruption""]","{""weather_disruption"": 0.004893, ""natural_disaster"": 0.013751, ""port_operational_disruption"": 0.72847, ""port_closure"": 0.024255, ""labor_strike_disruption"": 0.193622, ""maritime_security_navigation_disruption"": 0.708833}"
2081,"[""weather_disruption"", ""port_closure""]","{""weather_disruption"": 0.874245, ""natural_disaster"": 0.061319, ""port_operational_disruption"": 0.223056, ""port_closure"": 0.962559, ""labor_strike_disruption"": 0.017171, ""maritime_security_navigation_disruption"": 0.336843}"
5599,"[""labor_strike_disruption""]","{""weather_disruption"": 0.037582, ""natural_disaster"": 0.032689, ""port_operational_disruption"": 0.207547, ""port_closure"": 0.021294, ""labor_strike_disruption"": 0.968935, ""maritime_security_navigation_disruption"": 0.027737}"
2096,"[""weather_disruption"", ""port_closure""]","{""weather_disruption"": 0.942744, ""natural_disaster"": 0.004953, ""port_operational_disruption"": 0.311609, ""port_closure"": 0.949078, ""labor_strike_disruption"": 0.03161, ""maritime_security_navigation_disruption"": 0.229}"
268,"[""weather_disruption"", ""port_closure""]","{""weather_disruption"": 0.887488, ""natural_disaster"": 0.021235, ""port_operational_disruption"": 0.225431, ""port_closure"": 0.762541, ""labor_strike_disruption"": 0.045743, ""maritime_security_navigation_disruption"": 0.352153}"
518,"[""port_operational_disruption"", ""maritime_security_navigation_disruption""]","{""weather_disruption"": 0.236376, ""natural_disaster"": 0.008224, ""port_operational_disruption"": 0.789074, ""port_closure"": 0.089987, ""labor_strike_disruption"": 0.079324, ""maritime_security_navigation_disruption"": 0.660012}"
667,"[""port_operational_disruption""]","{""weather_disruption"": 0.173178, ""natural_disaster"": 0.019808, ""port_operational_disruption"": 0.956488, ""port_closure"": 0.0535, ""labor_strike_disruption"": 0.139108, ""maritime_security_navigation_disruption"": 0.079263}"
2940,"[""port_operational_disruption""]","{""weather_disruption"": 0.163313, ""natural_disaster"": 0.004624, ""port_operational_disruption"": 0.973863, ""port_closure"": 0.088159, ""labor_strike_disruption"": 0.031795, ""maritime_security_navigation_disruption"": 0.042106}"
1477,"[""weather_disruption"", ""maritime_security_navigation_disruption""]","{""weather_disruption"": 0.578219, ""natural_disaster"": 0.029828, ""port_operational_disruption"": 0.450971, ""port_closure"": 0.247573, ""labor_strike_disruption"": 0.080282, ""maritime_security_navigation_disruption"": 0.808147}"
2419,"[""weather_disruption""]","{""weather_disruption"": 0.973421, ""natural_disaster"": 0.166736, ""port_operational_disruption"": 0.026972, ""port_closure"": 0.049775, ""labor_strike_disruption"": 0.161511, ""maritime_security_navigation_disruption"": 0.034658}"
852,"[""port_operational_disruption""]","{""weather_disruption"": 0.233627, ""natural_disaster"": 0.005581, ""port_operational_disruption"": 0.97078, ""port_closure"": 0.155495, ""labor_strike_disruption"": 0.034546, ""maritime_security_navigation_disruption"": 0.274627}"
2087,"[""weather_disruption"", ""port_closure""]","{""weather_disruption"": 0.987313, ""natural_disaster"": 0.01309, ""port_operational_disruption"": 0.489924, ""port_closure"": 0.892558, ""labor_strike_disruption"": 0.015496, ""maritime_security_navigation_disruption"": 0.092095}"
5441,"[""weather_disruption""]","{""weather_disruption"": 0.996772, ""natural_disaster"": 0.104965, ""port_operational_disruption"": 0.054501, ""port_closure"": 0.026936, ""labor_strike_disruption"": 0.040211, ""maritime_security_navigation_disruption"": 0.040774}"
1081,"[""weather_disruption"", ""port_closure""]","{""weather_disruption"": 0.9739, ""natural_disaster"": 0.003668, ""port_operational_disruption"": 0.297529, ""port_closure"": 0.927531, ""labor_strike_disruption"": 0.035071, ""maritime_security_navigation_disruption"": 0.487311}"
5188,"[""labor_strike_disruption""]","{""weather_disruption"": 0.006191, ""natural_disaster"": 0.017996, ""port_operational_disruption"": 0.019183, ""port_closure"": 0.009884, ""labor_strike_disruption"": 0.999079, ""maritime_security_navigation_disruption"": 0.100835}"
3308,"[""port_operational_disruption""]","{""weather_disruption"": 0.213337, ""natural_disaster"": 0.056378, ""port_operational_disruption"": 0.565793, ""port_closure"": 0.178062, ""labor_strike_disruption"": 0.116208, ""maritime_security_navigation_disruption"": 0.319856}"
3550,"[""labor_strike_disruption""]","{""weather_disruption"": 0.180286, ""natural_disaster"": 0.010409, ""port_operational_disruption"": 0.025473, ""port_closure"": 0.009469, ""labor_strike_disruption"": 0.981803, ""maritime_security_navigation_disruption"": 0.017709}"
399,"[""weather_disruption""]","{""weather_disruption"": 0.969287, ""natural_disaster"": 0.132375, ""port_operational_disruption"": 0.138514, ""port_closure"": 0.01327, ""labor_strike_disruption"": 0.028279, ""maritime_security_navigation_disruption"": 0.037707}"
2708,"[""labor_strike_disruption""]","{""weather_disruption"": 0.1273, ""natural_disaster"": 0.102342, ""port_operational_disruption"": 0.359738, ""port_closure"": 0.240668, ""labor_strike_disruption"": 0.877912, ""maritime_security_navigation_disruption"": 0.03545}"
4831,"[""port_operational_disruption""]","{""weather_disruption"": 0.074342, ""natural_disaster"": 0.00691, ""port_operational_disruption"": 0.962674, ""port_closure"": 0.050699, ""labor_strike_disruption"": 0.016641, ""maritime_security_navigation_disruption"": 0.156338}"
830,"[""weather_disruption"", ""port_operational_disruption""]","{""weather_disruption"": 0.986589, ""natural_disaster"": 0.013353, ""port_operational_disruption"": 0.790164, ""port_closure"": 0.660792, ""labor_strike_disruption"": 0.009011, ""maritime_security_navigation_disruption"": 0.048907}"
3915,"[""port_operational_disruption"", ""maritime_security_navigation_disruption""]","{""weather_disruption"": 0.003159, ""natural_disaster"": 0.015418, ""port_operational_disruption"": 0.643206, ""port_closure"": 0.004609, ""labor_strike_disruption"": 0.223219, ""maritime_security_navigation_disruption"": 0.866072}"
5341,"[""weather_disruption"", ""port_closure""]","{""weather_disruption"": 0.830948, ""natural_disaster"": 0.017327, ""port_operational_disruption"": 0.4472, ""port_closure"": 0.964373, ""labor_strike_disruption"": 0.047819, ""maritime_security_navigation_disruption"": 0.22347}"
3377,"[""weather_disruption"", ""port_closure""]","{""weather_disruption"": 0.924787, ""natural_disaster"": 0.007351, ""port_operational_disruption"": 0.270035, ""port_closure"": 0.913309, ""labor_strike_disruption"": 0.084807, ""maritime_security_navigation_disruption"": 0.437312}"
5362,"[""weather_disruption"", ""port_operational_disruption"", ""port_closure""]","{""weather_disruption"": 0.938662, ""natural_disaster"": 0.01224, ""port_operational_disruption"": 0.603354, ""port_closure"": 0.921043, ""labor_strike_disruption"": 0.060102, ""maritime_security_navigation_disruption"": 0.162638}"
3757,"[""natural_disaster""]","{""weather_disruption"": 0.117866, ""natural_disaster"": 0.994275, ""port_operational_disruption"": 0.030625, ""port_closure"": 0.004926, ""labor_strike_disruption"": 0.032691, ""maritime_security_navigation_disruption"": 0.065002}"
3445,"[""port_operational_disruption""]","{""weather_disruption"": 0.17259, ""natural_disaster"": 0.003584, ""port_operational_disruption"": 0.919056, ""port_closure"": 0.35035, ""labor_strike_disruption"": 0.160461, ""maritime_security_navigation_disruption"": 0.356109}"
363,"[""maritime_security_navigation_disruption""]","{""weather_disruption"": 0.05533, ""natural_disaster"": 0.011378, ""port_operational_disruption"": 0.19212, ""port_closure"": 0.012175, ""labor_strike_disruption"": 0.064241, ""maritime_security_navigation_disruption"": 0.925402}"
5467,"[""weather_disruption"", ""port_operational_disruption""]","{""weather_disruption"": 0.978453, ""natural_disaster"": 0.027332, ""port_operational_disruption"": 0.739897, ""port_closure"": 0.265351, ""labor_strike_disruption"": 0.020679, ""maritime_security_navigation_disruption"": 0.080363}"
4402,"[""port_operational_disruption""]","{""weather_disruption"": 0.083096, ""natural_disaster"": 0.009986, ""port_operational_disruption"": 0.9845, ""port_closure"": 0.297875, ""labor_strike_disruption"": 0.034889, ""maritime_security_navigation_disruption"": 0.043996}"
4670,"[""weather_disruption"", ""port_operational_disruption""]","{""weather_disruption"": 0.727198, ""natural_disaster"": 0.008846, ""port_operational_disruption"": 0.85741, ""port_closure"": 0.206612, ""labor_strike_disruption"": 0.049575, ""maritime_security_navigation_disruption"": 0.335468}"
3944,"[""port_operational_disruption"", ""maritime_security_navigation_disruption""]","{""weather_disruption"": 0.042507, ""natural_disaster"": 0.004032, ""port_operational_disruption"": 0.77375, ""port_closure"": 0.095996, ""labor_strike_disruption"": 0.050777, ""maritime_security_navigation_disruption"": 0.654796}"
1268,"[""weather_disruption""]","{""weather_disruption"": 0.860437, ""natural_disaster"": 0.050863, ""port_operational_disruption"": 0.314218, ""port_closure"": 0.012633, ""labor_strike_disruption"": 0.047443, ""maritime_security_navigation_disruption"": 0.193969}"
3758,"[""natural_disaster""]","{""weather_disruption"": 0.11552, ""natural_disaster"": 0.981206, ""port_operational_disruption"": 0.051519, ""port_closure"": 0.002421, ""labor_strike_disruption"": 0.024442, ""maritime_security_navigation_disruption"": 0.052745}"
5572,"[""natural_disaster""]","{""weather_disruption"": 0.16448, ""natural_disaster"": 0.989613, ""port_operational_disruption"": 0.01378, ""port_closure"": 0.005398, ""labor_strike_disruption"": 0.046217, ""maritime_security_navigation_disruption"": 0.170435}"
4535,"[""port_operational_disruption""]","{""weather_disruption"": 0.118295, ""natural_disaster"": 0.002069, ""port_operational_disruption"": 0.927837, ""port_closure"": 0.334651, ""labor_strike_disruption"": 0.018877, ""maritime_security_navigation_disruption"": 0.506529}"
2647,"[""weather_disruption"", ""port_operational_disruption""]","{""weather_disruption"": 0.965038, ""natural_disaster"": 0.012643, ""port_operational_disruption"": 0.832029, ""port_closure"": 0.686472, ""labor_strike_disruption"": 0.010105, ""maritime_security_navigation_disruption"": 0.137315}"
2562,"[""weather_disruption""]","{""weather_disruption"": 0.838389, ""natural_disaster"": 0.034587, ""port_operational_disruption"": 0.387652, ""port_closure"": 0.490246, ""labor_strike_disruption"": 0.025216, ""maritime_security_navigation_disruption"": 0.305871}"
4898,"[""port_closure"", ""maritime_security_navigation_disruption""]","{""weather_disruption"": 0.248634, ""natural_disaster"": 0.00348, ""port_operational_disruption"": 0.348395, ""port_closure"": 0.792125, ""labor_strike_disruption"": 0.038982, ""maritime_security_navigation_disruption"": 0.849613}"
4742,"[""weather_disruption""]","{""weather_disruption"": 0.840697, ""natural_disaster"": 0.006583, ""port_operational_disruption"": 0.479765, ""port_closure"": 0.718383, ""labor_strike_disruption"": 0.155983, ""maritime_security_navigation_disruption"": 0.35205}"
499,"[""weather_disruption"", ""port_closure""]","{""weather_disruption"": 0.824862, ""natural_disaster"": 0.002661, ""port_operational_disruption"": 0.519643, ""port_closure"": 0.942571, ""labor_strike_disruption"": 0.027478, ""maritime_security_navigation_disruption"": 0.323018}"
2734,"[""labor_strike_disruption""]","{""weather_disruption"": 0.011636, ""natural_disaster"": 0.003177, ""port_operational_disruption"": 0.285419, ""port_closure"": 0.061487, ""labor_strike_disruption"": 0.99179, ""maritime_security_navigation_disruption"": 0.218987}"
2907,"[""weather_disruption"", ""port_operational_disruption""]","{""weather_disruption"": 0.962497, ""natural_disaster"": 0.010921, ""port_operational_disruption"": 0.780123, ""port_closure"": 0.641339, ""labor_strike_disruption"": 0.020524, ""maritime_security_navigation_disruption"": 0.156672}"
2198,"[""weather_disruption"", ""port_operational_disruption""]","{""weather_disruption"": 0.929913, ""natural_disaster"": 0.011644, ""port_operational_disruption"": 0.76278, ""port_closure"": 0.542947, ""labor_strike_disruption"": 0.177223, ""maritime_security_navigation_disruption"": 0.059951}"
2663,[],"{""weather_disruption"": 0.111648, ""natural_disaster"": 0.067674, ""port_operational_disruption"": 0.167793, ""port_closure"": 0.029448, ""labor_strike_disruption"": 0.380143, ""maritime_security_navigation_disruption"": 0.505428}"
4827,"[""port_operational_disruption""]","{""weather_disruption"": 0.090452, ""natural_disaster"": 0.016114, ""port_operational_disruption"": 0.831967, ""port_closure"": 0.231674, ""labor_strike_disruption"": 0.091566, ""maritime_security_navigation_disruption"": 0.024206}"
839,"[""port_operational_disruption""]","{""weather_disruption"": 0.176723, ""natural_disaster"": 0.005147, ""port_operational_disruption"": 0.975627, ""port_closure"": 0.06181, ""labor_strike_disruption"": 0.0252, ""maritime_security_navigation_disruption"": 0.051568}"
1130,"[""labor_strike_disruption""]","{""weather_disruption"": 0.011245, ""natural_disaster"": 0.015403, ""port_operational_disruption"": 0.266106, ""port_closure"": 0.00293, ""labor_strike_disruption"": 0.989685, ""maritime_security_navigation_disruption"": 0.048855}"
2841,"[""labor_strike_disruption""]","{""weather_disruption"": 0.013143, ""natural_disaster"": 0.013378, ""port_operational_disruption"": 0.44726, ""port_closure"": 0.038599, ""labor_strike_disruption"": 0.938819, ""maritime_security_navigation_disruption"": 0.467674}"
761,"[""weather_disruption""]","{""weather_disruption"": 0.961284, ""natural_disaster"": 0.172135, ""port_operational_disruption"": 0.116337, ""port_closure"": 0.023376, ""labor_strike_disruption"": 0.025708, ""maritime_security_navigation_disruption"": 0.05881}"
1711,[],"{""weather_disruption"": 0.488609, ""natural_disaster"": 0.011023, ""port_operational_disruption"": 0.407015, ""port_closure"": 0.417988, ""labor_strike_disruption"": 0.207695, ""maritime_security_navigation_disruption"": 0.240841}"
2818,"[""labor_strike_disruption""]","{""weather_disruption"": 0.038887, ""natural_disaster"": 0.018656, ""port_operational_disruption"": 0.185277, ""port_closure"": 0.023954, ""labor_strike_disruption"": 0.825895, ""maritime_security_navigation_disruption"": 0.198193}"
2939,"[""port_operational_disruption""]","{""weather_disruption"": 0.145322, ""natural_disaster"": 0.00829, ""port_operational_disruption"": 0.956566, ""port_closure"": 0.134383, ""labor_strike_disruption"": 0.025723, ""maritime_security_navigation_disruption"": 0.01577}"
4393,"[""port_operational_disruption""]","{""weather_disruption"": 0.116013, ""natural_disaster"": 0.005498, ""port_operational_disruption"": 0.983611, ""port_closure"": 0.170445, ""labor_strike_disruption"": 0.02607, ""maritime_security_navigation_disruption"": 0.033418}"
2807,"[""weather_disruption""]","{""weather_disruption"": 0.958664, ""natural_disaster"": 0.012372, ""port_operational_disruption"": 0.322867, ""port_closure"": 0.519325, ""labor_strike_disruption"": 0.099181, ""maritime_security_navigation_disruption"": 0.095441}"
2787,"[""weather_disruption"", ""port_operational_disruption""]","{""weather_disruption"": 0.680023, ""natural_disaster"": 0.004235, ""port_operational_disruption"": 0.986746, ""port_closure"": 0.127213, ""labor_strike_disruption"": 0.035936, ""maritime_security_navigation_disruption"": 0.028565}"
2614,"[""labor_strike_disruption""]","{""weather_disruption"": 0.020822, ""natural_disaster"": 0.0263, ""port_operational_disruption"": 0.017457, ""port_closure"": 0.025691, ""labor_strike_disruption"": 0.993262, ""maritime_security_navigation_disruption"": 0.069379}"
79,"[""weather_disruption"", ""port_operational_disruption""]","{""weather_disruption"": 0.762855, ""natural_disaster"": 0.005798, ""port_operational_disruption"": 0.969086, ""port_closure"": 0.222189, ""labor_strike_disruption"": 0.007106, ""maritime_security_navigation_disruption"": 0.034691}"
4016,"[""weather_disruption"", ""maritime_security_navigation_disruption""]","{""weather_disruption"": 0.51024, ""natural_disaster"": 0.011677, ""port_operational_disruption"": 0.542196, ""port_closure"": 0.364567, ""labor_strike_disruption"": 0.032081, ""maritime_security_navigation_disruption"": 0.879022}"
2404,"[""weather_disruption""]","{""weather_disruption"": 0.965756, ""natural_disaster"": 0.201801, ""port_operational_disruption"": 0.017052, ""port_closure"": 0.042861, ""labor_strike_disruption"": 0.006264, ""maritime_security_navigation_disruption"": 0.076878}"
2838,"[""weather_disruption"", ""maritime_security_navigation_disruption""]","{""weather_disruption"": 0.543657, ""natural_disaster"": 0.021671, ""port_operational_disruption"": 0.226072, ""port_closure"": 0.617523, ""labor_strike_disruption"": 0.143012, ""maritime_security_navigation_disruption"": 0.876158}"
3951,"[""port_operational_disruption"", ""maritime_security_navigation_disruption""]","{""weather_disruption"": 0.415592, ""natural_disaster"": 0.003054, ""port_operational_disruption"": 0.72194, ""port_closure"": 0.119129, ""labor_strike_disruption"": 0.012712, ""maritime_security_navigation_disruption"": 0.693217}"
3350,"[""port_operational_disruption"", ""maritime_security_navigation_disruption""]","{""weather_disruption"": 0.275842, ""natural_disaster"": 0.005114, ""port_operational_disruption"": 0.895684, ""port_closure"": 0.07519, ""labor_strike_disruption"": 0.02837, ""maritime_security_navigation_disruption"": 0.658908}"
5425,"[""weather_disruption""]","{""weather_disruption"": 0.975454, ""natural_disaster"": 0.080878, ""port_operational_disruption"": 0.07485, ""port_closure"": 0.046576, ""labor_strike_disruption"": 0.019699, ""maritime_security_navigation_disruption"": 0.156861}"
1029,"[""natural_disaster""]","{""weather_disruption"": 0.126306, ""natural_disaster"": 0.974626, ""port_operational_disruption"": 0.017529, ""port_closure"": 0.013339, ""labor_strike_disruption"": 0.085411, ""maritime_security_navigation_disruption"": 0.170135}"
1368,"[""labor_strike_disruption""]","{""weather_disruption"": 0.151217, ""natural_disaster"": 0.017174, ""port_operational_disruption"": 0.021391, ""port_closure"": 0.01048, ""labor_strike_disruption"": 0.990899, ""maritime_security_navigation_disruption"": 0.028384}"
1883,"[""weather_disruption""]","{""weather_disruption"": 0.795518, ""natural_disaster"": 0.074943, ""port_operational_disruption"": 0.015976, ""port_closure"": 0.073156, ""labor_strike_disruption"": 0.152252, ""maritime_security_navigation_disruption"": 0.110545}"
3434,"[""weather_disruption"", ""port_operational_disruption""]","{""weather_disruption"": 0.534747, ""natural_disaster"": 0.014891, ""port_operational_disruption"": 0.832107, ""port_closure"": 0.249198, ""labor_strike_disruption"": 0.126739, ""maritime_security_navigation_disruption"": 0.073478}"
2120,"[""labor_strike_disruption""]","{""weather_disruption"": 0.019393, ""natural_disaster"": 0.015319, ""port_operational_disruption"": 0.191133, ""port_closure"": 0.057089, ""labor_strike_disruption"": 0.967803, ""maritime_security_navigation_disruption"": 0.286477}"
794,"[""weather_disruption"", ""maritime_security_navigation_disruption""]","{""weather_disruption"": 0.691591, ""natural_disaster"": 0.012688, ""port_operational_disruption"": 0.197344, ""port_closure"": 0.106018, ""labor_strike_disruption"": 0.129531, ""maritime_security_navigation_disruption"": 0.755496}"
750,"[""weather_disruption""]","{""weather_disruption"": 0.977499, ""natural_disaster"": 0.113827, ""port_operational_disruption"": 0.047341, ""port_closure"": 0.17552, ""labor_strike_disruption"": 0.008036, ""maritime_security_navigation_disruption"": 0.129469}"
5354,"[""weather_disruption"", ""port_closure""]","{""weather_disruption"": 0.917824, ""natural_disaster"": 0.009514, ""port_operational_disruption"": 0.509933, ""port_closure"": 0.97321, ""labor_strike_disruption"": 0.017577, ""maritime_security_navigation_disruption"": 0.080342}"
4262,"[""maritime_security_navigation_disruption""]","{""weather_disruption"": 0.041353, ""natural_disaster"": 0.034401, ""port_operational_disruption"": 0.067202, ""port_closure"": 0.078431, ""labor_strike_disruption"": 0.068529, ""maritime_security_navigation_disruption"": 0.980223}"
4386,"[""maritime_security_navigation_disruption""]","{""weather_disruption"": 0.004663, ""natural_disaster"": 0.004514, ""port_operational_disruption"": 0.503209, ""port_closure"": 0.056098, ""labor_strike_disruption"": 0.241142, ""maritime_security_navigation_disruption"": 0.895746}"
44,"[""labor_strike_disruption""]","{""weather_disruption"": 0.009324, ""natural_disaster"": 0.123623, ""port_operational_disruption"": 0.073744, ""port_closure"": 0.004313, ""labor_strike_disruption"": 0.994196, ""maritime_security_navigation_disruption"": 0.013566}"
4722,"[""weather_disruption"", ""maritime_security_navigation_disruption""]","{""weather_disruption"": 0.817822, ""natural_disaster"": 0.005722, ""port_operational_disruption"": 0.334108, ""port_closure"": 0.381753, ""labor_strike_disruption"": 0.040456, ""maritime_security_navigation_disruption"": 0.767047}"
255,"[""weather_disruption""]","{""weather_disruption"": 0.944683, ""natural_disaster"": 0.023165, ""port_operational_disruption"": 0.072888, ""port_closure"": 0.130599, ""labor_strike_disruption"": 0.222583, ""maritime_security_navigation_disruption"": 0.194792}"
1391,"[""weather_disruption"", ""port_operational_disruption"", ""port_closure""]","{""weather_disruption"": 0.584063, ""natural_disaster"": 0.015572, ""port_operational_disruption"": 0.815243, ""port_closure"": 0.801785, ""labor_strike_disruption"": 0.008074, ""maritime_security_navigation_disruption"": 0.225503}"
4001,"[""weather_disruption"", ""port_closure""]","{""weather_disruption"": 0.964293, ""natural_disaster"": 0.011064, ""port_operational_disruption"": 0.418056, ""port_closure"": 0.901803, ""labor_strike_disruption"": 0.004763, ""maritime_security_navigation_disruption"": 0.417467}"
5163,"[""maritime_security_navigation_disruption""]","{""weather_disruption"": 0.163078, ""natural_disaster"": 0.00268, ""port_operational_disruption"": 0.438788, ""port_closure"": 0.110754, ""labor_strike_disruption"": 0.014336, ""maritime_security_navigation_disruption"": 0.97626}"
4185,"[""weather_disruption"", ""port_operational_disruption""]","{""weather_disruption"": 0.926592, ""natural_disaster"": 0.004273, ""port_operational_disruption"": 0.821853, ""port_closure"": 0.448117, ""labor_strike_disruption"": 0.027897, ""maritime_security_navigation_disruption"": 0.091968}"
2384,"[""weather_disruption""]","{""weather_disruption"": 0.502453, ""natural_disaster"": 0.544019, ""port_operational_disruption"": 0.024687, ""port_closure"": 0.20652, ""labor_strike_disruption"": 0.179026, ""maritime_security_navigation_disruption"": 0.133545}"
1273,"[""port_operational_disruption""]","{""weather_disruption"": 0.194956, ""natural_disaster"": 0.03723, ""port_operational_disruption"": 0.579649, ""port_closure"": 0.052641, ""labor_strike_disruption"": 0.445768, ""maritime_security_navigation_disruption"": 0.073155}"
3078,"[""port_operational_disruption""]","{""weather_disruption"": 0.033027, ""natural_disaster"": 0.007939, ""port_operational_disruption"": 0.974968, ""port_closure"": 0.031795, ""labor_strike_disruption"": 0.031149, ""maritime_security_navigation_disruption"": 0.112304}"
3449,"[""port_operational_disruption""]","{""weather_disruption"": 0.219245, ""natural_disaster"": 0.080436, ""port_operational_disruption"": 0.635957, ""port_closure"": 0.115743, ""labor_strike_disruption"": 0.104488, ""maritime_security_navigation_disruption"": 0.454245}"
1250,"[""maritime_security_navigation_disruption""]","{""weather_disruption"": 0.024187, ""natural_disaster"": 0.005536, ""port_operational_disruption"": 0.506254, ""port_closure"": 0.017239, ""labor_strike_disruption"": 0.161287, ""maritime_security_navigation_disruption"": 0.972615}"
3373,"[""port_operational_disruption"", ""maritime_security_navigation_disruption""]","{""weather_disruption"": 0.309627, ""natural_disaster"": 0.03888, ""port_operational_disruption"": 0.667661, ""port_closure"": 0.115892, ""labor_strike_disruption"": 0.00647, ""maritime_security_navigation_disruption"": 0.832033}"
1629,"[""weather_disruption"", ""port_operational_disruption""]","{""weather_disruption"": 0.946524, ""natural_disaster"": 0.026005, ""port_operational_disruption"": 0.712123, ""port_closure"": 0.227634, ""labor_strike_disruption"": 0.023017, ""maritime_security_navigation_disruption"": 0.363264}"
2992,"[""labor_strike_disruption""]","{""weather_disruption"": 0.008046, ""natural_disaster"": 0.011963, ""port_operational_disruption"": 0.034093, ""port_closure"": 0.001194, ""labor_strike_disruption"": 0.998295, ""maritime_security_navigation_disruption"": 0.01321}"
2343,"[""weather_disruption"", ""port_operational_disruption""]","{""weather_disruption"": 0.979291, ""natural_disaster"": 0.008254, ""port_operational_disruption"": 0.902166, ""port_closure"": 0.273412, ""labor_strike_disruption"": 0.014644, ""maritime_security_navigation_disruption"": 0.042527}"
3761,"[""weather_disruption"", ""port_operational_disruption""]","{""weather_disruption"": 0.706875, ""natural_disaster"": 0.006603, ""port_operational_disruption"": 0.973282, ""port_closure"": 0.277333, ""labor_strike_disruption"": 0.024531, ""maritime_security_navigation_disruption"": 0.058332}"
256,"[""weather_disruption"", ""port_closure"", ""maritime_security_navigation_disruption""]","{""weather_disruption"": 0.982981, ""natural_disaster"": 0.012124, ""port_operational_disruption"": 0.250822, ""port_closure"": 0.894616, ""labor_strike_disruption"": 0.011692, ""maritime_security_navigation_disruption"": 0.732625}"
4644,"[""port_operational_disruption""]","{""weather_disruption"": 0.224403, ""natural_disaster"": 0.005189, ""port_operational_disruption"": 0.978856, ""port_closure"": 0.114593, ""labor_strike_disruption"": 0.02035, ""maritime_security_navigation_disruption"": 0.039478}"
3000,"[""weather_disruption""]","{""weather_disruption"": 0.998572, ""natural_disaster"": 0.149342, ""port_operational_disruption"": 0.051652, ""port_closure"": 0.055318, ""labor_strike_disruption"": 0.019974, ""maritime_security_navigation_disruption"": 0.025494}"
1720,"[""labor_strike_disruption""]","{""weather_disruption"": 0.284416, ""natural_disaster"": 0.01183, ""port_operational_disruption"": 0.034148, ""port_closure"": 0.028087, ""labor_strike_disruption"": 0.945701, ""maritime_security_navigation_disruption"": 0.021301}"
3902,"[""port_operational_disruption"", ""port_closure"", ""labor_strike_disruption""]","{""weather_disruption"": 0.37598, ""natural_disaster"": 0.002863, ""port_operational_disruption"": 0.686976, ""port_closure"": 0.860403, ""labor_strike_disruption"": 0.555838, ""maritime_security_navigation_disruption"": 0.241457}"
5644,"[""weather_disruption"", ""port_operational_disruption""]","{""weather_disruption"": 0.987731, ""natural_disaster"": 0.009248, ""port_operational_disruption"": 0.83955, ""port_closure"": 0.625052, ""labor_strike_disruption"": 0.004065, ""maritime_security_navigation_disruption"": 0.045547}"
3824,"[""maritime_security_navigation_disruption""]","{""weather_disruption"": 0.029581, ""natural_disaster"": 0.006923, ""port_operational_disruption"": 0.476857, ""port_closure"": 0.035837, ""labor_strike_disruption"": 0.150908, ""maritime_security_navigation_disruption"": 0.936797}"
1565,"[""labor_strike_disruption""]","{""weather_disruption"": 0.017365, ""natural_disaster"": 0.006284, ""port_operational_disruption"": 0.174785, ""port_closure"": 0.042595, ""labor_strike_disruption"": 0.987475, ""maritime_security_navigation_disruption"": 0.141362}"
2386,"[""weather_disruption""]","{""weather_disruption"": 0.98292, ""natural_disaster"": 0.321151, ""port_operational_disruption"": 0.034432, ""port_closure"": 0.059581, ""labor_strike_disruption"": 0.009691, ""maritime_security_navigation_disruption"": 0.020629}"
2835,"[""weather_disruption"", ""port_operational_disruption""]","{""weather_disruption"": 0.681714, ""natural_disaster"": 0.006804, ""port_operational_disruption"": 0.780525, ""port_closure"": 0.606596, ""labor_strike_disruption"": 0.035453, ""maritime_security_navigation_disruption"": 0.271726}"
648,"[""port_operational_disruption"", ""maritime_security_navigation_disruption""]","{""weather_disruption"": 0.04525, ""natural_disaster"": 0.027596, ""port_operational_disruption"": 0.710289, ""port_closure"": 0.150153, ""labor_strike_disruption"": 0.218349, ""maritime_security_navigation_disruption"": 0.746819}"
4997,"[""weather_disruption"", ""port_operational_disruption""]","{""weather_disruption"": 0.97287, ""natural_disaster"": 0.016739, ""port_operational_disruption"": 0.86446, ""port_closure"": 0.467226, ""labor_strike_disruption"": 0.019615, ""maritime_security_navigation_disruption"": 0.053197}"
771,"[""labor_strike_disruption""]","{""weather_disruption"": 0.017471, ""natural_disaster"": 0.033809, ""port_operational_disruption"": 0.210777, ""port_closure"": 0.020959, ""labor_strike_disruption"": 0.985904, ""maritime_security_navigation_disruption"": 0.100619}"
2450,"[""labor_strike_disruption"", ""maritime_security_navigation_disruption""]","{""weather_disruption"": 0.030444, ""natural_disaster"": 0.012353, ""port_operational_disruption"": 0.332508, ""port_closure"": 0.075942, ""labor_strike_disruption"": 0.88032, ""maritime_security_navigation_disruption"": 0.775528}"
1383,"[""port_operational_disruption""]","{""weather_disruption"": 0.173698, ""natural_disaster"": 0.013886, ""port_operational_disruption"": 0.936371, ""port_closure"": 0.363519, ""labor_strike_disruption"": 0.051888, ""maritime_security_navigation_disruption"": 0.153479}"
4903,"[""weather_disruption""]","{""weather_disruption"": 0.550427, ""natural_disaster"": 0.021461, ""port_operational_disruption"": 0.254616, ""port_closure"": 0.020366, ""labor_strike_disruption"": 0.047262, ""maritime_security_navigation_disruption"": 0.407152}"
2100,"[""weather_disruption"", ""port_closure"", ""maritime_security_navigation_disruption""]","{""weather_disruption"": 0.772529, ""natural_disaster"": 0.029723, ""port_operational_disruption"": 0.157673, ""port_closure"": 0.839279, ""labor_strike_disruption"": 0.029262, ""maritime_security_navigation_disruption"": 0.658646}"
5230,"[""labor_strike_disruption""]","{""weather_disruption"": 0.01212, ""natural_disaster"": 0.001249, ""port_operational_disruption"": 0.205802, ""port_closure"": 0.058364, ""labor_strike_disruption"": 0.933541, ""maritime_security_navigation_disruption"": 0.614348}"
515,"[""weather_disruption""]","{""weather_disruption"": 0.986068, ""natural_disaster"": 0.132701, ""port_operational_disruption"": 0.067656, ""port_closure"": 0.192994, ""labor_strike_disruption"": 0.053767, ""maritime_security_navigation_disruption"": 0.051738}"
2243,"[""labor_strike_disruption""]","{""weather_disruption"": 0.017497, ""natural_disaster"": 0.015353, ""port_operational_disruption"": 0.018662, ""port_closure"": 0.002795, ""labor_strike_disruption"": 0.994578, ""maritime_security_navigation_disruption"": 0.060339}"
4696,"[""weather_disruption"", ""port_operational_disruption""]","{""weather_disruption"": 0.975461, ""natural_disaster"": 0.007101, ""port_operational_disruption"": 0.824134, ""port_closure"": 0.316155, ""labor_strike_disruption"": 0.02136, ""maritime_security_navigation_disruption"": 0.031338}"
1826,"[""port_operational_disruption""]","{""weather_disruption"": 0.055579, ""natural_disaster"": 0.004827, ""port_operational_disruption"": 0.960671, ""port_closure"": 0.07293, ""labor_strike_disruption"": 0.05372, ""maritime_security_navigation_disruption"": 0.137204}"
1818,"[""labor_strike_disruption""]","{""weather_disruption"": 0.048005, ""natural_disaster"": 0.043158, ""port_operational_disruption"": 0.030243, ""port_closure"": 0.00802, ""labor_strike_disruption"": 0.9929, ""maritime_security_navigation_disruption"": 0.030025}"
5702,"[""weather_disruption""]","{""weather_disruption"": 0.832634, ""natural_disaster"": 0.060819, ""port_operational_disruption"": 0.032029, ""port_closure"": 0.018708, ""labor_strike_disruption"": 0.368757, ""maritime_security_navigation_disruption"": 0.078008}"
1897,"[""port_operational_disruption""]","{""weather_disruption"": 0.132501, ""natural_disaster"": 0.022984, ""port_operational_disruption"": 0.893449, ""port_closure"": 0.052491, ""labor_strike_disruption"": 0.048182, ""maritime_security_navigation_disruption"": 0.103333}"
1570,"[""labor_strike_disruption""]","{""weather_disruption"": 0.024001, ""natural_disaster"": 0.055772, ""port_operational_disruption"": 0.406497, ""port_closure"": 0.023447, ""labor_strike_disruption"": 0.944931, ""maritime_security_navigation_disruption"": 0.098886}"
878,"[""weather_disruption"", ""maritime_security_navigation_disruption""]","{""weather_disruption"": 0.868845, ""natural_disaster"": 0.002471, ""port_operational_disruption"": 0.450915, ""port_closure"": 0.670619, ""labor_strike_disruption"": 0.034295, ""maritime_security_navigation_disruption"": 0.86984}"
1162,"[""port_operational_disruption""]","{""weather_disruption"": 0.086353, ""natural_disaster"": 0.004113, ""port_operational_disruption"": 0.978064, ""port_closure"": 0.060268, ""labor_strike_disruption"": 0.017339, ""maritime_security_navigation_disruption"": 0.09699}"
4187,"[""weather_disruption"", ""port_operational_disruption"", ""port_closure""]","{""weather_disruption"": 0.987293, ""natural_disaster"": 0.009223, ""port_operational_disruption"": 0.768652, ""port_closure"": 0.875094, ""labor_strike_disruption"": 0.01915, ""maritime_security_navigation_disruption"": 0.05973}"
4342,"[""weather_disruption""]","{""weather_disruption"": 0.942881, ""natural_disaster"": 0.017595, ""port_operational_disruption"": 0.484396, ""port_closure"": 0.406723, ""labor_strike_disruption"": 0.002665, ""maritime_security_navigation_disruption"": 0.402788}"
32,"[""port_closure""]","{""weather_disruption"": 0.286584, ""natural_disaster"": 0.032359, ""port_operational_disruption"": 0.443347, ""port_closure"": 0.790338, ""labor_strike_disruption"": 0.068541, ""maritime_security_navigation_disruption"": 0.358242}"
1554,"[""weather_disruption""]","{""weather_disruption"": 0.847373, ""natural_disaster"": 0.057547, ""port_operational_disruption"": 0.060164, ""port_closure"": 0.041871, ""labor_strike_disruption"": 0.194182, ""maritime_security_navigation_disruption"": 0.029148}"
2914,"[""weather_disruption"", ""port_operational_disruption""]","{""weather_disruption"": 0.968504, ""natural_disaster"": 0.015503, ""port_operational_disruption"": 0.783945, ""port_closure"": 0.669198, ""labor_strike_disruption"": 0.018367, ""maritime_security_navigation_disruption"": 0.045153}"
1651,"[""weather_disruption"", ""maritime_security_navigation_disruption""]","{""weather_disruption"": 0.830175, ""natural_disaster"": 0.045346, ""port_operational_disruption"": 0.163987, ""port_closure"": 0.035906, ""labor_strike_disruption"": 0.01224, ""maritime_security_navigation_disruption"": 0.781726}"
2339,"[""weather_disruption"", ""port_operational_disruption"", ""port_closure""]","{""weather_disruption"": 0.977294, ""natural_disaster"": 0.009366, ""port_operational_disruption"": 0.66895, ""port_closure"": 0.900968, ""labor_strike_disruption"": 0.032933, ""maritime_security_navigation_disruption"": 0.095214}"
4048,"[""labor_strike_disruption""]","{""weather_disruption"": 0.130151, ""natural_disaster"": 0.009916, ""port_operational_disruption"": 0.24019, ""port_closure"": 0.110232, ""labor_strike_disruption"": 0.965876, ""maritime_security_navigation_disruption"": 0.129763}"
5450,"[""weather_disruption"", ""port_operational_disruption""]","{""weather_disruption"": 0.972524, ""natural_disaster"": 0.013434, ""port_operational_disruption"": 0.786969, ""port_closure"": 0.620388, ""labor_strike_disruption"": 0.004423, ""maritime_security_navigation_disruption"": 0.091107}"
2033,"[""port_operational_disruption"", ""maritime_security_navigation_disruption""]","{""weather_disruption"": 0.250404, ""natural_disaster"": 0.013918, ""port_operational_disruption"": 0.83095, ""port_closure"": 0.271513, ""labor_strike_disruption"": 0.028489, ""maritime_security_navigation_disruption"": 0.841103}"
4454,"[""port_operational_disruption"", ""maritime_security_navigation_disruption""]","{""weather_disruption"": 0.008154, ""natural_disaster"": 0.078898, ""port_operational_disruption"": 0.733421, ""port_closure"": 0.012921, ""labor_strike_disruption"": 0.042252, ""maritime_security_navigation_disruption"": 0.749946}"
3886,"[""weather_disruption"", ""port_closure""]","{""weather_disruption"": 0.517621, ""natural_disaster"": 0.01356, ""port_operational_disruption"": 0.102584, ""port_closure"": 0.804319, ""labor_strike_disruption"": 0.065772, ""maritime_security_navigation_disruption"": 0.543004}"
1220,"[""labor_strike_disruption""]","{""weather_disruption"": 0.02241, ""natural_disaster"": 0.050793, ""port_operational_disruption"": 0.07414, ""port_closure"": 0.015701, ""labor_strike_disruption"": 0.991552, ""maritime_security_navigation_disruption"": 0.035624}"
1050,"[""labor_strike_disruption""]","{""weather_disruption"": 0.019575, ""natural_disaster"": 0.021327, ""port_operational_disruption"": 0.153062, ""port_closure"": 0.034731, ""labor_strike_disruption"": 0.964561, ""maritime_security_navigation_disruption"": 0.58564}"
2775,"[""port_operational_disruption""]","{""weather_disruption"": 0.147817, ""natural_disaster"": 0.005468, ""port_operational_disruption"": 0.96442, ""port_closure"": 0.168917, ""labor_strike_disruption"": 0.028563, ""maritime_security_navigation_disruption"": 0.037995}"
989,"[""weather_disruption"", ""port_operational_disruption"", ""port_closure""]","{""weather_disruption"": 0.964982, ""natural_disaster"": 0.009606, ""port_operational_disruption"": 0.820326, ""port_closure"": 0.843436, ""labor_strike_disruption"": 0.010786, ""maritime_security_navigation_disruption"": 0.133832}"
4375,"[""labor_strike_disruption""]","{""weather_disruption"": 0.006839, ""natural_disaster"": 0.049478, ""port_operational_disruption"": 0.027978, ""port_closure"": 0.005024, ""labor_strike_disruption"": 0.99875, ""maritime_security_navigation_disruption"": 0.03769}"
421,"[""weather_disruption""]","{""weather_disruption"": 0.958992, ""natural_disaster"": 0.086679, ""port_operational_disruption"": 0.148559, ""port_closure"": 0.054415, ""labor_strike_disruption"": 0.039966, ""maritime_security_navigation_disruption"": 0.137838}"
4078,"[""weather_disruption"", ""port_operational_disruption""]","{""weather_disruption"": 0.708971, ""natural_disaster"": 0.005295, ""port_operational_disruption"": 0.973864, ""port_closure"": 0.197692, ""labor_strike_disruption"": 0.010526, ""maritime_security_navigation_disruption"": 0.082658}"
823,"[""port_operational_disruption""]","{""weather_disruption"": 0.139692, ""natural_disaster"": 0.010615, ""port_operational_disruption"": 0.971539, ""port_closure"": 0.113835, ""labor_strike_disruption"": 0.017231, ""maritime_security_navigation_disruption"": 0.026002}"
1963,"[""weather_disruption"", ""port_closure""]","{""weather_disruption"": 0.923169, ""natural_disaster"": 0.01643, ""port_operational_disruption"": 0.165356, ""port_closure"": 0.907835, ""labor_strike_disruption"": 0.026135, ""maritime_security_navigation_disruption"": 0.398259}"
3399,"[""maritime_security_navigation_disruption""]","{""weather_disruption"": 0.170276, ""natural_disaster"": 0.008855, ""port_operational_disruption"": 0.35084, ""port_closure"": 0.111063, ""labor_strike_disruption"": 0.05754, ""maritime_security_navigation_disruption"": 0.901204}"
1866,"[""labor_strike_disruption""]","{""weather_disruption"": 0.021577, ""natural_disaster"": 0.011467, ""port_operational_disruption"": 0.015213, ""port_closure"": 0.027931, ""labor_strike_disruption"": 0.98879, ""maritime_security_navigation_disruption"": 0.218854}"
2097,"[""port_operational_disruption""]","{""weather_disruption"": 0.049085, ""natural_disaster"": 0.005448, ""port_operational_disruption"": 0.977473, ""port_closure"": 0.082742, ""labor_strike_disruption"": 0.041425, ""maritime_security_navigation_disruption"": 0.033758}"
4865,"[""port_operational_disruption""]","{""weather_disruption"": 0.09013, ""natural_disaster"": 0.003385, ""port_operational_disruption"": 0.972096, ""port_closure"": 0.184323, ""labor_strike_disruption"": 0.038108, ""maritime_security_navigation_disruption"": 0.034264}"
278,"[""labor_strike_disruption""]","{""weather_disruption"": 0.005407, ""natural_disaster"": 0.002319, ""port_operational_disruption"": 0.21324, ""port_closure"": 0.022654, ""labor_strike_disruption"": 0.983234, ""maritime_security_navigation_disruption"": 0.510647}"
1931,"[""weather_disruption"", ""port_operational_disruption""]","{""weather_disruption"": 0.808809, ""natural_disaster"": 0.011987, ""port_operational_disruption"": 0.939574, ""port_closure"": 0.316063, ""labor_strike_disruption"": 0.053443, ""maritime_security_navigation_disruption"": 0.045919}"
1053,"[""natural_disaster""]","{""weather_disruption"": 0.200404, ""natural_disaster"": 0.982774, ""port_operational_disruption"": 0.017808, ""port_closure"": 0.01236, ""labor_strike_disruption"": 0.055513, ""maritime_security_navigation_disruption"": 0.031559}"
3332,"[""port_operational_disruption""]","{""weather_disruption"": 0.024245, ""natural_disaster"": 0.035205, ""port_operational_disruption"": 0.797499, ""port_closure"": 0.034821, ""labor_strike_disruption"": 0.406694, ""maritime_security_navigation_disruption"": 0.260929}"
2201,"[""weather_disruption""]","{""weather_disruption"": 0.983532, ""natural_disaster"": 0.096459, ""port_operational_disruption"": 0.088264, ""port_closure"": 0.129791, ""labor_strike_disruption"": 0.013685, ""maritime_security_navigation_disruption"": 0.068899}"
353,"[""port_operational_disruption""]","{""weather_disruption"": 0.435205, ""natural_disaster"": 0.008442, ""port_operational_disruption"": 0.913383, ""port_closure"": 0.167682, ""labor_strike_disruption"": 0.207743, ""maritime_security_navigation_disruption"": 0.077628}"
5760,"[""labor_strike_disruption""]","{""weather_disruption"": 0.018202, ""natural_disaster"": 0.030524, ""port_operational_disruption"": 0.012798, ""port_closure"": 0.008303, ""labor_strike_disruption"": 0.995443, ""maritime_security_navigation_disruption"": 0.102661}"
2751,"[""port_operational_disruption""]","{""weather_disruption"": 0.186546, ""natural_disaster"": 0.006111, ""port_operational_disruption"": 0.959461, ""port_closure"": 0.115493, ""labor_strike_disruption"": 0.028676, ""maritime_security_navigation_disruption"": 0.068439}"
3866,"[""maritime_security_navigation_disruption""]","{""weather_disruption"": 0.119611, ""natural_disaster"": 0.020673, ""port_operational_disruption"": 0.069458, ""port_closure"": 0.046727, ""labor_strike_disruption"": 0.066457, ""maritime_security_navigation_disruption"": 0.911971}"
3882,"[""labor_strike_disruption""]","{""weather_disruption"": 0.004846, ""natural_disaster"": 0.030847, ""port_operational_disruption"": 0.014961, ""port_closure"": 0.007273, ""labor_strike_disruption"": 0.995518, ""maritime_security_navigation_disruption"": 0.054264}"
1737,"[""port_operational_disruption""]","{""weather_disruption"": 0.337767, ""natural_disaster"": 0.018486, ""port_operational_disruption"": 0.937517, ""port_closure"": 0.08455, ""labor_strike_disruption"": 0.20049, ""maritime_security_navigation_disruption"": 0.072699}"
2315,"[""weather_disruption""]","{""weather_disruption"": 0.992805, ""natural_disaster"": 0.090816, ""port_operational_disruption"": 0.058595, ""port_closure"": 0.089596, ""labor_strike_disruption"": 0.009369, ""maritime_security_navigation_disruption"": 0.07753}"
5072,"[""port_operational_disruption"", ""maritime_security_navigation_disruption""]","{""weather_disruption"": 0.004217, ""natural_disaster"": 0.085394, ""port_operational_disruption"": 0.616419, ""port_closure"": 0.011633, ""labor_strike_disruption"": 0.275475, ""maritime_security_navigation_disruption"": 0.82679}"
4046,"[""labor_strike_disruption""]","{""weather_disruption"": 0.044911, ""natural_disaster"": 0.051849, ""port_operational_disruption"": 0.049881, ""port_closure"": 0.000578, ""labor_strike_disruption"": 0.983585, ""maritime_security_navigation_disruption"": 0.042044}"
4704,"[""port_operational_disruption""]","{""weather_disruption"": 0.069204, ""natural_disaster"": 0.011923, ""port_operational_disruption"": 0.924537, ""port_closure"": 0.25327, ""labor_strike_disruption"": 0.055321, ""maritime_security_navigation_disruption"": 0.039584}"
4866,"[""port_operational_disruption""]","{""weather_disruption"": 0.057292, ""natural_disaster"": 0.013262, ""port_operational_disruption"": 0.939667, ""port_closure"": 0.160392, ""labor_strike_disruption"": 0.03386, ""maritime_security_navigation_disruption"": 0.062049}"
2531,"[""weather_disruption""]","{""weather_disruption"": 0.674538, ""natural_disaster"": 0.104463, ""port_operational_disruption"": 0.039095, ""port_closure"": 0.007894, ""labor_strike_disruption"": 0.082152, ""maritime_security_navigation_disruption"": 0.203547}"
2323,"[""weather_disruption"", ""port_operational_disruption""]","{""weather_disruption"": 0.981505, ""natural_disaster"": 0.007999, ""port_operational_disruption"": 0.940789, ""port_closure"": 0.483091, ""labor_strike_disruption"": 0.011025, ""maritime_security_navigation_disruption"": 0.034139}"
169,"[""weather_disruption"", ""port_operational_disruption""]","{""weather_disruption"": 0.760283, ""natural_disaster"": 0.004923, ""port_operational_disruption"": 0.880435, ""port_closure"": 0.180234, ""labor_strike_disruption"": 0.096438, ""maritime_security_navigation_disruption"": 0.490843}"
1981,"[""natural_disaster""]","{""weather_disruption"": 0.07605, ""natural_disaster"": 0.993779, ""port_operational_disruption"": 0.027351, ""port_closure"": 0.002942, ""labor_strike_disruption"": 0.037669, ""maritime_security_navigation_disruption"": 0.083405}"
2128,"[""labor_strike_disruption""]","{""weather_disruption"": 0.019346, ""natural_disaster"": 0.007208, ""port_operational_disruption"": 0.122658, ""port_closure"": 0.015385, ""labor_strike_disruption"": 0.939647, ""maritime_security_navigation_disruption"": 0.495781}"
1191,"[""port_operational_disruption""]","{""weather_disruption"": 0.092264, ""natural_disaster"": 0.004334, ""port_operational_disruption"": 0.977461, ""port_closure"": 0.077445, ""labor_strike_disruption"": 0.076678, ""maritime_security_navigation_disruption"": 0.057675}"
600,"[""labor_strike_disruption""]","{""weather_disruption"": 0.005107, ""natural_disaster"": 0.081846, ""port_operational_disruption"": 0.026848, ""port_closure"": 0.004825, ""labor_strike_disruption"": 0.99647, ""maritime_security_navigation_disruption"": 0.083053}"
3409,"[""port_operational_disruption""]","{""weather_disruption"": 0.004342, ""natural_disaster"": 0.041073, ""port_operational_disruption"": 0.656325, ""port_closure"": 0.012014, ""labor_strike_disruption"": 0.169059, ""maritime_security_navigation_disruption"": 0.64843}"
3256,"[""port_operational_disruption""]","{""weather_disruption"": 0.138339, ""natural_disaster"": 0.007611, ""port_operational_disruption"": 0.889729, ""port_closure"": 0.133905, ""labor_strike_disruption"": 0.032824, ""maritime_security_navigation_disruption"": 0.307419}"
1129,"[""labor_strike_disruption""]","{""weather_disruption"": 0.043647, ""natural_disaster"": 0.002269, ""port_operational_disruption"": 0.405494, ""port_closure"": 0.089342, ""labor_strike_disruption"": 0.956163, ""maritime_security_navigation_disruption"": 0.2651}"
1141,"[""weather_disruption""]","{""weather_disruption"": 0.822754, ""natural_disaster"": 0.055545, ""port_operational_disruption"": 0.056882, ""port_closure"": 0.020326, ""labor_strike_disruption"": 0.093243, ""maritime_security_navigation_disruption"": 0.174024}"
2246,"[""weather_disruption""]","{""weather_disruption"": 0.985524, ""natural_disaster"": 0.161035, ""port_operational_disruption"": 0.035359, ""port_closure"": 0.050884, ""labor_strike_disruption"": 0.007044, ""maritime_security_navigation_disruption"": 0.043801}"
3739,"[""maritime_security_navigation_disruption""]","{""weather_disruption"": 0.182358, ""natural_disaster"": 0.012093, ""port_operational_disruption"": 0.217527, ""port_closure"": 0.140833, ""labor_strike_disruption"": 0.030959, ""maritime_security_navigation_disruption"": 0.915505}"
1803,"[""maritime_security_navigation_disruption""]","{""weather_disruption"": 0.087532, ""natural_disaster"": 0.099599, ""port_operational_disruption"": 0.51989, ""port_closure"": 0.045508, ""labor_strike_disruption"": 0.021377, ""maritime_security_navigation_disruption"": 0.931703}"
2628,"[""labor_strike_disruption""]","{""weather_disruption"": 0.006436, ""natural_disaster"": 0.044903, ""port_operational_disruption"": 0.023772, ""port_closure"": 0.029493, ""labor_strike_disruption"": 0.993927, ""maritime_security_navigation_disruption"": 0.255352}"
1543,"[""weather_disruption""]","{""weather_disruption"": 0.965837, ""natural_disaster"": 0.132119, ""port_operational_disruption"": 0.253351, ""port_closure"": 0.273121, ""labor_strike_disruption"": 0.036116, ""maritime_security_navigation_disruption"": 0.19015}"
5439,"[""labor_strike_disruption""]","{""weather_disruption"": 0.001964, ""natural_disaster"": 0.00949, ""port_operational_disruption"": 0.078048, ""port_closure"": 0.016402, ""labor_strike_disruption"": 0.996454, ""maritime_security_navigation_disruption"": 0.193172}"
1614,"[""weather_disruption"", ""port_operational_disruption"", ""port_closure""]","{""weather_disruption"": 0.829814, ""natural_disaster"": 0.00225, ""port_operational_disruption"": 0.77447, ""port_closure"": 0.928167, ""labor_strike_disruption"": 0.051491, ""maritime_security_navigation_disruption"": 0.123301}"
3141,"[""maritime_security_navigation_disruption""]","{""weather_disruption"": 0.117294, ""natural_disaster"": 0.012525, ""port_operational_disruption"": 0.241165, ""port_closure"": 0.013072, ""labor_strike_disruption"": 0.056672, ""maritime_security_navigation_disruption"": 0.964292}"
2978,"[""labor_strike_disruption""]","{""weather_disruption"": 0.210122, ""natural_disaster"": 0.015806, ""port_operational_disruption"": 0.011753, ""port_closure"": 0.023227, ""labor_strike_disruption"": 0.990776, ""maritime_security_navigation_disruption"": 0.026849}"
5759,"[""labor_strike_disruption""]","{""weather_disruption"": 0.007567, ""natural_disaster"": 0.029656, ""port_operational_disruption"": 0.01426, ""port_closure"": 0.014354, ""labor_strike_disruption"": 0.991293, ""maritime_security_navigation_disruption"": 0.218505}"
39,"[""port_operational_disruption""]","{""weather_disruption"": 0.138297, ""natural_disaster"": 0.025119, ""port_operational_disruption"": 0.760939, ""port_closure"": 0.038682, ""labor_strike_disruption"": 0.058166, ""maritime_security_navigation_disruption"": 0.165306}"
2311,"[""labor_strike_disruption""]","{""weather_disruption"": 0.044055, ""natural_disaster"": 0.010567, ""port_operational_disruption"": 0.145917, ""port_closure"": 0.400752, ""labor_strike_disruption"": 0.982414, ""maritime_security_navigation_disruption"": 0.073718}"
5167,"[""weather_disruption""]","{""weather_disruption"": 0.973617, ""natural_disaster"": 0.075458, ""port_operational_disruption"": 0.035846, ""port_closure"": 0.040102, ""labor_strike_disruption"": 0.015924, ""maritime_security_navigation_disruption"": 0.04378}"
4415,"[""labor_strike_disruption""]","{""weather_disruption"": 0.012993, ""natural_disaster"": 0.022535, ""port_operational_disruption"": 0.117232, ""port_closure"": 0.017875, ""labor_strike_disruption"": 0.989604, ""maritime_security_navigation_disruption"": 0.083752}"
1700,"[""labor_strike_disruption""]","{""weather_disruption"": 0.023866, ""natural_disaster"": 0.064641, ""port_operational_disruption"": 0.01854, ""port_closure"": 0.011662, ""labor_strike_disruption"": 0.986171, ""maritime_security_navigation_disruption"": 0.046642}"
1600,"[""port_operational_disruption""]","{""weather_disruption"": 0.235904, ""natural_disaster"": 0.018068, ""port_operational_disruption"": 0.972831, ""port_closure"": 0.055714, ""labor_strike_disruption"": 0.016123, ""maritime_security_navigation_disruption"": 0.084863}"
2709,"[""labor_strike_disruption""]","{""weather_disruption"": 0.029173, ""natural_disaster"": 0.009681, ""port_operational_disruption"": 0.105605, ""port_closure"": 0.191609, ""labor_strike_disruption"": 0.990319, ""maritime_security_navigation_disruption"": 0.098715}"
1295,"[""maritime_security_navigation_disruption""]","{""weather_disruption"": 0.097359, ""natural_disaster"": 0.015548, ""port_operational_disruption"": 0.516617, ""port_closure"": 0.044717, ""labor_strike_disruption"": 0.123248, ""maritime_security_navigation_disruption"": 0.825078}"
476,"[""labor_strike_disruption""]","{""weather_disruption"": 0.008244, ""natural_disaster"": 0.00398, ""port_operational_disruption"": 0.420229, ""port_closure"": 0.02263, ""labor_strike_disruption"": 0.980501, ""maritime_security_navigation_disruption"": 0.384933}"
5566,"[""natural_disaster""]","{""weather_disruption"": 0.148174, ""natural_disaster"": 0.990181, ""port_operational_disruption"": 0.022295, ""port_closure"": 0.005911, ""labor_strike_disruption"": 0.036481, ""maritime_security_navigation_disruption"": 0.165565}"
5515,"[""maritime_security_navigation_disruption""]","{""weather_disruption"": 0.087419, ""natural_disaster"": 0.052484, ""port_operational_disruption"": 0.270367, ""port_closure"": 0.029769, ""labor_strike_disruption"": 0.09934, ""maritime_security_navigation_disruption"": 0.828843}"
898,[],"{""weather_disruption"": 0.472996, ""natural_disaster"": 0.114093, ""port_operational_disruption"": 0.188212, ""port_closure"": 0.394543, ""labor_strike_disruption"": 0.226418, ""maritime_security_navigation_disruption"": 0.611199}"
3823,"[""maritime_security_navigation_disruption""]","{""weather_disruption"": 0.019054, ""natural_disaster"": 0.00477, ""port_operational_disruption"": 0.258943, ""port_closure"": 0.02665, ""labor_strike_disruption"": 0.162213, ""maritime_security_navigation_disruption"": 0.928364}"
4042,"[""weather_disruption""]","{""weather_disruption"": 0.904482, ""natural_disaster"": 0.129223, ""port_operational_disruption"": 0.082877, ""port_closure"": 0.286299, ""labor_strike_disruption"": 0.048091, ""maritime_security_navigation_disruption"": 0.139069}"
5283,"[""weather_disruption""]","{""weather_disruption"": 0.993062, ""natural_disaster"": 0.24759, ""port_operational_disruption"": 0.015107, ""port_closure"": 0.027017, ""labor_strike_disruption"": 0.03345, ""maritime_security_navigation_disruption"": 0.034977}"
2344,"[""weather_disruption"", ""port_operational_disruption""]","{""weather_disruption"": 0.982514, ""natural_disaster"": 0.007893, ""port_operational_disruption"": 0.934436, ""port_closure"": 0.381438, ""labor_strike_disruption"": 0.010376, ""maritime_security_navigation_disruption"": 0.057587}"
177,"[""port_operational_disruption""]","{""weather_disruption"": 0.445221, ""natural_disaster"": 0.006733, ""port_operational_disruption"": 0.952173, ""port_closure"": 0.076194, ""labor_strike_disruption"": 0.028673, ""maritime_security_navigation_disruption"": 0.053077}"
1131,"[""labor_strike_disruption""]","{""weather_disruption"": 0.064986, ""natural_disaster"": 0.013926, ""port_operational_disruption"": 0.010746, ""port_closure"": 0.004736, ""labor_strike_disruption"": 0.998413, ""maritime_security_navigation_disruption"": 0.023965}"
5383,"[""weather_disruption""]","{""weather_disruption"": 0.815081, ""natural_disaster"": 0.01562, ""port_operational_disruption"": 0.150837, ""port_closure"": 0.071293, ""labor_strike_disruption"": 0.200426, ""maritime_security_navigation_disruption"": 0.570428}"
178,"[""port_operational_disruption""]","{""weather_disruption"": 0.214086, ""natural_disaster"": 0.008295, ""port_operational_disruption"": 0.954896, ""port_closure"": 0.10067, ""labor_strike_disruption"": 0.129947, ""maritime_security_navigation_disruption"": 0.202338}"
4966,"[""maritime_security_navigation_disruption""]","{""weather_disruption"": 0.029001, ""natural_disaster"": 0.018859, ""port_operational_disruption"": 0.319241, ""port_closure"": 0.00675, ""labor_strike_disruption"": 0.141397, ""maritime_security_navigation_disruption"": 0.954937}"
52,"[""labor_strike_disruption""]","{""weather_disruption"": 0.014477, ""natural_disaster"": 0.015181, ""port_operational_disruption"": 0.16493, ""port_closure"": 0.012212, ""labor_strike_disruption"": 0.98841, ""maritime_security_navigation_disruption"": 0.060758}"
3865,"[""maritime_security_navigation_disruption""]","{""weather_disruption"": 0.074577, ""natural_disaster"": 0.021135, ""port_operational_disruption"": 0.060295, ""port_closure"": 0.029041, ""labor_strike_disruption"": 0.059818, ""maritime_security_navigation_disruption"": 0.947545}"
5310,"[""weather_disruption"", ""port_operational_disruption""]","{""weather_disruption"": 0.956801, ""natural_disaster"": 0.012026, ""port_operational_disruption"": 0.754639, ""port_closure"": 0.320636, ""labor_strike_disruption"": 0.045685, ""maritime_security_navigation_disruption"": 0.089421}"
2950,"[""weather_disruption"", ""port_operational_disruption""]","{""weather_disruption"": 0.681483, ""natural_disaster"": 0.009434, ""port_operational_disruption"": 0.969246, ""port_closure"": 0.23571, ""labor_strike_disruption"": 0.030768, ""maritime_security_navigation_disruption"": 0.029535}"
4800,"[""weather_disruption""]","{""weather_disruption"": 0.992089, ""natural_disaster"": 0.118424, ""port_operational_disruption"": 0.11081, ""port_closure"": 0.041675, ""labor_strike_disruption"": 0.013801, ""maritime_security_navigation_disruption"": 0.144931}"
5468,"[""weather_disruption"", ""port_closure""]","{""weather_disruption"": 0.924528, ""natural_disaster"": 0.00962, ""port_operational_disruption"": 0.442639, ""port_closure"": 0.842291, ""labor_strike_disruption"": 0.065134, ""maritime_security_navigation_disruption"": 0.251197}"
1386,"[""port_operational_disruption""]","{""weather_disruption"": 0.113449, ""natural_disaster"": 0.005026, ""port_operational_disruption"": 0.986812, ""port_closure"": 0.054579, ""labor_strike_disruption"": 0.020157, ""maritime_security_navigation_disruption"": 0.055514}"
5304,"[""weather_disruption"", ""port_operational_disruption""]","{""weather_disruption"": 0.870753, ""natural_disaster"": 0.011162, ""port_operational_disruption"": 0.695828, ""port_closure"": 0.620807, ""labor_strike_disruption"": 0.096952, ""maritime_security_navigation_disruption"": 0.350684}"
3623,"[""weather_disruption""]","{""weather_disruption"": 0.978016, ""natural_disaster"": 0.05886, ""port_operational_disruption"": 0.29512, ""port_closure"": 0.017753, ""labor_strike_disruption"": 0.073923, ""maritime_security_navigation_disruption"": 0.014504}"
2173,"[""weather_disruption""]","{""weather_disruption"": 0.833654, ""natural_disaster"": 0.203027, ""port_operational_disruption"": 0.037644, ""port_closure"": 0.037062, ""labor_strike_disruption"": 0.112566, ""maritime_security_navigation_disruption"": 0.190021}"
3236,"[""port_operational_disruption""]","{""weather_disruption"": 0.166294, ""natural_disaster"": 0.005172, ""port_operational_disruption"": 0.962573, ""port_closure"": 0.208001, ""labor_strike_disruption"": 0.033647, ""maritime_security_navigation_disruption"": 0.031561}"
5726,"[""port_operational_disruption"", ""labor_strike_disruption""]","{""weather_disruption"": 0.027187, ""natural_disaster"": 0.002505, ""port_operational_disruption"": 0.945864, ""port_closure"": 0.051604, ""labor_strike_disruption"": 0.654852, ""maritime_security_navigation_disruption"": 0.296115}"
100,"[""labor_strike_disruption""]","{""weather_disruption"": 0.021545, ""natural_disaster"": 0.002589, ""port_operational_disruption"": 0.2314, ""port_closure"": 0.06757, ""labor_strike_disruption"": 0.99002, ""maritime_security_navigation_disruption"": 0.562847}"
4473,"[""maritime_security_navigation_disruption""]","{""weather_disruption"": 0.328033, ""natural_disaster"": 0.029892, ""port_operational_disruption"": 0.190237, ""port_closure"": 0.084321, ""labor_strike_disruption"": 0.042511, ""maritime_security_navigation_disruption"": 0.825643}"
920,"[""weather_disruption"", ""port_closure""]","{""weather_disruption"": 0.671479, ""natural_disaster"": 0.010887, ""port_operational_disruption"": 0.524239, ""port_closure"": 0.925508, ""labor_strike_disruption"": 0.080364, ""maritime_security_navigation_disruption"": 0.269773}"
2015,"[""labor_strike_disruption""]","{""weather_disruption"": 0.024675, ""natural_disaster"": 0.022615, ""port_operational_disruption"": 0.06879, ""port_closure"": 0.010108, ""labor_strike_disruption"": 0.853238, ""maritime_security_navigation_disruption"": 0.130835}"
540,"[""weather_disruption"", ""port_closure""]","{""weather_disruption"": 0.955859, ""natural_disaster"": 0.012386, ""port_operational_disruption"": 0.173756, ""port_closure"": 0.935634, ""labor_strike_disruption"": 0.01703, ""maritime_security_navigation_disruption"": 0.393937}"
4671,"[""weather_disruption"", ""port_closure""]","{""weather_disruption"": 0.901366, ""natural_disaster"": 0.011658, ""port_operational_disruption"": 0.533337, ""port_closure"": 0.804009, ""labor_strike_disruption"": 0.023402, ""maritime_security_navigation_disruption"": 0.300858}"
516,"[""weather_disruption"", ""port_operational_disruption""]","{""weather_disruption"": 0.739531, ""natural_disaster"": 0.079827, ""port_operational_disruption"": 0.862992, ""port_closure"": 0.272804, ""labor_strike_disruption"": 0.006332, ""maritime_security_navigation_disruption"": 0.109538}"
2469,"[""port_operational_disruption""]","{""weather_disruption"": 0.082311, ""natural_disaster"": 0.013823, ""port_operational_disruption"": 0.973462, ""port_closure"": 0.096333, ""labor_strike_disruption"": 0.020627, ""maritime_security_navigation_disruption"": 0.065372}"
1056,"[""port_operational_disruption""]","{""weather_disruption"": 0.312237, ""natural_disaster"": 0.006065, ""port_operational_disruption"": 0.962802, ""port_closure"": 0.045059, ""labor_strike_disruption"": 0.166425, ""maritime_security_navigation_disruption"": 0.105246}"
3992,"[""weather_disruption"", ""maritime_security_navigation_disruption""]","{""weather_disruption"": 0.544066, ""natural_disaster"": 0.103613, ""port_operational_disruption"": 0.517993, ""port_closure"": 0.712764, ""labor_strike_disruption"": 0.059361, ""maritime_security_navigation_disruption"": 0.698737}"
1182,"[""port_operational_disruption""]","{""weather_disruption"": 0.087694, ""natural_disaster"": 0.005595, ""port_operational_disruption"": 0.976772, ""port_closure"": 0.083955, ""labor_strike_disruption"": 0.018826, ""maritime_security_navigation_disruption"": 0.031293}"
5093,"[""weather_disruption"", ""port_closure""]","{""weather_disruption"": 0.51147, ""natural_disaster"": 0.054148, ""port_operational_disruption"": 0.286636, ""port_closure"": 0.889894, ""labor_strike_disruption"": 0.092138, ""maritime_security_navigation_disruption"": 0.394743}"
140,"[""port_operational_disruption"", ""maritime_security_navigation_disruption""]","{""weather_disruption"": 0.047794, ""natural_disaster"": 0.021301, ""port_operational_disruption"": 0.692579, ""port_closure"": 0.10852, ""labor_strike_disruption"": 0.059573, ""maritime_security_navigation_disruption"": 0.945171}"
4401,"[""port_operational_disruption""]","{""weather_disruption"": 0.125554, ""natural_disaster"": 0.013529, ""port_operational_disruption"": 0.928967, ""port_closure"": 0.306678, ""labor_strike_disruption"": 0.037743, ""maritime_security_navigation_disruption"": 0.025931}"
1596,"[""weather_disruption""]","{""weather_disruption"": 0.809763, ""natural_disaster"": 0.019185, ""port_operational_disruption"": 0.248708, ""port_closure"": 0.331996, ""labor_strike_disruption"": 0.415389, ""maritime_security_navigation_disruption"": 0.084267}"
3597,"[""maritime_security_navigation_disruption""]","{""weather_disruption"": 0.131629, ""natural_disaster"": 0.011578, ""port_operational_disruption"": 0.171236, ""port_closure"": 0.257135, ""labor_strike_disruption"": 0.122342, ""maritime_security_navigation_disruption"": 0.662568}"
3276,"[""labor_strike_disruption""]","{""weather_disruption"": 0.080616, ""natural_disaster"": 0.021579, ""port_operational_disruption"": 0.193201, ""port_closure"": 0.006303, ""labor_strike_disruption"": 0.975904, ""maritime_security_navigation_disruption"": 0.005371}"
449,"[""port_operational_disruption""]","{""weather_disruption"": 0.114641, ""natural_disaster"": 0.004459, ""port_operational_disruption"": 0.972844, ""port_closure"": 0.132068, ""labor_strike_disruption"": 0.069092, ""maritime_security_navigation_disruption"": 0.31383}"
4421,"[""weather_disruption"", ""port_operational_disruption"", ""port_closure""]","{""weather_disruption"": 0.81371, ""natural_disaster"": 0.008386, ""port_operational_disruption"": 0.833795, ""port_closure"": 0.859877, ""labor_strike_disruption"": 0.089288, ""maritime_security_navigation_disruption"": 0.179198}"
1468,"[""weather_disruption"", ""port_operational_disruption"", ""port_closure""]","{""weather_disruption"": 0.812357, ""natural_disaster"": 0.005171, ""port_operational_disruption"": 0.822182, ""port_closure"": 0.7586, ""labor_strike_disruption"": 0.047985, ""maritime_security_navigation_disruption"": 0.166313}"
5618,"[""labor_strike_disruption""]","{""weather_disruption"": 0.037283, ""natural_disaster"": 0.005366, ""port_operational_disruption"": 0.148473, ""port_closure"": 0.078331, ""labor_strike_disruption"": 0.982717, ""maritime_security_navigation_disruption"": 0.209547}"
1057,"[""natural_disaster""]","{""weather_disruption"": 0.118307, ""natural_disaster"": 0.990029, ""port_operational_disruption"": 0.015282, ""port_closure"": 0.008701, ""labor_strike_disruption"": 0.077649, ""maritime_security_navigation_disruption"": 0.037467}"
2322,"[""weather_disruption"", ""port_operational_disruption""]","{""weather_disruption"": 0.986608, ""natural_disaster"": 0.009196, ""port_operational_disruption"": 0.812572, ""port_closure"": 0.350182, ""labor_strike_disruption"": 0.015572, ""maritime_security_navigation_disruption"": 0.074999}"
3814,"[""labor_strike_disruption""]","{""weather_disruption"": 0.004659, ""natural_disaster"": 0.004282, ""port_operational_disruption"": 0.018509, ""port_closure"": 0.003866, ""labor_strike_disruption"": 0.999204, ""maritime_security_navigation_disruption"": 0.131608}"
3763,"[""port_operational_disruption"", ""maritime_security_navigation_disruption""]","{""weather_disruption"": 0.0667, ""natural_disaster"": 0.004265, ""port_operational_disruption"": 0.720303, ""port_closure"": 0.169152, ""labor_strike_disruption"": 0.064736, ""maritime_security_navigation_disruption"": 0.861431}"
3859,"[""maritime_security_navigation_disruption""]","{""weather_disruption"": 0.09154, ""natural_disaster"": 0.012496, ""port_operational_disruption"": 0.053671, ""port_closure"": 0.117558, ""labor_strike_disruption"": 0.094161, ""maritime_security_navigation_disruption"": 0.955355}"
4301,[],"{""weather_disruption"": 0.17032, ""natural_disaster"": 0.118619, ""port_operational_disruption"": 0.211266, ""port_closure"": 0.023074, ""labor_strike_disruption"": 0.26984, ""maritime_security_navigation_disruption"": 0.177005}"
5490,"[""maritime_security_navigation_disruption""]","{""weather_disruption"": 0.038956, ""natural_disaster"": 0.029125, ""port_operational_disruption"": 0.061633, ""port_closure"": 0.078841, ""labor_strike_disruption"": 0.06651, ""maritime_security_navigation_disruption"": 0.987258}"
3330,"[""maritime_security_navigation_disruption""]","{""weather_disruption"": 0.07336, ""natural_disaster"": 0.030538, ""port_operational_disruption"": 0.217148, ""port_closure"": 0.009702, ""labor_strike_disruption"": 0.166325, ""maritime_security_navigation_disruption"": 0.719566}"
1717,"[""labor_strike_disruption""]","{""weather_disruption"": 0.010931, ""natural_disaster"": 0.122993, ""port_operational_disruption"": 0.031596, ""port_closure"": 0.022432, ""labor_strike_disruption"": 0.994118, ""maritime_security_navigation_disruption"": 0.084594}"
4097,"[""maritime_security_navigation_disruption""]","{""weather_disruption"": 0.297604, ""natural_disaster"": 0.051034, ""port_operational_disruption"": 0.399705, ""port_closure"": 0.044322, ""labor_strike_disruption"": 0.012573, ""maritime_security_navigation_disruption"": 0.77588}"
821,"[""port_operational_disruption""]","{""weather_disruption"": 0.097406, ""natural_disaster"": 0.008071, ""port_operational_disruption"": 0.936856, ""port_closure"": 0.08443, ""labor_strike_disruption"": 0.086628, ""maritime_security_navigation_disruption"": 0.094132}"
2537,"[""weather_disruption""]","{""weather_disruption"": 0.986928, ""natural_disaster"": 0.171028, ""port_operational_disruption"": 0.036434, ""port_closure"": 0.011383, ""labor_strike_disruption"": 0.069887, ""maritime_security_navigation_disruption"": 0.022111}"
4064,[],"{""weather_disruption"": 0.356622, ""natural_disaster"": 0.388359, ""port_operational_disruption"": 0.191047, ""port_closure"": 0.064907, ""labor_strike_disruption"": 0.302712, ""maritime_security_navigation_disruption"": 0.261424}"
1017,"[""weather_disruption""]","{""weather_disruption"": 0.967064, ""natural_disaster"": 0.219037, ""port_operational_disruption"": 0.07111, ""port_closure"": 0.156326, ""labor_strike_disruption"": 0.007806, ""maritime_security_navigation_disruption"": 0.120879}"
5238,"[""port_operational_disruption"", ""labor_strike_disruption""]","{""weather_disruption"": 0.041343, ""natural_disaster"": 0.003512, ""port_operational_disruption"": 0.726979, ""port_closure"": 0.048643, ""labor_strike_disruption"": 0.870843, ""maritime_security_navigation_disruption"": 0.314882}"
2883,"[""weather_disruption"", ""port_closure""]","{""weather_disruption"": 0.953323, ""natural_disaster"": 0.011309, ""port_operational_disruption"": 0.174902, ""port_closure"": 0.975613, ""labor_strike_disruption"": 0.009731, ""maritime_security_navigation_disruption"": 0.237492}"
3148,"[""port_operational_disruption"", ""labor_strike_disruption""]","{""weather_disruption"": 0.026309, ""natural_disaster"": 0.002869, ""port_operational_disruption"": 0.787599, ""port_closure"": 0.027434, ""labor_strike_disruption"": 0.828192, ""maritime_security_navigation_disruption"": 0.2698}"
4943,"[""maritime_security_navigation_disruption""]","{""weather_disruption"": 0.005496, ""natural_disaster"": 0.039421, ""port_operational_disruption"": 0.399454, ""port_closure"": 0.040687, ""labor_strike_disruption"": 0.151287, ""maritime_security_navigation_disruption"": 0.939095}"
5187,"[""weather_disruption""]","{""weather_disruption"": 0.949534, ""natural_disaster"": 0.081466, ""port_operational_disruption"": 0.096234, ""port_closure"": 0.020266, ""labor_strike_disruption"": 0.090454, ""maritime_security_navigation_disruption"": 0.023259}"
5551,"[""weather_disruption""]","{""weather_disruption"": 0.908232, ""natural_disaster"": 0.334627, ""port_operational_disruption"": 0.050994, ""port_closure"": 0.026204, ""labor_strike_disruption"": 0.017618, ""maritime_security_navigation_disruption"": 0.044487}"
868,"[""weather_disruption"", ""port_operational_disruption""]","{""weather_disruption"": 0.547954, ""natural_disaster"": 0.01283, ""port_operational_disruption"": 0.962072, ""port_closure"": 0.148148, ""labor_strike_disruption"": 0.029129, ""maritime_security_navigation_disruption"": 0.015161}"
620,"[""weather_disruption"", ""port_operational_disruption""]","{""weather_disruption"": 0.955075, ""natural_disaster"": 0.019266, ""port_operational_disruption"": 0.627222, ""port_closure"": 0.295387, ""labor_strike_disruption"": 0.019311, ""maritime_security_navigation_disruption"": 0.261777}"
347,"[""labor_strike_disruption""]","{""weather_disruption"": 0.019905, ""natural_disaster"": 0.009503, ""port_operational_disruption"": 0.018523, ""port_closure"": 0.007305, ""labor_strike_disruption"": 0.995694, ""maritime_security_navigation_disruption"": 0.043942}"
306,"[""labor_strike_disruption"", ""maritime_security_navigation_disruption""]","{""weather_disruption"": 0.098324, ""natural_disaster"": 0.011967, ""port_operational_disruption"": 0.064088, ""port_closure"": 0.05228, ""labor_strike_disruption"": 0.864098, ""maritime_security_navigation_disruption"": 0.737448}"
947,"[""weather_disruption""]","{""weather_disruption"": 0.774247, ""natural_disaster"": 0.02013, ""port_operational_disruption"": 0.169546, ""port_closure"": 0.014784, ""labor_strike_disruption"": 0.044213, ""maritime_security_navigation_disruption"": 0.12142}"
1712,"[""weather_disruption"", ""port_operational_disruption""]","{""weather_disruption"": 0.513709, ""natural_disaster"": 0.003388, ""port_operational_disruption"": 0.936641, ""port_closure"": 0.519828, ""labor_strike_disruption"": 0.045408, ""maritime_security_navigation_disruption"": 0.217938}"
4416,[],"{""weather_disruption"": 0.276707, ""natural_disaster"": 0.003618, ""port_operational_disruption"": 0.501683, ""port_closure"": 0.295725, ""labor_strike_disruption"": 0.092284, ""maritime_security_navigation_disruption"": 0.566005}"
4374,"[""natural_disaster""]","{""weather_disruption"": 0.13014, ""natural_disaster"": 0.988302, ""port_operational_disruption"": 0.016676, ""port_closure"": 0.003932, ""labor_strike_disruption"": 0.055394, ""maritime_security_navigation_disruption"": 0.182334}"
3247,"[""weather_disruption"", ""port_operational_disruption""]","{""weather_disruption"": 0.939356, ""natural_disaster"": 0.082732, ""port_operational_disruption"": 0.887941, ""port_closure"": 0.089869, ""labor_strike_disruption"": 0.056759, ""maritime_security_navigation_disruption"": 0.097109}"
2802,"[""port_operational_disruption""]","{""weather_disruption"": 0.022037, ""natural_disaster"": 0.018149, ""port_operational_disruption"": 0.937281, ""port_closure"": 0.06588, ""labor_strike_disruption"": 0.215584, ""maritime_security_navigation_disruption"": 0.178542}"
3633,"[""port_operational_disruption""]","{""weather_disruption"": 0.116561, ""natural_disaster"": 0.007596, ""port_operational_disruption"": 0.940452, ""port_closure"": 0.059877, ""labor_strike_disruption"": 0.04694, ""maritime_security_navigation_disruption"": 0.082237}"
1060,"[""natural_disaster""]","{""weather_disruption"": 0.161078, ""natural_disaster"": 0.972647, ""port_operational_disruption"": 0.029504, ""port_closure"": 0.014665, ""labor_strike_disruption"": 0.008434, ""maritime_security_navigation_disruption"": 0.237566}"
33,"[""port_operational_disruption""]","{""weather_disruption"": 0.104284, ""natural_disaster"": 0.057809, ""port_operational_disruption"": 0.650452, ""port_closure"": 0.278644, ""labor_strike_disruption"": 0.376248, ""maritime_security_navigation_disruption"": 0.295329}"
374,"[""labor_strike_disruption""]","{""weather_disruption"": 0.021163, ""natural_disaster"": 0.089056, ""port_operational_disruption"": 0.011354, ""port_closure"": 0.005166, ""labor_strike_disruption"": 0.995791, ""maritime_security_navigation_disruption"": 0.076648}"
5543,"[""labor_strike_disruption""]","{""weather_disruption"": 0.053945, ""natural_disaster"": 0.091333, ""port_operational_disruption"": 0.490576, ""port_closure"": 0.038437, ""labor_strike_disruption"": 0.664579, ""maritime_security_navigation_disruption"": 0.283107}"
5356,"[""weather_disruption"", ""port_closure""]","{""weather_disruption"": 0.880792, ""natural_disaster"": 0.02403, ""port_operational_disruption"": 0.280598, ""port_closure"": 0.86322, ""labor_strike_disruption"": 0.024753, ""maritime_security_navigation_disruption"": 0.314568}"
3926,"[""port_operational_disruption""]","{""weather_disruption"": 0.238861, ""natural_disaster"": 0.014874, ""port_operational_disruption"": 0.898378, ""port_closure"": 0.182209, ""labor_strike_disruption"": 0.342625, ""maritime_security_navigation_disruption"": 0.052417}"
3527,"[""weather_disruption""]","{""weather_disruption"": 0.982313, ""natural_disaster"": 0.549894, ""port_operational_disruption"": 0.125274, ""port_closure"": 0.031505, ""labor_strike_disruption"": 0.074835, ""maritime_security_navigation_disruption"": 0.017697}"
3062,"[""port_operational_disruption""]","{""weather_disruption"": 0.354354, ""natural_disaster"": 0.007836, ""port_operational_disruption"": 0.964239, ""port_closure"": 0.287676, ""labor_strike_disruption"": 0.01193, ""maritime_security_navigation_disruption"": 0.074188}"
2979,"[""labor_strike_disruption""]","{""weather_disruption"": 0.301251, ""natural_disaster"": 0.033881, ""port_operational_disruption"": 0.018285, ""port_closure"": 0.011828, ""labor_strike_disruption"": 0.970313, ""maritime_security_navigation_disruption"": 0.018413}"
338,"[""weather_disruption""]","{""weather_disruption"": 0.995246, ""natural_disaster"": 0.162652, ""port_operational_disruption"": 0.049312, ""port_closure"": 0.190592, ""labor_strike_disruption"": 0.00987, ""maritime_security_navigation_disruption"": 0.025874}"
5479,"[""maritime_security_navigation_disruption""]","{""weather_disruption"": 0.075495, ""natural_disaster"": 0.004133, ""port_operational_disruption"": 0.509127, ""port_closure"": 0.10184, ""labor_strike_disruption"": 0.056569, ""maritime_security_navigation_disruption"": 0.942197}"
4646,"[""weather_disruption""]","{""weather_disruption"": 0.565889, ""natural_disaster"": 0.038658, ""port_operational_disruption"": 0.186304, ""port_closure"": 0.032071, ""labor_strike_disruption"": 0.311605, ""maritime_security_navigation_disruption"": 0.493386}"
1180,"[""port_operational_disruption""]","{""weather_disruption"": 0.059385, ""natural_disaster"": 0.006274, ""port_operational_disruption"": 0.975409, ""port_closure"": 0.060892, ""labor_strike_disruption"": 0.064293, ""maritime_security_navigation_disruption"": 0.060086}"
2124,[],"{""weather_disruption"": 0.485559, ""natural_disaster"": 0.215548, ""port_operational_disruption"": 0.13739, ""port_closure"": 0.108159, ""labor_strike_disruption"": 0.028567, ""maritime_security_navigation_disruption"": 0.139468}"
4058,"[""weather_disruption"", ""port_closure""]","{""weather_disruption"": 0.89739, ""natural_disaster"": 0.005061, ""port_operational_disruption"": 0.463803, ""port_closure"": 0.955722, ""labor_strike_disruption"": 0.02678, ""maritime_security_navigation_disruption"": 0.09917}"
542,"[""port_operational_disruption""]","{""weather_disruption"": 0.459736, ""natural_disaster"": 0.002772, ""port_operational_disruption"": 0.828134, ""port_closure"": 0.332177, ""labor_strike_disruption"": 0.284319, ""maritime_security_navigation_disruption"": 0.260567}"
1424,"[""port_operational_disruption"", ""maritime_security_navigation_disruption""]","{""weather_disruption"": 0.143031, ""natural_disaster"": 0.022315, ""port_operational_disruption"": 0.59145, ""port_closure"": 0.152217, ""labor_strike_disruption"": 0.081707, ""maritime_security_navigation_disruption"": 0.682802}"
5378,"[""weather_disruption""]","{""weather_disruption"": 0.966382, ""natural_disaster"": 0.034651, ""port_operational_disruption"": 0.103602, ""port_closure"": 0.071802, ""labor_strike_disruption"": 0.091797, ""maritime_security_navigation_disruption"": 0.032787}"
5210,"[""maritime_security_navigation_disruption""]","{""weather_disruption"": 0.037545, ""natural_disaster"": 0.045753, ""port_operational_disruption"": 0.422728, ""port_closure"": 0.060322, ""labor_strike_disruption"": 0.092215, ""maritime_security_navigation_disruption"": 0.950208}"
2594,"[""weather_disruption""]","{""weather_disruption"": 0.985211, ""natural_disaster"": 0.04135, ""port_operational_disruption"": 0.13012, ""port_closure"": 0.160566, ""labor_strike_disruption"": 0.013715, ""maritime_security_navigation_disruption"": 0.063198}"
3954,"[""weather_disruption"", ""port_operational_disruption"", ""port_closure""]","{""weather_disruption"": 0.991112, ""natural_disaster"": 0.010621, ""port_operational_disruption"": 0.714377, ""port_closure"": 0.826784, ""labor_strike_disruption"": 0.011684, ""maritime_security_navigation_disruption"": 0.244636}"
1070,"[""natural_disaster""]","{""weather_disruption"": 0.156596, ""natural_disaster"": 0.985787, ""port_operational_disruption"": 0.013087, ""port_closure"": 0.016577, ""labor_strike_disruption"": 0.024771, ""maritime_security_navigation_disruption"": 0.169135}"
1965,"[""labor_strike_disruption""]","{""weather_disruption"": 0.014308, ""natural_disaster"": 0.079999, ""port_operational_disruption"": 0.008036, ""port_closure"": 0.026557, ""labor_strike_disruption"": 0.99602, ""maritime_security_navigation_disruption"": 0.179338}"
4668,"[""weather_disruption"", ""port_operational_disruption""]","{""weather_disruption"": 0.760286, ""natural_disaster"": 0.024805, ""port_operational_disruption"": 0.916118, ""port_closure"": 0.156441, ""labor_strike_disruption"": 0.068334, ""maritime_security_navigation_disruption"": 0.140424}"
4703,"[""port_operational_disruption""]","{""weather_disruption"": 0.120604, ""natural_disaster"": 0.005869, ""port_operational_disruption"": 0.928745, ""port_closure"": 0.130673, ""labor_strike_disruption"": 0.095841, ""maritime_security_navigation_disruption"": 0.046712}"
4789,"[""port_operational_disruption""]","{""weather_disruption"": 0.218811, ""natural_disaster"": 0.005542, ""port_operational_disruption"": 0.960216, ""port_closure"": 0.103591, ""labor_strike_disruption"": 0.047511, ""maritime_security_navigation_disruption"": 0.077468}"
2676,"[""weather_disruption"", ""port_operational_disruption"", ""port_closure""]","{""weather_disruption"": 0.957954, ""natural_disaster"": 0.007275, ""port_operational_disruption"": 0.66704, ""port_closure"": 0.937944, ""labor_strike_disruption"": 0.021111, ""maritime_security_navigation_disruption"": 0.084708}"
917,"[""port_operational_disruption""]","{""weather_disruption"": 0.108854, ""natural_disaster"": 0.008209, ""port_operational_disruption"": 0.975503, ""port_closure"": 0.18693, ""labor_strike_disruption"": 0.034519, ""maritime_security_navigation_disruption"": 0.113288}"
2535,"[""weather_disruption"", ""labor_strike_disruption""]","{""weather_disruption"": 0.548378, ""natural_disaster"": 0.0154, ""port_operational_disruption"": 0.28074, ""port_closure"": 0.021509, ""labor_strike_disruption"": 0.837697, ""maritime_security_navigation_disruption"": 0.084661}"
2266,"[""labor_strike_disruption""]","{""weather_disruption"": 0.021905, ""natural_disaster"": 0.070846, ""port_operational_disruption"": 0.058822, ""port_closure"": 0.013091, ""labor_strike_disruption"": 0.93544, ""maritime_security_navigation_disruption"": 0.049073}"
5733,"[""weather_disruption"", ""port_closure""]","{""weather_disruption"": 0.966769, ""natural_disaster"": 0.010457, ""port_operational_disruption"": 0.338504, ""port_closure"": 0.957404, ""labor_strike_disruption"": 0.073812, ""maritime_security_navigation_disruption"": 0.044883}"
5154,"[""labor_strike_disruption""]","{""weather_disruption"": 0.024576, ""natural_disaster"": 0.013707, ""port_operational_disruption"": 0.211782, ""port_closure"": 0.059864, ""labor_strike_disruption"": 0.965484, ""maritime_security_navigation_disruption"": 0.211437}"
5142,"[""weather_disruption""]","{""weather_disruption"": 0.987454, ""natural_disaster"": 0.035697, ""port_operational_disruption"": 0.163189, ""port_closure"": 0.608479, ""labor_strike_disruption"": 0.113138, ""maritime_security_navigation_disruption"": 0.03788}"
4259,"[""maritime_security_navigation_disruption""]","{""weather_disruption"": 0.053268, ""natural_disaster"": 0.024423, ""port_operational_disruption"": 0.081678, ""port_closure"": 0.087986, ""labor_strike_disruption"": 0.060037, ""maritime_security_navigation_disruption"": 0.979632}"
4021,"[""maritime_security_navigation_disruption""]","{""weather_disruption"": 0.049053, ""natural_disaster"": 0.002743, ""port_operational_disruption"": 0.485801, ""port_closure"": 0.639545, ""labor_strike_disruption"": 0.072926, ""maritime_security_navigation_disruption"": 0.912059}"
4854,"[""port_operational_disruption"", ""maritime_security_navigation_disruption""]","{""weather_disruption"": 0.053782, ""natural_disaster"": 0.001317, ""port_operational_disruption"": 0.909878, ""port_closure"": 0.154933, ""labor_strike_disruption"": 0.030887, ""maritime_security_navigation_disruption"": 0.737492}"
3075,"[""port_operational_disruption""]","{""weather_disruption"": 0.321802, ""natural_disaster"": 0.005544, ""port_operational_disruption"": 0.954413, ""port_closure"": 0.487212, ""labor_strike_disruption"": 0.017804, ""maritime_security_navigation_disruption"": 0.070388}"
3245,"[""port_operational_disruption""]","{""weather_disruption"": 0.113051, ""natural_disaster"": 0.007125, ""port_operational_disruption"": 0.967312, ""port_closure"": 0.153065, ""labor_strike_disruption"": 0.010176, ""maritime_security_navigation_disruption"": 0.223838}"
3395,"[""weather_disruption"", ""port_operational_disruption""]","{""weather_disruption"": 0.669404, ""natural_disaster"": 0.009338, ""port_operational_disruption"": 0.965704, ""port_closure"": 0.352548, ""labor_strike_disruption"": 0.012222, ""maritime_security_navigation_disruption"": 0.032704}"
5474,"[""weather_disruption"", ""port_operational_disruption"", ""port_closure""]","{""weather_disruption"": 0.988277, ""natural_disaster"": 0.005742, ""port_operational_disruption"": 0.642151, ""port_closure"": 0.948385, ""labor_strike_disruption"": 0.010476, ""maritime_security_navigation_disruption"": 0.064272}"
4292,"[""maritime_security_navigation_disruption""]","{""weather_disruption"": 0.053513, ""natural_disaster"": 0.01003, ""port_operational_disruption"": 0.384928, ""port_closure"": 0.022657, ""labor_strike_disruption"": 0.06801, ""maritime_security_navigation_disruption"": 0.914039}"
1842,"[""port_operational_disruption""]","{""weather_disruption"": 0.284731, ""natural_disaster"": 0.013399, ""port_operational_disruption"": 0.958736, ""port_closure"": 0.066286, ""labor_strike_disruption"": 0.065507, ""maritime_security_navigation_disruption"": 0.023167}"
1275,"[""labor_strike_disruption""]","{""weather_disruption"": 0.091559, ""natural_disaster"": 0.038352, ""port_operational_disruption"": 0.010395, ""port_closure"": 0.00627, ""labor_strike_disruption"": 0.995928, ""maritime_security_navigation_disruption"": 0.017078}"
172,"[""port_operational_disruption"", ""maritime_security_navigation_disruption""]","{""weather_disruption"": 0.032352, ""natural_disaster"": 0.016848, ""port_operational_disruption"": 0.640369, ""port_closure"": 0.059184, ""labor_strike_disruption"": 0.047936, ""maritime_security_navigation_disruption"": 0.887323}"
4051,"[""labor_strike_disruption""]","{""weather_disruption"": 0.035835, ""natural_disaster"": 0.075934, ""port_operational_disruption"": 0.022683, ""port_closure"": 0.009818, ""labor_strike_disruption"": 0.957974, ""maritime_security_navigation_disruption"": 0.162781}"
5578,"[""natural_disaster""]","{""weather_disruption"": 0.130678, ""natural_disaster"": 0.990057, ""port_operational_disruption"": 0.018961, ""port_closure"": 0.005066, ""labor_strike_disruption"": 0.076681, ""maritime_security_navigation_disruption"": 0.182278}"
3374,"[""maritime_security_navigation_disruption""]","{""weather_disruption"": 0.019573, ""natural_disaster"": 0.020002, ""port_operational_disruption"": 0.368353, ""port_closure"": 0.023226, ""labor_strike_disruption"": 0.164391, ""maritime_security_navigation_disruption"": 0.95777}"
2548,"[""labor_strike_disruption""]","{""weather_disruption"": 0.033321, ""natural_disaster"": 0.057461, ""port_operational_disruption"": 0.064554, ""port_closure"": 0.007603, ""labor_strike_disruption"": 0.983264, ""maritime_security_navigation_disruption"": 0.08431}"
2037,"[""labor_strike_disruption""]","{""weather_disruption"": 0.111239, ""natural_disaster"": 0.00772, ""port_operational_disruption"": 0.044579, ""port_closure"": 0.622654, ""labor_strike_disruption"": 0.95902, ""maritime_security_navigation_disruption"": 0.321284}"
5627,"[""maritime_security_navigation_disruption""]","{""weather_disruption"": 0.437933, ""natural_disaster"": 0.012766, ""port_operational_disruption"": 0.443982, ""port_closure"": 0.681373, ""labor_strike_disruption"": 0.019729, ""maritime_security_navigation_disruption"": 0.661467}"
4574,"[""maritime_security_navigation_disruption""]","{""weather_disruption"": 0.008189, ""natural_disaster"": 0.055763, ""port_operational_disruption"": 0.165588, ""port_closure"": 0.004052, ""labor_strike_disruption"": 0.528846, ""maritime_security_navigation_disruption"": 0.914194}"
4965,"[""maritime_security_navigation_disruption""]","{""weather_disruption"": 0.076593, ""natural_disaster"": 0.093632, ""port_operational_disruption"": 0.168053, ""port_closure"": 0.007442, ""labor_strike_disruption"": 0.128385, ""maritime_security_navigation_disruption"": 0.793421}"
2764,"[""port_operational_disruption""]","{""weather_disruption"": 0.250124, ""natural_disaster"": 0.004933, ""port_operational_disruption"": 0.981759, ""port_closure"": 0.100123, ""labor_strike_disruption"": 0.039937, ""maritime_security_navigation_disruption"": 0.014401}"
5484,"[""maritime_security_navigation_disruption""]","{""weather_disruption"": 0.031089, ""natural_disaster"": 0.026272, ""port_operational_disruption"": 0.105745, ""port_closure"": 0.091452, ""labor_strike_disruption"": 0.056414, ""maritime_security_navigation_disruption"": 0.964684}"
1332,"[""labor_strike_disruption""]","{""weather_disruption"": 0.02434, ""natural_disaster"": 0.04508, ""port_operational_disruption"": 0.030534, ""port_closure"": 0.015174, ""labor_strike_disruption"": 0.990201, ""maritime_security_navigation_disruption"": 0.029208}"
2046,"[""weather_disruption"", ""port_operational_disruption""]","{""weather_disruption"": 0.696906, ""natural_disaster"": 0.004573, ""port_operational_disruption"": 0.965842, ""port_closure"": 0.166026, ""labor_strike_disruption"": 0.014235, ""maritime_security_navigation_disruption"": 0.126535}"
3018,"[""labor_strike_disruption""]","{""weather_disruption"": 0.005909, ""natural_disaster"": 0.012945, ""port_operational_disruption"": 0.155898, ""port_closure"": 0.008799, ""labor_strike_disruption"": 0.988657, ""maritime_security_navigation_disruption"": 0.195549}"
4019,"[""port_operational_disruption""]","{""weather_disruption"": 0.282992, ""natural_disaster"": 0.001064, ""port_operational_disruption"": 0.868314, ""port_closure"": 0.7205, ""labor_strike_disruption"": 0.118458, ""maritime_security_navigation_disruption"": 0.153002}"
5723,"[""port_operational_disruption""]","{""weather_disruption"": 0.204487, ""natural_disaster"": 0.003343, ""port_operational_disruption"": 0.99047, ""port_closure"": 0.04949, ""labor_strike_disruption"": 0.052002, ""maritime_security_navigation_disruption"": 0.077072}"
2489,"[""labor_strike_disruption""]","{""weather_disruption"": 0.049453, ""natural_disaster"": 0.021886, ""port_operational_disruption"": 0.02441, ""port_closure"": 0.006149, ""labor_strike_disruption"": 0.997097, ""maritime_security_navigation_disruption"": 0.024826}"
596,"[""labor_strike_disruption""]","{""weather_disruption"": 0.020387, ""natural_disaster"": 0.034709, ""port_operational_disruption"": 0.062188, ""port_closure"": 0.007331, ""labor_strike_disruption"": 0.994016, ""maritime_security_navigation_disruption"": 0.024333}"
1428,"[""labor_strike_disruption""]","{""weather_disruption"": 0.014726, ""natural_disaster"": 0.101244, ""port_operational_disruption"": 0.004508, ""port_closure"": 0.043513, ""labor_strike_disruption"": 0.991223, ""maritime_security_navigation_disruption"": 0.209695}"
2086,"[""port_operational_disruption""]","{""weather_disruption"": 0.163476, ""natural_disaster"": 0.005275, ""port_operational_disruption"": 0.983148, ""port_closure"": 0.206734, ""labor_strike_disruption"": 0.022916, ""maritime_security_navigation_disruption"": 0.085033}"
2616,"[""labor_strike_disruption""]","{""weather_disruption"": 0.059039, ""natural_disaster"": 0.114125, ""port_operational_disruption"": 0.360345, ""port_closure"": 0.019254, ""labor_strike_disruption"": 0.877714, ""maritime_security_navigation_disruption"": 0.076581}"
2567,"[""labor_strike_disruption""]","{""weather_disruption"": 0.018156, ""natural_disaster"": 0.032536, ""port_operational_disruption"": 0.02694, ""port_closure"": 0.012867, ""labor_strike_disruption"": 0.983127, ""maritime_security_navigation_disruption"": 0.09515}"
3714,"[""weather_disruption"", ""port_closure""]","{""weather_disruption"": 0.809061, ""natural_disaster"": 0.007908, ""port_operational_disruption"": 0.479147, ""port_closure"": 0.893949, ""labor_strike_disruption"": 0.051143, ""maritime_security_navigation_disruption"": 0.207468}"
3027,"[""weather_disruption"", ""port_operational_disruption""]","{""weather_disruption"": 0.871924, ""natural_disaster"": 0.00379, ""port_operational_disruption"": 0.917757, ""port_closure"": 0.491709, ""labor_strike_disruption"": 0.08133, ""maritime_security_navigation_disruption"": 0.361949}"
3059,"[""port_operational_disruption""]","{""weather_disruption"": 0.060682, ""natural_disaster"": 0.004476, ""port_operational_disruption"": 0.975454, ""port_closure"": 0.099464, ""labor_strike_disruption"": 0.018034, ""maritime_security_navigation_disruption"": 0.186581}"
4398,"[""port_operational_disruption""]","{""weather_disruption"": 0.055162, ""natural_disaster"": 0.009286, ""port_operational_disruption"": 0.976151, ""port_closure"": 0.115777, ""labor_strike_disruption"": 0.024047, ""maritime_security_navigation_disruption"": 0.072219}"
228,"[""weather_disruption""]","{""weather_disruption"": 0.939082, ""natural_disaster"": 0.263303, ""port_operational_disruption"": 0.035609, ""port_closure"": 0.07678, ""labor_strike_disruption"": 0.023212, ""maritime_security_navigation_disruption"": 0.086413}"
1024,"[""maritime_security_navigation_disruption""]","{""weather_disruption"": 0.017993, ""natural_disaster"": 0.013752, ""port_operational_disruption"": 0.164066, ""port_closure"": 0.003494, ""labor_strike_disruption"": 0.185677, ""maritime_security_navigation_disruption"": 0.950428}"
1107,"[""labor_strike_disruption""]","{""weather_disruption"": 0.014749, ""natural_disaster"": 0.110578, ""port_operational_disruption"": 0.060026, ""port_closure"": 0.008904, ""labor_strike_disruption"": 0.9763, ""maritime_security_navigation_disruption"": 0.15036}"
3575,"[""maritime_security_navigation_disruption""]","{""weather_disruption"": 0.342225, ""natural_disaster"": 0.007899, ""port_operational_disruption"": 0.15172, ""port_closure"": 0.120011, ""labor_strike_disruption"": 0.025651, ""maritime_security_navigation_disruption"": 0.977059}"
2098,"[""port_operational_disruption""]","{""weather_disruption"": 0.093294, ""natural_disaster"": 0.004147, ""port_operational_disruption"": 0.981654, ""port_closure"": 0.210077, ""labor_strike_disruption"": 0.029895, ""maritime_security_navigation_disruption"": 0.042393}"
1547,"[""weather_disruption"", ""port_operational_disruption""]","{""weather_disruption"": 0.915454, ""natural_disaster"": 0.003665, ""port_operational_disruption"": 0.874635, ""port_closure"": 0.234126, ""labor_strike_disruption"": 0.031206, ""maritime_security_navigation_disruption"": 0.133257}"
2127,[],"{""weather_disruption"": 0.323327, ""natural_disaster"": 0.021914, ""port_operational_disruption"": 0.20377, ""port_closure"": 0.729421, ""labor_strike_disruption"": 0.345067, ""maritime_security_navigation_disruption"": 0.049107}"
1021,"[""weather_disruption""]","{""weather_disruption"": 0.548658, ""natural_disaster"": 0.10468, ""port_operational_disruption"": 0.276141, ""port_closure"": 0.192848, ""labor_strike_disruption"": 0.019316, ""maritime_security_navigation_disruption"": 0.574953}"
582,"[""labor_strike_disruption""]","{""weather_disruption"": 0.006904, ""natural_disaster"": 0.044177, ""port_operational_disruption"": 0.016102, ""port_closure"": 0.014059, ""labor_strike_disruption"": 0.988201, ""maritime_security_navigation_disruption"": 0.037754}"
356,"[""labor_strike_disruption""]","{""weather_disruption"": 0.049983, ""natural_disaster"": 0.055811, ""port_operational_disruption"": 0.020528, ""port_closure"": 0.037209, ""labor_strike_disruption"": 0.992707, ""maritime_security_navigation_disruption"": 0.083247}"
4693,"[""weather_disruption""]","{""weather_disruption"": 0.961805, ""natural_disaster"": 0.126021, ""port_operational_disruption"": 0.005992, ""port_closure"": 0.065279, ""labor_strike_disruption"": 0.135484, ""maritime_security_navigation_disruption"": 0.17382}"
1550,"[""labor_strike_disruption""]","{""weather_disruption"": 0.009848, ""natural_disaster"": 0.013548, ""port_operational_disruption"": 0.09276, ""port_closure"": 0.009296, ""labor_strike_disruption"": 0.98649, ""maritime_security_navigation_disruption"": 0.071084}"
831,"[""port_operational_disruption""]","{""weather_disruption"": 0.239715, ""natural_disaster"": 0.008947, ""port_operational_disruption"": 0.975556, ""port_closure"": 0.058424, ""labor_strike_disruption"": 0.069163, ""maritime_security_navigation_disruption"": 0.064889}"
3420,"[""weather_disruption"", ""port_closure""]","{""weather_disruption"": 0.975114, ""natural_disaster"": 0.026057, ""port_operational_disruption"": 0.28327, ""port_closure"": 0.959739, ""labor_strike_disruption"": 0.013527, ""maritime_security_navigation_disruption"": 0.24483}"
5387,"[""labor_strike_disruption""]","{""weather_disruption"": 0.015582, ""natural_disaster"": 0.011902, ""port_operational_disruption"": 0.060381, ""port_closure"": 0.175111, ""labor_strike_disruption"": 0.986344, ""maritime_security_navigation_disruption"": 0.283148}"
2309,"[""port_operational_disruption"", ""labor_strike_disruption""]","{""weather_disruption"": 0.069661, ""natural_disaster"": 0.008537, ""port_operational_disruption"": 0.65101, ""port_closure"": 0.116811, ""labor_strike_disruption"": 0.907975, ""maritime_security_navigation_disruption"": 0.065075}"
3230,"[""port_operational_disruption""]","{""weather_disruption"": 0.047252, ""natural_disaster"": 0.013057, ""port_operational_disruption"": 0.951362, ""port_closure"": 0.133767, ""labor_strike_disruption"": 0.041109, ""maritime_security_navigation_disruption"": 0.030081}"
909,"[""weather_disruption"", ""port_operational_disruption""]","{""weather_disruption"": 0.947887, ""natural_disaster"": 0.003966, ""port_operational_disruption"": 0.93794, ""port_closure"": 0.580978, ""labor_strike_disruption"": 0.014124, ""maritime_security_navigation_disruption"": 0.069698}"
10,"[""natural_disaster""]","{""weather_disruption"": 0.15474, ""natural_disaster"": 0.970207, ""port_operational_disruption"": 0.012443, ""port_closure"": 0.0073, ""labor_strike_disruption"": 0.048976, ""maritime_security_navigation_disruption"": 0.158966}"
3896,"[""maritime_security_navigation_disruption""]","{""weather_disruption"": 0.065296, ""natural_disaster"": 0.023249, ""port_operational_disruption"": 0.517924, ""port_closure"": 0.277251, ""labor_strike_disruption"": 0.142155, ""maritime_security_navigation_disruption"": 0.730525}"
2076,"[""port_operational_disruption""]","{""weather_disruption"": 0.092797, ""natural_disaster"": 0.014126, ""port_operational_disruption"": 0.933285, ""port_closure"": 0.11331, ""labor_strike_disruption"": 0.069161, ""maritime_security_navigation_disruption"": 0.23882}"
2126,"[""port_operational_disruption""]","{""weather_disruption"": 0.392658, ""natural_disaster"": 0.030558, ""port_operational_disruption"": 0.593547, ""port_closure"": 0.058598, ""labor_strike_disruption"": 0.302021, ""maritime_security_navigation_disruption"": 0.116027}"
99,"[""labor_strike_disruption""]","{""weather_disruption"": 0.028363, ""natural_disaster"": 0.010638, ""port_operational_disruption"": 0.032391, ""port_closure"": 0.024439, ""labor_strike_disruption"": 0.993935, ""maritime_security_navigation_disruption"": 0.062014}"
2747,"[""port_operational_disruption""]","{""weather_disruption"": 0.135518, ""natural_disaster"": 0.004716, ""port_operational_disruption"": 0.967373, ""port_closure"": 0.168303, ""labor_strike_disruption"": 0.026315, ""maritime_security_navigation_disruption"": 0.041242}"
3300,"[""port_operational_disruption""]","{""weather_disruption"": 0.125342, ""natural_disaster"": 0.009538, ""port_operational_disruption"": 0.795499, ""port_closure"": 0.106823, ""labor_strike_disruption"": 0.119086, ""maritime_security_navigation_disruption"": 0.194766}"
3359,"[""weather_disruption"", ""port_operational_disruption""]","{""weather_disruption"": 0.709125, ""natural_disaster"": 0.029741, ""port_operational_disruption"": 0.825454, ""port_closure"": 0.540658, ""labor_strike_disruption"": 0.008029, ""maritime_security_navigation_disruption"": 0.402585}"
2737,"[""weather_disruption"", ""port_operational_disruption""]","{""weather_disruption"": 0.855763, ""natural_disaster"": 0.015764, ""port_operational_disruption"": 0.950434, ""port_closure"": 0.222993, ""labor_strike_disruption"": 0.033827, ""maritime_security_navigation_disruption"": 0.045829}"
4340,"[""maritime_security_navigation_disruption""]","{""weather_disruption"": 0.053739, ""natural_disaster"": 0.013769, ""port_operational_disruption"": 0.266616, ""port_closure"": 0.027583, ""labor_strike_disruption"": 0.036656, ""maritime_security_navigation_disruption"": 0.944721}"
2629,"[""labor_strike_disruption""]","{""weather_disruption"": 0.012202, ""natural_disaster"": 0.03316, ""port_operational_disruption"": 0.0242, ""port_closure"": 0.013043, ""labor_strike_disruption"": 0.994683, ""maritime_security_navigation_disruption"": 0.074941}"
5744,"[""port_operational_disruption""]","{""weather_disruption"": 0.095505, ""natural_disaster"": 0.003872, ""port_operational_disruption"": 0.981977, ""port_closure"": 0.052905, ""labor_strike_disruption"": 0.06152, ""maritime_security_navigation_disruption"": 0.055611}"
4260,"[""maritime_security_navigation_disruption""]","{""weather_disruption"": 0.019862, ""natural_disaster"": 0.039255, ""port_operational_disruption"": 0.121288, ""port_closure"": 0.046817, ""labor_strike_disruption"": 0.061379, ""maritime_security_navigation_disruption"": 0.968968}"
5335,"[""port_operational_disruption""]","{""weather_disruption"": 0.083149, ""natural_disaster"": 0.012381, ""port_operational_disruption"": 0.958781, ""port_closure"": 0.196202, ""labor_strike_disruption"": 0.061284, ""maritime_security_navigation_disruption"": 0.060121}"
1364,"[""maritime_security_navigation_disruption""]","{""weather_disruption"": 0.09275, ""natural_disaster"": 0.013718, ""port_operational_disruption"": 0.341932, ""port_closure"": 0.026403, ""labor_strike_disruption"": 0.040298, ""maritime_security_navigation_disruption"": 0.946745}"
4108,"[""weather_disruption""]","{""weather_disruption"": 0.966036, ""natural_disaster"": 0.142014, ""port_operational_disruption"": 0.022547, ""port_closure"": 0.00534, ""labor_strike_disruption"": 0.251595, ""maritime_security_navigation_disruption"": 0.02108}"
313,"[""labor_strike_disruption""]","{""weather_disruption"": 0.01031, ""natural_disaster"": 0.06205, ""port_operational_disruption"": 0.04576, ""port_closure"": 0.02666, ""labor_strike_disruption"": 0.944106, ""maritime_security_navigation_disruption"": 0.154499}"
2896,"[""port_operational_disruption""]","{""weather_disruption"": 0.089873, ""natural_disaster"": 0.05589, ""port_operational_disruption"": 0.719426, ""port_closure"": 0.111271, ""labor_strike_disruption"": 0.07837, ""maritime_security_navigation_disruption"": 0.601078}"
3881,"[""labor_strike_disruption""]","{""weather_disruption"": 0.10764, ""natural_disaster"": 0.01129, ""port_operational_disruption"": 0.199186, ""port_closure"": 0.504409, ""labor_strike_disruption"": 0.901919, ""maritime_security_navigation_disruption"": 0.173299}"
4919,"[""weather_disruption"", ""port_operational_disruption""]","{""weather_disruption"": 0.940112, ""natural_disaster"": 0.026678, ""port_operational_disruption"": 0.949957, ""port_closure"": 0.1282, ""labor_strike_disruption"": 0.037139, ""maritime_security_navigation_disruption"": 0.017167}"
2748,"[""port_operational_disruption""]","{""weather_disruption"": 0.09266, ""natural_disaster"": 0.006597, ""port_operational_disruption"": 0.982271, ""port_closure"": 0.101191, ""labor_strike_disruption"": 0.015649, ""maritime_security_navigation_disruption"": 0.054574}"
3943,"[""port_operational_disruption"", ""maritime_security_navigation_disruption""]","{""weather_disruption"": 0.088354, ""natural_disaster"": 0.001445, ""port_operational_disruption"": 0.599218, ""port_closure"": 0.200815, ""labor_strike_disruption"": 0.12414, ""maritime_security_navigation_disruption"": 0.667046}"
34,"[""port_operational_disruption""]","{""weather_disruption"": 0.130715, ""natural_disaster"": 0.095898, ""port_operational_disruption"": 0.906013, ""port_closure"": 0.057653, ""labor_strike_disruption"": 0.34945, ""maritime_security_navigation_disruption"": 0.127788}"
3530,[],"{""weather_disruption"": 0.445115, ""natural_disaster"": 0.054866, ""port_operational_disruption"": 0.232922, ""port_closure"": 0.035218, ""labor_strike_disruption"": 0.095464, ""maritime_security_navigation_disruption"": 0.421228}"
4166,"[""labor_strike_disruption""]","{""weather_disruption"": 0.007929, ""natural_disaster"": 0.006107, ""port_operational_disruption"": 0.362676, ""port_closure"": 0.067258, ""labor_strike_disruption"": 0.979899, ""maritime_security_navigation_disruption"": 0.274583}"
4366,"[""natural_disaster""]","{""weather_disruption"": 0.124461, ""natural_disaster"": 0.989135, ""port_operational_disruption"": 0.022585, ""port_closure"": 0.003858, ""labor_strike_disruption"": 0.052746, ""maritime_security_navigation_disruption"": 0.242485}"
2826,"[""weather_disruption""]","{""weather_disruption"": 0.976129, ""natural_disaster"": 0.073805, ""port_operational_disruption"": 0.095626, ""port_closure"": 0.055433, ""labor_strike_disruption"": 0.014713, ""maritime_security_navigation_disruption"": 0.104108}"
4615,"[""port_operational_disruption""]","{""weather_disruption"": 0.137751, ""natural_disaster"": 0.009609, ""port_operational_disruption"": 0.933981, ""port_closure"": 0.161622, ""labor_strike_disruption"": 0.038362, ""maritime_security_navigation_disruption"": 0.019186}"
1840,"[""port_operational_disruption""]","{""weather_disruption"": 0.241234, ""natural_disaster"": 0.008024, ""port_operational_disruption"": 0.977439, ""port_closure"": 0.125199, ""labor_strike_disruption"": 0.074319, ""maritime_security_navigation_disruption"": 0.039844}"
613,"[""weather_disruption"", ""port_operational_disruption""]","{""weather_disruption"": 0.976866, ""natural_disaster"": 0.008673, ""port_operational_disruption"": 0.944822, ""port_closure"": 0.143981, ""labor_strike_disruption"": 0.013947, ""maritime_security_navigation_disruption"": 0.048494}"
5424,"[""weather_disruption""]","{""weather_disruption"": 0.987136, ""natural_disaster"": 0.094211, ""port_operational_disruption"": 0.121564, ""port_closure"": 0.019037, ""labor_strike_disruption"": 0.022785, ""maritime_security_navigation_disruption"": 0.123199}"
5453,"[""weather_disruption"", ""port_operational_disruption""]","{""weather_disruption"": 0.989894, ""natural_disaster"": 0.010379, ""port_operational_disruption"": 0.77935, ""port_closure"": 0.523475, ""labor_strike_disruption"": 0.00325, ""maritime_security_navigation_disruption"": 0.075304}"
4600,"[""port_operational_disruption""]","{""weather_disruption"": 0.172392, ""natural_disaster"": 0.008901, ""port_operational_disruption"": 0.946265, ""port_closure"": 0.129002, ""labor_strike_disruption"": 0.038457, ""maritime_security_navigation_disruption"": 0.092034}"
4075,"[""maritime_security_navigation_disruption""]","{""weather_disruption"": 0.184582, ""natural_disaster"": 0.043204, ""port_operational_disruption"": 0.209313, ""port_closure"": 0.036823, ""labor_strike_disruption"": 0.035293, ""maritime_security_navigation_disruption"": 0.86443}"
1859,"[""weather_disruption"", ""port_operational_disruption""]","{""weather_disruption"": 0.944801, ""natural_disaster"": 0.017989, ""port_operational_disruption"": 0.70784, ""port_closure"": 0.282421, ""labor_strike_disruption"": 0.021004, ""maritime_security_navigation_disruption"": 0.116687}"
46,"[""maritime_security_navigation_disruption""]","{""weather_disruption"": 0.020061, ""natural_disaster"": 0.03052, ""port_operational_disruption"": 0.226166, ""port_closure"": 0.009138, ""labor_strike_disruption"": 0.24915, ""maritime_security_navigation_disruption"": 0.936851}"
4119,"[""weather_disruption""]","{""weather_disruption"": 0.978783, ""natural_disaster"": 0.036323, ""port_operational_disruption"": 0.123116, ""port_closure"": 0.172173, ""labor_strike_disruption"": 0.014006, ""maritime_security_navigation_disruption"": 0.095709}"
4963,"[""maritime_security_navigation_disruption""]","{""weather_disruption"": 0.265313, ""natural_disaster"": 0.033794, ""port_operational_disruption"": 0.164001, ""port_closure"": 0.096598, ""labor_strike_disruption"": 0.150419, ""maritime_security_navigation_disruption"": 0.88543}"
1405,"[""weather_disruption"", ""port_operational_disruption""]","{""weather_disruption"": 0.89226, ""natural_disaster"": 0.012969, ""port_operational_disruption"": 0.935785, ""port_closure"": 0.256125, ""labor_strike_disruption"": 0.028615, ""maritime_security_navigation_disruption"": 0.099816}"
2184,"[""port_closure""]","{""weather_disruption"": 0.34594, ""natural_disaster"": 0.013358, ""port_operational_disruption"": 0.527693, ""port_closure"": 0.812381, ""labor_strike_disruption"": 0.060501, ""maritime_security_navigation_disruption"": 0.154348}"
3991,"[""weather_disruption"", ""port_closure""]","{""weather_disruption"": 0.918452, ""natural_disaster"": 0.022437, ""port_operational_disruption"": 0.411227, ""port_closure"": 0.928452, ""labor_strike_disruption"": 0.0316, ""maritime_security_navigation_disruption"": 0.194815}"
3056,"[""port_operational_disruption""]","{""weather_disruption"": 0.108359, ""natural_disaster"": 0.006364, ""port_operational_disruption"": 0.970028, ""port_closure"": 0.112432, ""labor_strike_disruption"": 0.02431, ""maritime_security_navigation_disruption"": 0.087169}"
3342,"[""port_operational_disruption""]","{""weather_disruption"": 0.160695, ""natural_disaster"": 0.010928, ""port_operational_disruption"": 0.979218, ""port_closure"": 0.057776, ""labor_strike_disruption"": 0.026648, ""maritime_security_navigation_disruption"": 0.063478}"
2568,"[""labor_strike_disruption""]","{""weather_disruption"": 0.018269, ""natural_disaster"": 0.038975, ""port_operational_disruption"": 0.041252, ""port_closure"": 0.012695, ""labor_strike_disruption"": 0.980654, ""maritime_security_navigation_disruption"": 0.066343}"
3058,"[""port_operational_disruption""]","{""weather_disruption"": 0.07832, ""natural_disaster"": 0.003036, ""port_operational_disruption"": 0.952314, ""port_closure"": 0.087394, ""labor_strike_disruption"": 0.03455, ""maritime_security_navigation_disruption"": 0.186279}"
2753,"[""port_operational_disruption""]","{""weather_disruption"": 0.073478, ""natural_disaster"": 0.006629, ""port_operational_disruption"": 0.981633, ""port_closure"": 0.063686, ""labor_strike_disruption"": 0.02145, ""maritime_security_navigation_disruption"": 0.047483}"
3195,"[""port_operational_disruption""]","{""weather_disruption"": 0.172521, ""natural_disaster"": 0.003782, ""port_operational_disruption"": 0.939078, ""port_closure"": 0.164883, ""labor_strike_disruption"": 0.028466, ""maritime_security_navigation_disruption"": 0.110518}"
665,"[""labor_strike_disruption""]","{""weather_disruption"": 0.005356, ""natural_disaster"": 0.045495, ""port_operational_disruption"": 0.1542, ""port_closure"": 0.003781, ""labor_strike_disruption"": 0.997617, ""maritime_security_navigation_disruption"": 0.044124}"
3325,"[""port_operational_disruption"", ""maritime_security_navigation_disruption""]","{""weather_disruption"": 0.049025, ""natural_disaster"": 0.007677, ""port_operational_disruption"": 0.771169, ""port_closure"": 0.264045, ""labor_strike_disruption"": 0.100001, ""maritime_security_navigation_disruption"": 0.746224}"
3996,"[""weather_disruption"", ""port_closure""]","{""weather_disruption"": 0.976942, ""natural_disaster"": 0.009972, ""port_operational_disruption"": 0.435953, ""port_closure"": 0.966875, ""labor_strike_disruption"": 0.008707, ""maritime_security_navigation_disruption"": 0.173618}"
3671,"[""port_operational_disruption"", ""labor_strike_disruption""]","{""weather_disruption"": 0.015976, ""natural_disaster"": 0.002293, ""port_operational_disruption"": 0.665214, ""port_closure"": 0.318277, ""labor_strike_disruption"": 0.973773, ""maritime_security_navigation_disruption"": 0.371271}"
362,"[""port_operational_disruption""]","{""weather_disruption"": 0.116527, ""natural_disaster"": 0.007918, ""port_operational_disruption"": 0.979588, ""port_closure"": 0.0819, ""labor_strike_disruption"": 0.514281, ""maritime_security_navigation_disruption"": 0.024225}"
2954,"[""labor_strike_disruption""]","{""weather_disruption"": 0.025856, ""natural_disaster"": 0.049476, ""port_operational_disruption"": 0.037457, ""port_closure"": 0.013525, ""labor_strike_disruption"": 0.752516, ""maritime_security_navigation_disruption"": 0.333126}"
5282,[],"{""weather_disruption"": 0.261162, ""natural_disaster"": 0.019721, ""port_operational_disruption"": 0.127954, ""port_closure"": 0.022158, ""labor_strike_disruption"": 0.330541, ""maritime_security_navigation_disruption"": 0.290502}"
2636,"[""weather_disruption""]","{""weather_disruption"": 0.924192, ""natural_disaster"": 0.083731, ""port_operational_disruption"": 0.01358, ""port_closure"": 0.019723, ""labor_strike_disruption"": 0.139158, ""maritime_security_navigation_disruption"": 0.124657}"
5261,"[""maritime_security_navigation_disruption""]","{""weather_disruption"": 0.100124, ""natural_disaster"": 0.008674, ""port_operational_disruption"": 0.276234, ""port_closure"": 0.113685, ""labor_strike_disruption"": 0.095811, ""maritime_security_navigation_disruption"": 0.959347}"
1794,"[""weather_disruption""]","{""weather_disruption"": 0.986196, ""natural_disaster"": 0.138996, ""port_operational_disruption"": 0.106236, ""port_closure"": 0.094738, ""labor_strike_disruption"": 0.024344, ""maritime_security_navigation_disruption"": 0.047392}"
2558,"[""labor_strike_disruption""]","{""weather_disruption"": 0.010173, ""natural_disaster"": 0.116121, ""port_operational_disruption"": 0.019389, ""port_closure"": 0.012047, ""labor_strike_disruption"": 0.998567, ""maritime_security_navigation_disruption"": 0.018797}"
5226,"[""weather_disruption""]","{""weather_disruption"": 0.996281, ""natural_disaster"": 0.289779, ""port_operational_disruption"": 0.07778, ""port_closure"": 0.036753, ""labor_strike_disruption"": 0.003812, ""maritime_security_navigation_disruption"": 0.049404}"
4678,"[""labor_strike_disruption""]","{""weather_disruption"": 0.019554, ""natural_disaster"": 0.004885, ""port_operational_disruption"": 0.322546, ""port_closure"": 0.07758, ""labor_strike_disruption"": 0.9775, ""maritime_security_navigation_disruption"": 0.24156}"
5348,"[""labor_strike_disruption""]","{""weather_disruption"": 0.110231, ""natural_disaster"": 0.035909, ""port_operational_disruption"": 0.288436, ""port_closure"": 0.092619, ""labor_strike_disruption"": 0.845733, ""maritime_security_navigation_disruption"": 0.351132}"
2138,"[""port_operational_disruption"", ""maritime_security_navigation_disruption""]","{""weather_disruption"": 0.086979, ""natural_disaster"": 0.003604, ""port_operational_disruption"": 0.892655, ""port_closure"": 0.343148, ""labor_strike_disruption"": 0.041143, ""maritime_security_navigation_disruption"": 0.786908}"
3554,"[""weather_disruption"", ""port_closure""]","{""weather_disruption"": 0.968516, ""natural_disaster"": 0.012424, ""port_operational_disruption"": 0.219547, ""port_closure"": 0.950049, ""labor_strike_disruption"": 0.010158, ""maritime_security_navigation_disruption"": 0.179395}"
2302,"[""port_operational_disruption"", ""labor_strike_disruption""]","{""weather_disruption"": 0.114838, ""natural_disaster"": 0.003519, ""port_operational_disruption"": 0.578146, ""port_closure"": 0.207085, ""labor_strike_disruption"": 0.725504, ""maritime_security_navigation_disruption"": 0.246746}"
92,"[""weather_disruption"", ""maritime_security_navigation_disruption""]","{""weather_disruption"": 0.653168, ""natural_disaster"": 0.024915, ""port_operational_disruption"": 0.35899, ""port_closure"": 0.194002, ""labor_strike_disruption"": 0.012708, ""maritime_security_navigation_disruption"": 0.855981}"
1400,"[""port_operational_disruption""]","{""weather_disruption"": 0.089931, ""natural_disaster"": 0.012925, ""port_operational_disruption"": 0.972178, ""port_closure"": 0.199301, ""labor_strike_disruption"": 0.033517, ""maritime_security_navigation_disruption"": 0.105192}"
2685,"[""weather_disruption"", ""port_operational_disruption""]","{""weather_disruption"": 0.897102, ""natural_disaster"": 0.004459, ""port_operational_disruption"": 0.803692, ""port_closure"": 0.438804, ""labor_strike_disruption"": 0.049974, ""maritime_security_navigation_disruption"": 0.160563}"
1495,"[""weather_disruption""]","{""weather_disruption"": 0.845612, ""natural_disaster"": 0.064721, ""port_operational_disruption"": 0.379837, ""port_closure"": 0.743555, ""labor_strike_disruption"": 0.018254, ""maritime_security_navigation_disruption"": 0.352114}"
5512,"[""maritime_security_navigation_disruption""]","{""weather_disruption"": 0.020737, ""natural_disaster"": 0.036242, ""port_operational_disruption"": 0.148073, ""port_closure"": 0.041072, ""labor_strike_disruption"": 0.10061, ""maritime_security_navigation_disruption"": 0.873816}"
1196,"[""port_operational_disruption""]","{""weather_disruption"": 0.070076, ""natural_disaster"": 0.007303, ""port_operational_disruption"": 0.958689, ""port_closure"": 0.056342, ""labor_strike_disruption"": 0.048478, ""maritime_security_navigation_disruption"": 0.062066}"
3955,"[""weather_disruption"", ""port_closure""]","{""weather_disruption"": 0.95564, ""natural_disaster"": 0.008506, ""port_operational_disruption"": 0.400955, ""port_closure"": 0.941422, ""labor_strike_disruption"": 0.011554, ""maritime_security_navigation_disruption"": 0.195815}"
3699,"[""labor_strike_disruption""]","{""weather_disruption"": 0.2372, ""natural_disaster"": 0.008199, ""port_operational_disruption"": 0.158029, ""port_closure"": 0.597055, ""labor_strike_disruption"": 0.802706, ""maritime_security_navigation_disruption"": 0.163784}"
3417,"[""weather_disruption"", ""port_closure""]","{""weather_disruption"": 0.951503, ""natural_disaster"": 0.007863, ""port_operational_disruption"": 0.272856, ""port_closure"": 0.975829, ""labor_strike_disruption"": 0.030978, ""maritime_security_navigation_disruption"": 0.102376}"
2471,"[""labor_strike_disruption""]","{""weather_disruption"": 0.001321, ""natural_disaster"": 0.04816, ""port_operational_disruption"": 0.038608, ""port_closure"": 0.001341, ""labor_strike_disruption"": 0.997799, ""maritime_security_navigation_disruption"": 0.318934}"
4459,"[""weather_disruption""]","{""weather_disruption"": 0.97044, ""natural_disaster"": 0.204618, ""port_operational_disruption"": 0.023198, ""port_closure"": 0.368727, ""labor_strike_disruption"": 0.076077, ""maritime_security_navigation_disruption"": 0.061516}"
2452,"[""labor_strike_disruption""]","{""weather_disruption"": 0.241432, ""natural_disaster"": 0.036464, ""port_operational_disruption"": 0.037484, ""port_closure"": 0.032543, ""labor_strike_disruption"": 0.769175, ""maritime_security_navigation_disruption"": 0.129482}"
1756,"[""port_operational_disruption""]","{""weather_disruption"": 0.194839, ""natural_disaster"": 0.032042, ""port_operational_disruption"": 0.936893, ""port_closure"": 0.124281, ""labor_strike_disruption"": 0.032673, ""maritime_security_navigation_disruption"": 0.150198}"
1813,"[""weather_disruption""]","{""weather_disruption"": 0.985806, ""natural_disaster"": 0.109539, ""port_operational_disruption"": 0.030682, ""port_closure"": 0.198716, ""labor_strike_disruption"": 0.032788, ""maritime_security_navigation_disruption"": 0.114234}"
3589,"[""maritime_security_navigation_disruption""]","{""weather_disruption"": 0.129952, ""natural_disaster"": 0.004247, ""port_operational_disruption"": 0.311547, ""port_closure"": 0.138238, ""labor_strike_disruption"": 0.037969, ""maritime_security_navigation_disruption"": 0.829362}"
803,"[""weather_disruption""]","{""weather_disruption"": 0.946008, ""natural_disaster"": 0.07116, ""port_operational_disruption"": 0.099078, ""port_closure"": 0.020537, ""labor_strike_disruption"": 0.02906, ""maritime_security_navigation_disruption"": 0.061637}"
3181,"[""maritime_security_navigation_disruption""]","{""weather_disruption"": 0.037518, ""natural_disaster"": 0.012198, ""port_operational_disruption"": 0.086665, ""port_closure"": 0.011178, ""labor_strike_disruption"": 0.083469, ""maritime_security_navigation_disruption"": 0.985218}"
673,"[""labor_strike_disruption""]","{""weather_disruption"": 0.00853, ""natural_disaster"": 0.017188, ""port_operational_disruption"": 0.091582, ""port_closure"": 0.022982, ""labor_strike_disruption"": 0.996404, ""maritime_security_navigation_disruption"": 0.206604}"
354,"[""labor_strike_disruption""]","{""weather_disruption"": 0.021889, ""natural_disaster"": 0.059807, ""port_operational_disruption"": 0.020514, ""port_closure"": 0.047579, ""labor_strike_disruption"": 0.989344, ""maritime_security_navigation_disruption"": 0.105298}"
2870,"[""weather_disruption"", ""port_closure""]","{""weather_disruption"": 0.834774, ""natural_disaster"": 0.004677, ""port_operational_disruption"": 0.479528, ""port_closure"": 0.80361, ""labor_strike_disruption"": 0.024248, ""maritime_security_navigation_disruption"": 0.502604}"
4804,"[""labor_strike_disruption""]","{""weather_disruption"": 0.017573, ""natural_disaster"": 0.033159, ""port_operational_disruption"": 0.02379, ""port_closure"": 0.013783, ""labor_strike_disruption"": 0.991713, ""maritime_security_navigation_disruption"": 0.045713}"
1135,"[""weather_disruption""]","{""weather_disruption"": 0.67842, ""natural_disaster"": 0.077031, ""port_operational_disruption"": 0.151172, ""port_closure"": 0.03583, ""labor_strike_disruption"": 0.078297, ""maritime_security_navigation_disruption"": 0.090053}"
258,"[""weather_disruption"", ""port_operational_disruption""]","{""weather_disruption"": 0.974072, ""natural_disaster"": 0.007354, ""port_operational_disruption"": 0.626466, ""port_closure"": 0.712387, ""labor_strike_disruption"": 0.030931, ""maritime_security_navigation_disruption"": 0.238487}"
691,"[""labor_strike_disruption""]","{""weather_disruption"": 0.010599, ""natural_disaster"": 0.019139, ""port_operational_disruption"": 0.055437, ""port_closure"": 0.020617, ""labor_strike_disruption"": 0.99733, ""maritime_security_navigation_disruption"": 0.020399}"
4406,[],"{""weather_disruption"": 0.280535, ""natural_disaster"": 0.280847, ""port_operational_disruption"": 0.20862, ""port_closure"": 0.11962, ""labor_strike_disruption"": 0.18463, ""maritime_security_navigation_disruption"": 0.329633}"
4024,"[""weather_disruption""]","{""weather_disruption"": 0.659131, ""natural_disaster"": 0.024114, ""port_operational_disruption"": 0.339929, ""port_closure"": 0.736614, ""labor_strike_disruption"": 0.023783, ""maritime_security_navigation_disruption"": 0.567539}"
3646,"[""weather_disruption""]","{""weather_disruption"": 0.895519, ""natural_disaster"": 0.138073, ""port_operational_disruption"": 0.066645, ""port_closure"": 0.033129, ""labor_strike_disruption"": 0.023794, ""maritime_security_navigation_disruption"": 0.593034}"
290,"[""weather_disruption""]","{""weather_disruption"": 0.709409, ""natural_disaster"": 0.041282, ""port_operational_disruption"": 0.186898, ""port_closure"": 0.257949, ""labor_strike_disruption"": 0.039723, ""maritime_security_navigation_disruption"": 0.18753}"
1586,"[""weather_disruption""]","{""weather_disruption"": 0.993515, ""natural_disaster"": 0.091499, ""port_operational_disruption"": 0.04355, ""port_closure"": 0.076274, ""labor_strike_disruption"": 0.114146, ""maritime_security_navigation_disruption"": 0.029822}"
5427,"[""weather_disruption""]","{""weather_disruption"": 0.99436, ""natural_disaster"": 0.072188, ""port_operational_disruption"": 0.06809, ""port_closure"": 0.044597, ""labor_strike_disruption"": 0.021681, ""maritime_security_navigation_disruption"": 0.027915}"
3846,"[""weather_disruption"", ""maritime_security_navigation_disruption""]","{""weather_disruption"": 0.573269, ""natural_disaster"": 0.020131, ""port_operational_disruption"": 0.526942, ""port_closure"": 0.696144, ""labor_strike_disruption"": 0.018333, ""maritime_security_navigation_disruption"": 0.744862}"
4230,"[""weather_disruption""]","{""weather_disruption"": 0.958043, ""natural_disaster"": 0.433064, ""port_operational_disruption"": 0.075169, ""port_closure"": 0.008325, ""labor_strike_disruption"": 0.069334, ""maritime_security_navigation_disruption"": 0.020326}"
3769,"[""weather_disruption""]","{""weather_disruption"": 0.979442, ""natural_disaster"": 0.014936, ""port_operational_disruption"": 0.295673, ""port_closure"": 0.214071, ""labor_strike_disruption"": 0.014678, ""maritime_security_navigation_disruption"": 0.474238}"
626,"[""weather_disruption"", ""port_operational_disruption""]","{""weather_disruption"": 0.973981, ""natural_disaster"": 0.008026, ""port_operational_disruption"": 0.944267, ""port_closure"": 0.612987, ""labor_strike_disruption"": 0.013712, ""maritime_security_navigation_disruption"": 0.069051}"
5488,"[""maritime_security_navigation_disruption""]","{""weather_disruption"": 0.029721, ""natural_disaster"": 0.010818, ""port_operational_disruption"": 0.086922, ""port_closure"": 0.106526, ""labor_strike_disruption"": 0.045665, ""maritime_security_navigation_disruption"": 0.992046}"
5339,"[""port_operational_disruption""]","{""weather_disruption"": 0.196912, ""natural_disaster"": 0.015849, ""port_operational_disruption"": 0.975346, ""port_closure"": 0.063116, ""labor_strike_disruption"": 0.104938, ""maritime_security_navigation_disruption"": 0.109175}"
4777,"[""port_operational_disruption""]","{""weather_disruption"": 0.490824, ""natural_disaster"": 0.089195, ""port_operational_disruption"": 0.681332, ""port_closure"": 0.330946, ""labor_strike_disruption"": 0.254391, ""maritime_security_navigation_disruption"": 0.064286}"
2416,"[""port_operational_disruption"", ""maritime_security_navigation_disruption""]","{""weather_disruption"": 0.042797, ""natural_disaster"": 0.009389, ""port_operational_disruption"": 0.641088, ""port_closure"": 0.078365, ""labor_strike_disruption"": 0.045458, ""maritime_security_navigation_disruption"": 0.881688}"
492,"[""maritime_security_navigation_disruption""]","{""weather_disruption"": 0.334497, ""natural_disaster"": 0.004117, ""port_operational_disruption"": 0.382102, ""port_closure"": 0.727225, ""labor_strike_disruption"": 0.048022, ""maritime_security_navigation_disruption"": 0.897807}"
209,"[""weather_disruption"", ""port_operational_disruption""]","{""weather_disruption"": 0.868194, ""natural_disaster"": 0.003286, ""port_operational_disruption"": 0.653911, ""port_closure"": 0.306139, ""labor_strike_disruption"": 0.039337, ""maritime_security_navigation_disruption"": 0.420851}"
1626,"[""weather_disruption"", ""port_operational_disruption""]","{""weather_disruption"": 0.967033, ""natural_disaster"": 0.003757, ""port_operational_disruption"": 0.81124, ""port_closure"": 0.605432, ""labor_strike_disruption"": 0.013672, ""maritime_security_navigation_disruption"": 0.1009}"
2944,"[""labor_strike_disruption""]","{""weather_disruption"": 0.020756, ""natural_disaster"": 0.027044, ""port_operational_disruption"": 0.014692, ""port_closure"": 0.008136, ""labor_strike_disruption"": 0.989294, ""maritime_security_navigation_disruption"": 0.109085}"
1836,"[""maritime_security_navigation_disruption""]","{""weather_disruption"": 0.023112, ""natural_disaster"": 0.023032, ""port_operational_disruption"": 0.163499, ""port_closure"": 0.074729, ""labor_strike_disruption"": 0.308882, ""maritime_security_navigation_disruption"": 0.940154}"
4791,"[""weather_disruption"", ""maritime_security_navigation_disruption""]","{""weather_disruption"": 0.914664, ""natural_disaster"": 0.006768, ""port_operational_disruption"": 0.233053, ""port_closure"": 0.597551, ""labor_strike_disruption"": 0.06447, ""maritime_security_navigation_disruption"": 0.838659}"
5413,"[""weather_disruption"", ""natural_disaster""]","{""weather_disruption"": 0.790553, ""natural_disaster"": 0.633878, ""port_operational_disruption"": 0.069098, ""port_closure"": 0.147429, ""labor_strike_disruption"": 0.037606, ""maritime_security_navigation_disruption"": 0.154003}"
1255,"[""labor_strike_disruption""]","{""weather_disruption"": 0.026051, ""natural_disaster"": 0.022993, ""port_operational_disruption"": 0.181971, ""port_closure"": 0.037641, ""labor_strike_disruption"": 0.990148, ""maritime_security_navigation_disruption"": 0.06347}"
352,"[""weather_disruption"", ""port_operational_disruption""]","{""weather_disruption"": 0.961605, ""natural_disaster"": 0.025006, ""port_operational_disruption"": 0.857767, ""port_closure"": 0.179732, ""labor_strike_disruption"": 0.017582, ""maritime_security_navigation_disruption"": 0.106845}"
3715,"[""weather_disruption"", ""port_operational_disruption""]","{""weather_disruption"": 0.949688, ""natural_disaster"": 0.006231, ""port_operational_disruption"": 0.848691, ""port_closure"": 0.687497, ""labor_strike_disruption"": 0.013212, ""maritime_security_navigation_disruption"": 0.165545}"
5418,"[""port_operational_disruption"", ""maritime_security_navigation_disruption""]","{""weather_disruption"": 0.06863, ""natural_disaster"": 0.002285, ""port_operational_disruption"": 0.832365, ""port_closure"": 0.215763, ""labor_strike_disruption"": 0.04166, ""maritime_security_navigation_disruption"": 0.67252}"
2227,"[""maritime_security_navigation_disruption""]","{""weather_disruption"": 0.06523, ""natural_disaster"": 0.067524, ""port_operational_disruption"": 0.245268, ""port_closure"": 0.114505, ""labor_strike_disruption"": 0.041483, ""maritime_security_navigation_disruption"": 0.94784}"
4605,"[""labor_strike_disruption""]","{""weather_disruption"": 0.144639, ""natural_disaster"": 0.022058, ""port_operational_disruption"": 0.030581, ""port_closure"": 0.085906, ""labor_strike_disruption"": 0.901705, ""maritime_security_navigation_disruption"": 0.142438}"
3093,"[""labor_strike_disruption""]","{""weather_disruption"": 0.023075, ""natural_disaster"": 0.041306, ""port_operational_disruption"": 0.080848, ""port_closure"": 0.091266, ""labor_strike_disruption"": 0.975924, ""maritime_security_navigation_disruption"": 0.260243}"
1938,"[""weather_disruption"", ""port_operational_disruption""]","{""weather_disruption"": 0.884114, ""natural_disaster"": 0.006873, ""port_operational_disruption"": 0.8947, ""port_closure"": 0.548613, ""labor_strike_disruption"": 0.044593, ""maritime_security_navigation_disruption"": 0.289928}"
4872,"[""port_operational_disruption""]","{""weather_disruption"": 0.137583, ""natural_disaster"": 0.007276, ""port_operational_disruption"": 0.942442, ""port_closure"": 0.696459, ""labor_strike_disruption"": 0.023541, ""maritime_security_navigation_disruption"": 0.089826}"
5737,"[""weather_disruption"", ""port_operational_disruption""]","{""weather_disruption"": 0.528578, ""natural_disaster"": 0.008742, ""port_operational_disruption"": 0.958407, ""port_closure"": 0.153301, ""labor_strike_disruption"": 0.028575, ""maritime_security_navigation_disruption"": 0.05589}"
2306,"[""weather_disruption"", ""port_operational_disruption""]","{""weather_disruption"": 0.669067, ""natural_disaster"": 0.081724, ""port_operational_disruption"": 0.553733, ""port_closure"": 0.075073, ""labor_strike_disruption"": 0.019748, ""maritime_security_navigation_disruption"": 0.401995}"
3748,"[""maritime_security_navigation_disruption""]","{""weather_disruption"": 0.259349, ""natural_disaster"": 0.00623, ""port_operational_disruption"": 0.153775, ""port_closure"": 0.263409, ""labor_strike_disruption"": 0.073401, ""maritime_security_navigation_disruption"": 0.896663}"
4591,"[""port_operational_disruption""]","{""weather_disruption"": 0.249181, ""natural_disaster"": 0.006875, ""port_operational_disruption"": 0.860545, ""port_closure"": 0.143675, ""labor_strike_disruption"": 0.403692, ""maritime_security_navigation_disruption"": 0.346971}"
4280,"[""maritime_security_navigation_disruption""]","{""weather_disruption"": 0.054198, ""natural_disaster"": 0.007725, ""port_operational_disruption"": 0.257075, ""port_closure"": 0.094696, ""labor_strike_disruption"": 0.083633, ""maritime_security_navigation_disruption"": 0.957432}"
5674,"[""weather_disruption""]","{""weather_disruption"": 0.989822, ""natural_disaster"": 0.176566, ""port_operational_disruption"": 0.151834, ""port_closure"": 0.13588, ""labor_strike_disruption"": 0.006333, ""maritime_security_navigation_disruption"": 0.073962}"
3065,"[""labor_strike_disruption""]","{""weather_disruption"": 0.359393, ""natural_disaster"": 0.017555, ""port_operational_disruption"": 0.046726, ""port_closure"": 0.006829, ""labor_strike_disruption"": 0.974623, ""maritime_security_navigation_disruption"": 0.012293}"
486,"[""port_operational_disruption""]","{""weather_disruption"": 0.082305, ""natural_disaster"": 0.028321, ""port_operational_disruption"": 0.962018, ""port_closure"": 0.057987, ""labor_strike_disruption"": 0.019968, ""maritime_security_navigation_disruption"": 0.264651}"
2935,"[""weather_disruption"", ""port_operational_disruption""]","{""weather_disruption"": 0.529163, ""natural_disaster"": 0.005119, ""port_operational_disruption"": 0.965064, ""port_closure"": 0.285443, ""labor_strike_disruption"": 0.015546, ""maritime_security_navigation_disruption"": 0.035645}"
3429,"[""weather_disruption"", ""port_operational_disruption""]","{""weather_disruption"": 0.968203, ""natural_disaster"": 0.005521, ""port_operational_disruption"": 0.795071, ""port_closure"": 0.621304, ""labor_strike_disruption"": 0.011037, ""maritime_security_navigation_disruption"": 0.101184}"
3272,"[""maritime_security_navigation_disruption""]","{""weather_disruption"": 0.03383, ""natural_disaster"": 0.006977, ""port_operational_disruption"": 0.515638, ""port_closure"": 0.042051, ""labor_strike_disruption"": 0.068156, ""maritime_security_navigation_disruption"": 0.946587}"
2159,"[""maritime_security_navigation_disruption""]","{""weather_disruption"": 0.039936, ""natural_disaster"": 0.027591, ""port_operational_disruption"": 0.30223, ""port_closure"": 0.006856, ""labor_strike_disruption"": 0.221904, ""maritime_security_navigation_disruption"": 0.956371}"
1691,"[""labor_strike_disruption""]","{""weather_disruption"": 0.010199, ""natural_disaster"": 0.014197, ""port_operational_disruption"": 0.015828, ""port_closure"": 0.00763, ""labor_strike_disruption"": 0.984526, ""maritime_security_navigation_disruption"": 0.180734}"
2036,"[""weather_disruption"", ""port_operational_disruption"", ""port_closure""]","{""weather_disruption"": 0.986989, ""natural_disaster"": 0.012001, ""port_operational_disruption"": 0.650412, ""port_closure"": 0.868949, ""labor_strike_disruption"": 0.027029, ""maritime_security_navigation_disruption"": 0.097774}"
3884,"[""maritime_security_navigation_disruption""]","{""weather_disruption"": 0.027262, ""natural_disaster"": 0.011728, ""port_operational_disruption"": 0.212783, ""port_closure"": 0.099152, ""labor_strike_disruption"": 0.03369, ""maritime_security_navigation_disruption"": 0.983401}"
4033,"[""weather_disruption""]","{""weather_disruption"": 0.958608, ""natural_disaster"": 0.038475, ""port_operational_disruption"": 0.079486, ""port_closure"": 0.110446, ""labor_strike_disruption"": 0.033145, ""maritime_security_navigation_disruption"": 0.123219}"
594,"[""weather_disruption""]","{""weather_disruption"": 0.956378, ""natural_disaster"": 0.09007, ""port_operational_disruption"": 0.077107, ""port_closure"": 0.036271, ""labor_strike_disruption"": 0.030658, ""maritime_security_navigation_disruption"": 0.114273}"
4501,"[""weather_disruption"", ""port_closure""]","{""weather_disruption"": 0.716376, ""natural_disaster"": 0.004683, ""port_operational_disruption"": 0.477039, ""port_closure"": 0.830098, ""labor_strike_disruption"": 0.087155, ""maritime_security_navigation_disruption"": 0.177923}"
2058,"[""port_operational_disruption""]","{""weather_disruption"": 0.059711, ""natural_disaster"": 0.017784, ""port_operational_disruption"": 0.971024, ""port_closure"": 0.030119, ""labor_strike_disruption"": 0.03441, ""maritime_security_navigation_disruption"": 0.060563}"
4481,"[""port_operational_disruption""]","{""weather_disruption"": 0.161354, ""natural_disaster"": 0.005989, ""port_operational_disruption"": 0.888973, ""port_closure"": 0.147601, ""labor_strike_disruption"": 0.1211, ""maritime_security_navigation_disruption"": 0.248652}"
4250,"[""weather_disruption"", ""port_closure""]","{""weather_disruption"": 0.94319, ""natural_disaster"": 0.004658, ""port_operational_disruption"": 0.367955, ""port_closure"": 0.977708, ""labor_strike_disruption"": 0.117119, ""maritime_security_navigation_disruption"": 0.248374}"
5066,"[""labor_strike_disruption""]","{""weather_disruption"": 0.003928, ""natural_disaster"": 0.0142, ""port_operational_disruption"": 0.048441, ""port_closure"": 0.001685, ""labor_strike_disruption"": 0.997169, ""maritime_security_navigation_disruption"": 0.117132}"
5679,"[""weather_disruption""]","{""weather_disruption"": 0.831326, ""natural_disaster"": 0.129668, ""port_operational_disruption"": 0.050874, ""port_closure"": 0.073427, ""labor_strike_disruption"": 0.008729, ""maritime_security_navigation_disruption"": 0.325091}"
4743,"[""weather_disruption"", ""port_closure""]","{""weather_disruption"": 0.888369, ""natural_disaster"": 0.012922, ""port_operational_disruption"": 0.164348, ""port_closure"": 0.936485, ""labor_strike_disruption"": 0.01701, ""maritime_security_navigation_disruption"": 0.511205}"
697,"[""labor_strike_disruption""]","{""weather_disruption"": 0.004169, ""natural_disaster"": 0.036038, ""port_operational_disruption"": 0.068884, ""port_closure"": 0.005432, ""labor_strike_disruption"": 0.995896, ""maritime_security_navigation_disruption"": 0.076089}"
2686,"[""port_operational_disruption""]","{""weather_disruption"": 0.128166, ""natural_disaster"": 0.006365, ""port_operational_disruption"": 0.956104, ""port_closure"": 0.167346, ""labor_strike_disruption"": 0.025326, ""maritime_security_navigation_disruption"": 0.048427}"
3216,"[""port_operational_disruption""]","{""weather_disruption"": 0.051207, ""natural_disaster"": 0.005742, ""port_operational_disruption"": 0.955081, ""port_closure"": 0.065292, ""labor_strike_disruption"": 0.061372, ""maritime_security_navigation_disruption"": 0.054755}"
3406,"[""maritime_security_navigation_disruption""]","{""weather_disruption"": 0.441607, ""natural_disaster"": 0.005301, ""port_operational_disruption"": 0.189068, ""port_closure"": 0.216551, ""labor_strike_disruption"": 0.027177, ""maritime_security_navigation_disruption"": 0.966004}"
1680,"[""labor_strike_disruption""]","{""weather_disruption"": 0.008767, ""natural_disaster"": 0.074086, ""port_operational_disruption"": 0.008288, ""port_closure"": 0.004984, ""labor_strike_disruption"": 0.98396, ""maritime_security_navigation_disruption"": 0.10251}"
5174,"[""port_operational_disruption""]","{""weather_disruption"": 0.228794, ""natural_disaster"": 0.009551, ""port_operational_disruption"": 0.811339, ""port_closure"": 0.17053, ""labor_strike_disruption"": 0.175525, ""maritime_security_navigation_disruption"": 0.282938}"
4971,"[""maritime_security_navigation_disruption""]","{""weather_disruption"": 0.001878, ""natural_disaster"": 0.10655, ""port_operational_disruption"": 0.247047, ""port_closure"": 0.004724, ""labor_strike_disruption"": 0.187457, ""maritime_security_navigation_disruption"": 0.955378}"
1812,"[""labor_strike_disruption""]","{""weather_disruption"": 0.00901, ""natural_disaster"": 0.018956, ""port_operational_disruption"": 0.017823, ""port_closure"": 0.01823, ""labor_strike_disruption"": 0.999042, ""maritime_security_navigation_disruption"": 0.069513}"
1425,"[""labor_strike_disruption""]","{""weather_disruption"": 0.0135, ""natural_disaster"": 0.0359, ""port_operational_disruption"": 0.14985, ""port_closure"": 0.017645, ""labor_strike_disruption"": 0.990733, ""maritime_security_navigation_disruption"": 0.118551}"
2591,"[""natural_disaster""]","{""weather_disruption"": 0.201366, ""natural_disaster"": 0.913521, ""port_operational_disruption"": 0.066032, ""port_closure"": 0.007264, ""labor_strike_disruption"": 0.082296, ""maritime_security_navigation_disruption"": 0.034772}"
4407,"[""maritime_security_navigation_disruption""]","{""weather_disruption"": 0.307325, ""natural_disaster"": 0.016058, ""port_operational_disruption"": 0.043629, ""port_closure"": 0.199414, ""labor_strike_disruption"": 0.084798, ""maritime_security_navigation_disruption"": 0.842653}"
4945,"[""weather_disruption""]","{""weather_disruption"": 0.898472, ""natural_disaster"": 0.0704, ""port_operational_disruption"": 0.094382, ""port_closure"": 0.062303, ""labor_strike_disruption"": 0.008994, ""maritime_security_navigation_disruption"": 0.144618}"
2845,"[""labor_strike_disruption""]","{""weather_disruption"": 0.01625, ""natural_disaster"": 0.013518, ""port_operational_disruption"": 0.074786, ""port_closure"": 0.038113, ""labor_strike_disruption"": 0.987318, ""maritime_security_navigation_disruption"": 0.154507}"
4268,"[""maritime_security_navigation_disruption""]","{""weather_disruption"": 0.023252, ""natural_disaster"": 0.032039, ""port_operational_disruption"": 0.101939, ""port_closure"": 0.072204, ""labor_strike_disruption"": 0.037033, ""maritime_security_navigation_disruption"": 0.989296}"
3077,"[""port_operational_disruption""]","{""weather_disruption"": 0.082421, ""natural_disaster"": 0.004809, ""port_operational_disruption"": 0.915575, ""port_closure"": 0.073415, ""labor_strike_disruption"": 0.055449, ""maritime_security_navigation_disruption"": 0.190343}"
3102,"[""weather_disruption""]","{""weather_disruption"": 0.982415, ""natural_disaster"": 0.166002, ""port_operational_disruption"": 0.030589, ""port_closure"": 0.030358, ""labor_strike_disruption"": 0.059565, ""maritime_security_navigation_disruption"": 0.112594}"
1404,"[""port_operational_disruption""]","{""weather_disruption"": 0.2254, ""natural_disaster"": 0.002771, ""port_operational_disruption"": 0.955521, ""port_closure"": 0.190613, ""labor_strike_disruption"": 0.109538, ""maritime_security_navigation_disruption"": 0.085658}"
3371,"[""weather_disruption"", ""port_operational_disruption""]","{""weather_disruption"": 0.547715, ""natural_disaster"": 0.047541, ""port_operational_disruption"": 0.841055, ""port_closure"": 0.205874, ""labor_strike_disruption"": 0.010218, ""maritime_security_navigation_disruption"": 0.551414}"
5499,[],"{""weather_disruption"": 0.343799, ""natural_disaster"": 0.066173, ""port_operational_disruption"": 0.06884, ""port_closure"": 0.043177, ""labor_strike_disruption"": 0.197512, ""maritime_security_navigation_disruption"": 0.431507}"
4726,"[""port_operational_disruption""]","{""weather_disruption"": 0.019344, ""natural_disaster"": 0.007687, ""port_operational_disruption"": 0.946691, ""port_closure"": 0.091937, ""labor_strike_disruption"": 0.275017, ""maritime_security_navigation_disruption"": 0.339573}"
2196,"[""weather_disruption""]","{""weather_disruption"": 0.986143, ""natural_disaster"": 0.239457, ""port_operational_disruption"": 0.012434, ""port_closure"": 0.020238, ""labor_strike_disruption"": 0.072726, ""maritime_security_navigation_disruption"": 0.04202}"
1008,"[""labor_strike_disruption""]","{""weather_disruption"": 0.028193, ""natural_disaster"": 0.071612, ""port_operational_disruption"": 0.007064, ""port_closure"": 0.105661, ""labor_strike_disruption"": 0.994278, ""maritime_security_navigation_disruption"": 0.080292}"
2282,"[""labor_strike_disruption""]","{""weather_disruption"": 0.015741, ""natural_disaster"": 0.165553, ""port_operational_disruption"": 0.031677, ""port_closure"": 0.004784, ""labor_strike_disruption"": 0.993576, ""maritime_security_navigation_disruption"": 0.053284}"
976,"[""weather_disruption""]","{""weather_disruption"": 0.926616, ""natural_disaster"": 0.006837, ""port_operational_disruption"": 0.472571, ""port_closure"": 0.514358, ""labor_strike_disruption"": 0.009824, ""maritime_security_navigation_disruption"": 0.490572}"
4541,"[""weather_disruption""]","{""weather_disruption"": 0.963071, ""natural_disaster"": 0.007226, ""port_operational_disruption"": 0.513338, ""port_closure"": 0.705058, ""labor_strike_disruption"": 0.039486, ""maritime_security_navigation_disruption"": 0.102862}"
2171,"[""weather_disruption"", ""maritime_security_navigation_disruption""]","{""weather_disruption"": 0.712257, ""natural_disaster"": 0.016497, ""port_operational_disruption"": 0.143524, ""port_closure"": 0.263441, ""labor_strike_disruption"": 0.105403, ""maritime_security_navigation_disruption"": 0.913227}"
685,"[""weather_disruption""]","{""weather_disruption"": 0.977505, ""natural_disaster"": 0.168249, ""port_operational_disruption"": 0.021055, ""port_closure"": 0.268364, ""labor_strike_disruption"": 0.030033, ""maritime_security_navigation_disruption"": 0.088224}"
562,"[""weather_disruption"", ""port_operational_disruption"", ""port_closure""]","{""weather_disruption"": 0.987172, ""natural_disaster"": 0.010791, ""port_operational_disruption"": 0.821803, ""port_closure"": 0.75092, ""labor_strike_disruption"": 0.034551, ""maritime_security_navigation_disruption"": 0.116843}"
800,"[""weather_disruption""]","{""weather_disruption"": 0.987211, ""natural_disaster"": 0.204353, ""port_operational_disruption"": 0.28035, ""port_closure"": 0.031054, ""labor_strike_disruption"": 0.004752, ""maritime_security_navigation_disruption"": 0.023438}"
1233,"[""port_operational_disruption""]","{""weather_disruption"": 0.142455, ""natural_disaster"": 0.012935, ""port_operational_disruption"": 0.971709, ""port_closure"": 0.04146, ""labor_strike_disruption"": 0.076969, ""maritime_security_navigation_disruption"": 0.026692}"
5368,"[""weather_disruption"", ""port_operational_disruption""]","{""weather_disruption"": 0.986273, ""natural_disaster"": 0.01549, ""port_operational_disruption"": 0.711072, ""port_closure"": 0.735899, ""labor_strike_disruption"": 0.002517, ""maritime_security_navigation_disruption"": 0.170831}"
3255,"[""port_operational_disruption""]","{""weather_disruption"": 0.115376, ""natural_disaster"": 0.005184, ""port_operational_disruption"": 0.974713, ""port_closure"": 0.040914, ""labor_strike_disruption"": 0.069217, ""maritime_security_navigation_disruption"": 0.079931}"
2287,"[""labor_strike_disruption""]","{""weather_disruption"": 0.131339, ""natural_disaster"": 0.144429, ""port_operational_disruption"": 0.14795, ""port_closure"": 0.053502, ""labor_strike_disruption"": 0.976706, ""maritime_security_navigation_disruption"": 0.008287}"
2083,"[""weather_disruption"", ""port_closure""]","{""weather_disruption"": 0.954362, ""natural_disaster"": 0.01113, ""port_operational_disruption"": 0.527506, ""port_closure"": 0.797211, ""labor_strike_disruption"": 0.016543, ""maritime_security_navigation_disruption"": 0.098396}"
4550,"[""weather_disruption""]","{""weather_disruption"": 0.988932, ""natural_disaster"": 0.154348, ""port_operational_disruption"": 0.040917, ""port_closure"": 0.096202, ""labor_strike_disruption"": 0.036129, ""maritime_security_navigation_disruption"": 0.042674}"
2092,"[""weather_disruption"", ""port_operational_disruption""]","{""weather_disruption"": 0.838047, ""natural_disaster"": 0.008319, ""port_operational_disruption"": 0.909524, ""port_closure"": 0.4733, ""labor_strike_disruption"": 0.020213, ""maritime_security_navigation_disruption"": 0.024841}"
4873,"[""port_operational_disruption""]","{""weather_disruption"": 0.072805, ""natural_disaster"": 0.006181, ""port_operational_disruption"": 0.899524, ""port_closure"": 0.09242, ""labor_strike_disruption"": 0.041874, ""maritime_security_navigation_disruption"": 0.151117}"
1223,"[""labor_strike_disruption""]","{""weather_disruption"": 0.025136, ""natural_disaster"": 0.039377, ""port_operational_disruption"": 0.04286, ""port_closure"": 0.032909, ""labor_strike_disruption"": 0.992663, ""maritime_security_navigation_disruption"": 0.044866}"
109,"[""weather_disruption""]","{""weather_disruption"": 0.829469, ""natural_disaster"": 0.042933, ""port_operational_disruption"": 0.064167, ""port_closure"": 0.271636, ""labor_strike_disruption"": 0.090476, ""maritime_security_navigation_disruption"": 0.383256}"
400,"[""port_operational_disruption""]","{""weather_disruption"": 0.126469, ""natural_disaster"": 0.010043, ""port_operational_disruption"": 0.941848, ""port_closure"": 0.045553, ""labor_strike_disruption"": 0.106784, ""maritime_security_navigation_disruption"": 0.096008}"
3246,"[""weather_disruption"", ""port_operational_disruption""]","{""weather_disruption"": 0.9367, ""natural_disaster"": 0.029484, ""port_operational_disruption"": 0.943002, ""port_closure"": 0.388328, ""labor_strike_disruption"": 0.011221, ""maritime_security_navigation_disruption"": 0.037808}"
5711,"[""weather_disruption""]","{""weather_disruption"": 0.927844, ""natural_disaster"": 0.162681, ""port_operational_disruption"": 0.032522, ""port_closure"": 0.312606, ""labor_strike_disruption"": 0.011455, ""maritime_security_navigation_disruption"": 0.165207}"
1326,"[""port_operational_disruption"", ""maritime_security_navigation_disruption""]","{""weather_disruption"": 0.088527, ""natural_disaster"": 0.043205, ""port_operational_disruption"": 0.566669, ""port_closure"": 0.153765, ""labor_strike_disruption"": 0.025755, ""maritime_security_navigation_disruption"": 0.883539}"
1802,"[""weather_disruption"", ""maritime_security_navigation_disruption""]","{""weather_disruption"": 0.8069, ""natural_disaster"": 0.043081, ""port_operational_disruption"": 0.128118, ""port_closure"": 0.078935, ""labor_strike_disruption"": 0.021626, ""maritime_security_navigation_disruption"": 0.782816}"
4369,"[""port_operational_disruption""]","{""weather_disruption"": 0.057492, ""natural_disaster"": 0.007222, ""port_operational_disruption"": 0.970765, ""port_closure"": 0.04011, ""labor_strike_disruption"": 0.059144, ""maritime_security_navigation_disruption"": 0.098292}"
5742,"[""port_operational_disruption""]","{""weather_disruption"": 0.053831, ""natural_disaster"": 0.005562, ""port_operational_disruption"": 0.970804, ""port_closure"": 0.055136, ""labor_strike_disruption"": 0.111583, ""maritime_security_navigation_disruption"": 0.031705}"
5461,"[""weather_disruption"", ""port_operational_disruption""]","{""weather_disruption"": 0.971402, ""natural_disaster"": 0.046479, ""port_operational_disruption"": 0.718613, ""port_closure"": 0.395791, ""labor_strike_disruption"": 0.027384, ""maritime_security_navigation_disruption"": 0.161816}"
4367,"[""natural_disaster""]","{""weather_disruption"": 0.231135, ""natural_disaster"": 0.988685, ""port_operational_disruption"": 0.020729, ""port_closure"": 0.007548, ""labor_strike_disruption"": 0.170103, ""maritime_security_navigation_disruption"": 0.029412}"
4795,"[""labor_strike_disruption""]","{""weather_disruption"": 0.029457, ""natural_disaster"": 0.007309, ""port_operational_disruption"": 0.030402, ""port_closure"": 0.012203, ""labor_strike_disruption"": 0.996821, ""maritime_security_navigation_disruption"": 0.04521}"
4505,"[""maritime_security_navigation_disruption""]","{""weather_disruption"": 0.398959, ""natural_disaster"": 0.013113, ""port_operational_disruption"": 0.272723, ""port_closure"": 0.104055, ""labor_strike_disruption"": 0.004683, ""maritime_security_navigation_disruption"": 0.921113}"
824,"[""port_operational_disruption""]","{""weather_disruption"": 0.131193, ""natural_disaster"": 0.008453, ""port_operational_disruption"": 0.992101, ""port_closure"": 0.097599, ""labor_strike_disruption"": 0.019232, ""maritime_security_navigation_disruption"": 0.00957}"
420,"[""maritime_security_navigation_disruption""]","{""weather_disruption"": 0.401547, ""natural_disaster"": 0.058154, ""port_operational_disruption"": 0.239601, ""port_closure"": 0.023492, ""labor_strike_disruption"": 0.019405, ""maritime_security_navigation_disruption"": 0.855957}"
4793,"[""port_operational_disruption""]","{""weather_disruption"": 0.190823, ""natural_disaster"": 0.003586, ""port_operational_disruption"": 0.900931, ""port_closure"": 0.177876, ""labor_strike_disruption"": 0.061131, ""maritime_security_navigation_disruption"": 0.255143}"
1241,[],"{""weather_disruption"": 0.172676, ""natural_disaster"": 0.025175, ""port_operational_disruption"": 0.522252, ""port_closure"": 0.509495, ""labor_strike_disruption"": 0.050039, ""maritime_security_navigation_disruption"": 0.508477}"
5469,"[""weather_disruption"", ""port_operational_disruption""]","{""weather_disruption"": 0.975676, ""natural_disaster"": 0.008095, ""port_operational_disruption"": 0.935781, ""port_closure"": 0.177072, ""labor_strike_disruption"": 0.012086, ""maritime_security_navigation_disruption"": 0.064871}"
880,"[""weather_disruption"", ""port_operational_disruption""]","{""weather_disruption"": 0.622892, ""natural_disaster"": 0.007006, ""port_operational_disruption"": 0.853019, ""port_closure"": 0.454005, ""labor_strike_disruption"": 0.021707, ""maritime_security_navigation_disruption"": 0.264725}"
2927,"[""weather_disruption""]","{""weather_disruption"": 0.982468, ""natural_disaster"": 0.119547, ""port_operational_disruption"": 0.041645, ""port_closure"": 0.294853, ""labor_strike_disruption"": 0.005186, ""maritime_security_navigation_disruption"": 0.13138}"
651,"[""port_operational_disruption""]","{""weather_disruption"": 0.347747, ""natural_disaster"": 0.013487, ""port_operational_disruption"": 0.661073, ""port_closure"": 0.027271, ""labor_strike_disruption"": 0.071135, ""maritime_security_navigation_disruption"": 0.590961}"
5158,"[""labor_strike_disruption""]","{""weather_disruption"": 0.021781, ""natural_disaster"": 0.017936, ""port_operational_disruption"": 0.018853, ""port_closure"": 0.023678, ""labor_strike_disruption"": 0.927398, ""maritime_security_navigation_disruption"": 0.39057}"
4113,"[""weather_disruption""]","{""weather_disruption"": 0.95165, ""natural_disaster"": 0.112359, ""port_operational_disruption"": 0.026351, ""port_closure"": 0.033, ""labor_strike_disruption"": 0.075722, ""maritime_security_navigation_disruption"": 0.081703}"
3179,"[""maritime_security_navigation_disruption""]","{""weather_disruption"": 0.024982, ""natural_disaster"": 0.014023, ""port_operational_disruption"": 0.205809, ""port_closure"": 0.018135, ""labor_strike_disruption"": 0.131666, ""maritime_security_navigation_disruption"": 0.976935}"
817,"[""labor_strike_disruption""]","{""weather_disruption"": 0.015277, ""natural_disaster"": 0.010302, ""port_operational_disruption"": 0.500089, ""port_closure"": 0.035982, ""labor_strike_disruption"": 0.978758, ""maritime_security_navigation_disruption"": 0.110373}"
538,"[""labor_strike_disruption""]","{""weather_disruption"": 0.027296, ""natural_disaster"": 0.11263, ""port_operational_disruption"": 0.018019, ""port_closure"": 0.017293, ""labor_strike_disruption"": 0.96326, ""maritime_security_navigation_disruption"": 0.090246}"
3953,"[""maritime_security_navigation_disruption""]","{""weather_disruption"": 0.054544, ""natural_disaster"": 0.005527, ""port_operational_disruption"": 0.541458, ""port_closure"": 0.29178, ""labor_strike_disruption"": 0.096521, ""maritime_security_navigation_disruption"": 0.947955}"
3187,"[""maritime_security_navigation_disruption""]","{""weather_disruption"": 0.005802, ""natural_disaster"": 0.050637, ""port_operational_disruption"": 0.49818, ""port_closure"": 0.027919, ""labor_strike_disruption"": 0.241887, ""maritime_security_navigation_disruption"": 0.849037}"
1650,"[""labor_strike_disruption""]","{""weather_disruption"": 0.008206, ""natural_disaster"": 0.003832, ""port_operational_disruption"": 0.020879, ""port_closure"": 0.003911, ""labor_strike_disruption"": 0.996183, ""maritime_security_navigation_disruption"": 0.04385}"
1122,"[""labor_strike_disruption""]","{""weather_disruption"": 0.140344, ""natural_disaster"": 0.02351, ""port_operational_disruption"": 0.020459, ""port_closure"": 0.003305, ""labor_strike_disruption"": 0.987307, ""maritime_security_navigation_disruption"": 0.026016}"
2579,"[""weather_disruption""]","{""weather_disruption"": 0.894147, ""natural_disaster"": 0.14179, ""port_operational_disruption"": 0.041603, ""port_closure"": 0.068451, ""labor_strike_disruption"": 0.126995, ""maritime_security_navigation_disruption"": 0.069535}"
2609,"[""labor_strike_disruption""]","{""weather_disruption"": 0.033123, ""natural_disaster"": 0.0538, ""port_operational_disruption"": 0.147319, ""port_closure"": 0.014764, ""labor_strike_disruption"": 0.970404, ""maritime_security_navigation_disruption"": 0.052938}"
289,"[""port_operational_disruption""]","{""weather_disruption"": 0.118923, ""natural_disaster"": 0.00201, ""port_operational_disruption"": 0.863676, ""port_closure"": 0.23587, ""labor_strike_disruption"": 0.378243, ""maritime_security_navigation_disruption"": 0.226369}"
1158,"[""port_operational_disruption""]","{""weather_disruption"": 0.043326, ""natural_disaster"": 0.011455, ""port_operational_disruption"": 0.973201, ""port_closure"": 0.068826, ""labor_strike_disruption"": 0.011599, ""maritime_security_navigation_disruption"": 0.052849}"
5296,"[""port_operational_disruption"", ""maritime_security_navigation_disruption""]","{""weather_disruption"": 0.388636, ""natural_disaster"": 0.003886, ""port_operational_disruption"": 0.729026, ""port_closure"": 0.37642, ""labor_strike_disruption"": 0.04523, ""maritime_security_navigation_disruption"": 0.747707}"
876,"[""weather_disruption"", ""port_operational_disruption""]","{""weather_disruption"": 0.898099, ""natural_disaster"": 0.010557, ""port_operational_disruption"": 0.871504, ""port_closure"": 0.562446, ""labor_strike_disruption"": 0.041339, ""maritime_security_navigation_disruption"": 0.19964}"
2743,"[""port_operational_disruption""]","{""weather_disruption"": 0.193165, ""natural_disaster"": 0.008005, ""port_operational_disruption"": 0.980975, ""port_closure"": 0.067006, ""labor_strike_disruption"": 0.017492, ""maritime_security_navigation_disruption"": 0.018383}"
2697,"[""labor_strike_disruption""]","{""weather_disruption"": 0.008349, ""natural_disaster"": 0.02203, ""port_operational_disruption"": 0.102514, ""port_closure"": 0.021406, ""labor_strike_disruption"": 0.992968, ""maritime_security_navigation_disruption"": 0.092564}"
1563,"[""labor_strike_disruption""]","{""weather_disruption"": 0.080856, ""natural_disaster"": 0.002132, ""port_operational_disruption"": 0.255449, ""port_closure"": 0.041064, ""labor_strike_disruption"": 0.953477, ""maritime_security_navigation_disruption"": 0.472}"
617,"[""weather_disruption"", ""port_operational_disruption""]","{""weather_disruption"": 0.993345, ""natural_disaster"": 0.012466, ""port_operational_disruption"": 0.693272, ""port_closure"": 0.526052, ""labor_strike_disruption"": 0.010277, ""maritime_security_navigation_disruption"": 0.132628}"
293,"[""weather_disruption""]","{""weather_disruption"": 0.912556, ""natural_disaster"": 0.059578, ""port_operational_disruption"": 0.107249, ""port_closure"": 0.222687, ""labor_strike_disruption"": 0.00976, ""maritime_security_navigation_disruption"": 0.226775}"
5536,"[""labor_strike_disruption""]","{""weather_disruption"": 0.015239, ""natural_disaster"": 0.056568, ""port_operational_disruption"": 0.127166, ""port_closure"": 0.034017, ""labor_strike_disruption"": 0.96313, ""maritime_security_navigation_disruption"": 0.075462}"
760,"[""weather_disruption""]","{""weather_disruption"": 0.873459, ""natural_disaster"": 0.063246, ""port_operational_disruption"": 0.059359, ""port_closure"": 0.016486, ""labor_strike_disruption"": 0.051054, ""maritime_security_navigation_disruption"": 0.229014}"
1193,"[""port_operational_disruption""]","{""weather_disruption"": 0.131188, ""natural_disaster"": 0.004157, ""port_operational_disruption"": 0.9783, ""port_closure"": 0.121295, ""labor_strike_disruption"": 0.018024, ""maritime_security_navigation_disruption"": 0.060085}"
3891,"[""labor_strike_disruption""]","{""weather_disruption"": 0.021801, ""natural_disaster"": 0.020179, ""port_operational_disruption"": 0.083447, ""port_closure"": 0.029124, ""labor_strike_disruption"": 0.99333, ""maritime_security_navigation_disruption"": 0.091291}"
2792,"[""port_operational_disruption""]","{""weather_disruption"": 0.37366, ""natural_disaster"": 0.01386, ""port_operational_disruption"": 0.959752, ""port_closure"": 0.163622, ""labor_strike_disruption"": 0.056268, ""maritime_security_navigation_disruption"": 0.071219}"
4383,"[""weather_disruption""]","{""weather_disruption"": 0.971593, ""natural_disaster"": 0.251951, ""port_operational_disruption"": 0.047867, ""port_closure"": 0.019349, ""labor_strike_disruption"": 0.013476, ""maritime_security_navigation_disruption"": 0.115463}"
24,"[""natural_disaster""]","{""weather_disruption"": 0.099321, ""natural_disaster"": 0.990296, ""port_operational_disruption"": 0.020057, ""port_closure"": 0.023959, ""labor_strike_disruption"": 0.086075, ""maritime_security_navigation_disruption"": 0.03877}"
498,"[""labor_strike_disruption""]","{""weather_disruption"": 0.046482, ""natural_disaster"": 0.00563, ""port_operational_disruption"": 0.3207, ""port_closure"": 0.22514, ""labor_strike_disruption"": 0.978556, ""maritime_security_navigation_disruption"": 0.193939}"
5457,"[""weather_disruption""]","{""weather_disruption"": 0.985005, ""natural_disaster"": 0.052677, ""port_operational_disruption"": 0.051653, ""port_closure"": 0.078247, ""labor_strike_disruption"": 0.012799, ""maritime_security_navigation_disruption"": 0.242555}"
2153,"[""port_operational_disruption""]","{""weather_disruption"": 0.269998, ""natural_disaster"": 0.027243, ""port_operational_disruption"": 0.977587, ""port_closure"": 0.073126, ""labor_strike_disruption"": 0.048506, ""maritime_security_navigation_disruption"": 0.081312}"
1544,"[""weather_disruption""]","{""weather_disruption"": 0.94165, ""natural_disaster"": 0.004319, ""port_operational_disruption"": 0.505169, ""port_closure"": 0.549124, ""labor_strike_disruption"": 0.142163, ""maritime_security_navigation_disruption"": 0.621618}"
873,"[""weather_disruption"", ""port_operational_disruption""]","{""weather_disruption"": 0.878896, ""natural_disaster"": 0.00753, ""port_operational_disruption"": 0.87071, ""port_closure"": 0.43567, ""labor_strike_disruption"": 0.031288, ""maritime_security_navigation_disruption"": 0.299882}"
3142,"[""natural_disaster""]","{""weather_disruption"": 0.1128, ""natural_disaster"": 0.988321, ""port_operational_disruption"": 0.014796, ""port_closure"": 0.004802, ""labor_strike_disruption"": 0.057833, ""maritime_security_navigation_disruption"": 0.220844}"
1905,"[""labor_strike_disruption""]","{""weather_disruption"": 0.063991, ""natural_disaster"": 0.036747, ""port_operational_disruption"": 0.007154, ""port_closure"": 0.019023, ""labor_strike_disruption"": 0.994089, ""maritime_security_navigation_disruption"": 0.036563}"
4500,"[""weather_disruption"", ""port_closure""]","{""weather_disruption"": 0.635441, ""natural_disaster"": 0.004749, ""port_operational_disruption"": 0.498917, ""port_closure"": 0.757042, ""labor_strike_disruption"": 0.045366, ""maritime_security_navigation_disruption"": 0.579176}"
5657,"[""weather_disruption""]","{""weather_disruption"": 0.991115, ""natural_disaster"": 0.078928, ""port_operational_disruption"": 0.049, ""port_closure"": 0.039545, ""labor_strike_disruption"": 0.02471, ""maritime_security_navigation_disruption"": 0.097712}"
3621,"[""weather_disruption"", ""port_operational_disruption""]","{""weather_disruption"": 0.925888, ""natural_disaster"": 0.007328, ""port_operational_disruption"": 0.852657, ""port_closure"": 0.175805, ""labor_strike_disruption"": 0.024964, ""maritime_security_navigation_disruption"": 0.095999}"
3956,"[""weather_disruption"", ""port_closure""]","{""weather_disruption"": 0.954043, ""natural_disaster"": 0.00762, ""port_operational_disruption"": 0.306393, ""port_closure"": 0.920102, ""labor_strike_disruption"": 0.009911, ""maritime_security_navigation_disruption"": 0.22488}"
2560,"[""labor_strike_disruption""]","{""weather_disruption"": 0.058413, ""natural_disaster"": 0.225052, ""port_operational_disruption"": 0.254566, ""port_closure"": 0.083815, ""labor_strike_disruption"": 0.92203, ""maritime_security_navigation_disruption"": 0.065005}"
3123,"[""port_operational_disruption""]","{""weather_disruption"": 0.093146, ""natural_disaster"": 0.006055, ""port_operational_disruption"": 0.961535, ""port_closure"": 0.488153, ""labor_strike_disruption"": 0.050696, ""maritime_security_navigation_disruption"": 0.071631}"
4186,"[""weather_disruption"", ""port_operational_disruption"", ""port_closure""]","{""weather_disruption"": 0.97966, ""natural_disaster"": 0.008225, ""port_operational_disruption"": 0.576537, ""port_closure"": 0.913911, ""labor_strike_disruption"": 0.030652, ""maritime_security_navigation_disruption"": 0.123323}"
4651,"[""weather_disruption"", ""port_closure""]","{""weather_disruption"": 0.980382, ""natural_disaster"": 0.005904, ""port_operational_disruption"": 0.502376, ""port_closure"": 0.924619, ""labor_strike_disruption"": 0.01217, ""maritime_security_navigation_disruption"": 0.053727}"
5390,"[""labor_strike_disruption""]","{""weather_disruption"": 0.009988, ""natural_disaster"": 0.054795, ""port_operational_disruption"": 0.023816, ""port_closure"": 0.007971, ""labor_strike_disruption"": 0.977542, ""maritime_security_navigation_disruption"": 0.054657}"
5626,"[""port_operational_disruption""]","{""weather_disruption"": 0.043545, ""natural_disaster"": 0.009428, ""port_operational_disruption"": 0.983463, ""port_closure"": 0.101201, ""labor_strike_disruption"": 0.017352, ""maritime_security_navigation_disruption"": 0.051126}"
2805,"[""weather_disruption"", ""port_operational_disruption"", ""port_closure""]","{""weather_disruption"": 0.896362, ""natural_disaster"": 0.005767, ""port_operational_disruption"": 0.776222, ""port_closure"": 0.839957, ""labor_strike_disruption"": 0.013956, ""maritime_security_navigation_disruption"": 0.084592}"
4297,"[""maritime_security_navigation_disruption""]","{""weather_disruption"": 0.161532, ""natural_disaster"": 0.169413, ""port_operational_disruption"": 0.187476, ""port_closure"": 0.034147, ""labor_strike_disruption"": 0.125046, ""maritime_security_navigation_disruption"": 0.74139}"
895,"[""weather_disruption"", ""port_operational_disruption""]","{""weather_disruption"": 0.501206, ""natural_disaster"": 0.009983, ""port_operational_disruption"": 0.854225, ""port_closure"": 0.712186, ""labor_strike_disruption"": 0.067847, ""maritime_security_navigation_disruption"": 0.112389}"
8,"[""weather_disruption""]","{""weather_disruption"": 0.956278, ""natural_disaster"": 0.208042, ""port_operational_disruption"": 0.126036, ""port_closure"": 0.170038, ""labor_strike_disruption"": 0.019933, ""maritime_security_navigation_disruption"": 0.118854}"
4858,"[""port_operational_disruption"", ""maritime_security_navigation_disruption""]","{""weather_disruption"": 0.252194, ""natural_disaster"": 0.011127, ""port_operational_disruption"": 0.84634, ""port_closure"": 0.10236, ""labor_strike_disruption"": 0.082152, ""maritime_security_navigation_disruption"": 0.714244}"
1419,"[""port_operational_disruption"", ""maritime_security_navigation_disruption""]","{""weather_disruption"": 0.026378, ""natural_disaster"": 0.003525, ""port_operational_disruption"": 0.774027, ""port_closure"": 0.0697, ""labor_strike_disruption"": 0.442355, ""maritime_security_navigation_disruption"": 0.748543}"
48,"[""maritime_security_navigation_disruption""]","{""weather_disruption"": 0.022425, ""natural_disaster"": 0.016886, ""port_operational_disruption"": 0.100115, ""port_closure"": 0.01056, ""labor_strike_disruption"": 0.189026, ""maritime_security_navigation_disruption"": 0.910082}"
5194,"[""labor_strike_disruption""]","{""weather_disruption"": 0.030285, ""natural_disaster"": 0.024584, ""port_operational_disruption"": 0.066566, ""port_closure"": 0.027501, ""labor_strike_disruption"": 0.948227, ""maritime_security_navigation_disruption"": 0.457102}"
3629,"[""weather_disruption"", ""port_operational_disruption"", ""port_closure""]","{""weather_disruption"": 0.984831, ""natural_disaster"": 0.009763, ""port_operational_disruption"": 0.750355, ""port_closure"": 0.780253, ""labor_strike_disruption"": 0.009752, ""maritime_security_navigation_disruption"": 0.428499}"
3880,"[""weather_disruption"", ""port_operational_disruption"", ""port_closure""]","{""weather_disruption"": 0.612251, ""natural_disaster"": 0.006124, ""port_operational_disruption"": 0.605618, ""port_closure"": 0.897474, ""labor_strike_disruption"": 0.102197, ""maritime_security_navigation_disruption"": 0.17884}"
4617,"[""weather_disruption""]","{""weather_disruption"": 0.942595, ""natural_disaster"": 0.53318, ""port_operational_disruption"": 0.041732, ""port_closure"": 0.184728, ""labor_strike_disruption"": 0.010019, ""maritime_security_navigation_disruption"": 0.187997}"
2278,"[""labor_strike_disruption""]","{""weather_disruption"": 0.075593, ""natural_disaster"": 0.017038, ""port_operational_disruption"": 0.013701, ""port_closure"": 0.035479, ""labor_strike_disruption"": 0.996719, ""maritime_security_navigation_disruption"": 0.026275}"
3644,"[""weather_disruption"", ""port_operational_disruption"", ""maritime_security_navigation_disruption""]","{""weather_disruption"": 0.886317, ""natural_disaster"": 0.011059, ""port_operational_disruption"": 0.671441, ""port_closure"": 0.188176, ""labor_strike_disruption"": 0.024477, ""maritime_security_navigation_disruption"": 0.650289}"
1237,"[""port_operational_disruption""]","{""weather_disruption"": 0.309069, ""natural_disaster"": 0.010268, ""port_operational_disruption"": 0.969653, ""port_closure"": 0.102281, ""labor_strike_disruption"": 0.024977, ""maritime_security_navigation_disruption"": 0.069048}"
775,"[""port_operational_disruption""]","{""weather_disruption"": 0.159075, ""natural_disaster"": 0.052606, ""port_operational_disruption"": 0.676334, ""port_closure"": 0.0186, ""labor_strike_disruption"": 0.033093, ""maritime_security_navigation_disruption"": 0.621825}"
4191,"[""weather_disruption"", ""port_operational_disruption"", ""port_closure""]","{""weather_disruption"": 0.980072, ""natural_disaster"": 0.012894, ""port_operational_disruption"": 0.563466, ""port_closure"": 0.789991, ""labor_strike_disruption"": 0.005727, ""maritime_security_navigation_disruption"": 0.063652}"
482,"[""weather_disruption"", ""port_closure""]","{""weather_disruption"": 0.9539, ""natural_disaster"": 0.019882, ""port_operational_disruption"": 0.352245, ""port_closure"": 0.964125, ""labor_strike_disruption"": 0.003469, ""maritime_security_navigation_disruption"": 0.263007}"
1417,"[""weather_disruption"", ""port_operational_disruption""]","{""weather_disruption"": 0.562154, ""natural_disaster"": 0.006604, ""port_operational_disruption"": 0.937659, ""port_closure"": 0.2198, ""labor_strike_disruption"": 0.029425, ""maritime_security_navigation_disruption"": 0.248129}"
2564,"[""labor_strike_disruption""]","{""weather_disruption"": 0.024651, ""natural_disaster"": 0.031166, ""port_operational_disruption"": 0.091532, ""port_closure"": 0.017226, ""labor_strike_disruption"": 0.960375, ""maritime_security_navigation_disruption"": 0.084151}"
2353,"[""weather_disruption"", ""port_operational_disruption""]","{""weather_disruption"": 0.979376, ""natural_disaster"": 0.014947, ""port_operational_disruption"": 0.743137, ""port_closure"": 0.549825, ""labor_strike_disruption"": 0.006078, ""maritime_security_navigation_disruption"": 0.050089}"
3762,"[""weather_disruption""]","{""weather_disruption"": 0.507052, ""natural_disaster"": 0.292399, ""port_operational_disruption"": 0.413276, ""port_closure"": 0.0937, ""labor_strike_disruption"": 0.300301, ""maritime_security_navigation_disruption"": 0.017434}"
5483,"[""port_operational_disruption""]","{""weather_disruption"": 0.309307, ""natural_disaster"": 0.015943, ""port_operational_disruption"": 0.683582, ""port_closure"": 0.318493, ""labor_strike_disruption"": 0.10415, ""maritime_security_navigation_disruption"": 0.530104}"
3218,"[""port_operational_disruption""]","{""weather_disruption"": 0.078102, ""natural_disaster"": 0.003088, ""port_operational_disruption"": 0.962269, ""port_closure"": 0.064717, ""labor_strike_disruption"": 0.101518, ""maritime_security_navigation_disruption"": 0.020267}"
3497,"[""port_operational_disruption""]","{""weather_disruption"": 0.378059, ""natural_disaster"": 0.057904, ""port_operational_disruption"": 0.577231, ""port_closure"": 0.145823, ""labor_strike_disruption"": 0.115063, ""maritime_security_navigation_disruption"": 0.457639}"
369,"[""weather_disruption""]","{""weather_disruption"": 0.968105, ""natural_disaster"": 0.327498, ""port_operational_disruption"": 0.020463, ""port_closure"": 0.470296, ""labor_strike_disruption"": 0.015659, ""maritime_security_navigation_disruption"": 0.204366}"
2284,"[""labor_strike_disruption""]","{""weather_disruption"": 0.023925, ""natural_disaster"": 0.02055, ""port_operational_disruption"": 0.081336, ""port_closure"": 0.011658, ""labor_strike_disruption"": 0.993345, ""maritime_security_navigation_disruption"": 0.0453}"
259,"[""weather_disruption"", ""port_operational_disruption""]","{""weather_disruption"": 0.94405, ""natural_disaster"": 0.014128, ""port_operational_disruption"": 0.932086, ""port_closure"": 0.094654, ""labor_strike_disruption"": 0.016508, ""maritime_security_navigation_disruption"": 0.039181}"
2587,"[""natural_disaster""]","{""weather_disruption"": 0.313128, ""natural_disaster"": 0.87536, ""port_operational_disruption"": 0.032128, ""port_closure"": 0.024703, ""labor_strike_disruption"": 0.126973, ""maritime_security_navigation_disruption"": 0.015859}"
5552,"[""weather_disruption""]","{""weather_disruption"": 0.935193, ""natural_disaster"": 0.133753, ""port_operational_disruption"": 0.230129, ""port_closure"": 0.196214, ""labor_strike_disruption"": 0.089701, ""maritime_security_navigation_disruption"": 0.087866}"
1065,"[""natural_disaster""]","{""weather_disruption"": 0.204481, ""natural_disaster"": 0.941908, ""port_operational_disruption"": 0.028089, ""port_closure"": 0.018265, ""labor_strike_disruption"": 0.125707, ""maritime_security_navigation_disruption"": 0.055227}"
5761,"[""labor_strike_disruption""]","{""weather_disruption"": 0.029085, ""natural_disaster"": 0.058294, ""port_operational_disruption"": 0.057048, ""port_closure"": 0.035848, ""labor_strike_disruption"": 0.981285, ""maritime_security_navigation_disruption"": 0.262374}"
28,"[""natural_disaster""]","{""weather_disruption"": 0.228787, ""natural_disaster"": 0.987078, ""port_operational_disruption"": 0.014263, ""port_closure"": 0.009655, ""labor_strike_disruption"": 0.265004, ""maritime_security_navigation_disruption"": 0.023376}"
1618,"[""weather_disruption"", ""port_closure""]","{""weather_disruption"": 0.87287, ""natural_disaster"": 0.028512, ""port_operational_disruption"": 0.475745, ""port_closure"": 0.856087, ""labor_strike_disruption"": 0.066701, ""maritime_security_navigation_disruption"": 0.135188}"
4312,"[""port_operational_disruption""]","{""weather_disruption"": 0.187068, ""natural_disaster"": 0.021203, ""port_operational_disruption"": 0.992938, ""port_closure"": 0.069449, ""labor_strike_disruption"": 0.100695, ""maritime_security_navigation_disruption"": 0.030948}"
5020,"[""port_operational_disruption"", ""maritime_security_navigation_disruption""]","{""weather_disruption"": 0.065964, ""natural_disaster"": 0.03268, ""port_operational_disruption"": 0.576714, ""port_closure"": 0.015239, ""labor_strike_disruption"": 0.078483, ""maritime_security_navigation_disruption"": 0.708238}"
5511,"[""maritime_security_navigation_disruption""]","{""weather_disruption"": 0.039664, ""natural_disaster"": 0.012878, ""port_operational_disruption"": 0.080079, ""port_closure"": 0.011187, ""labor_strike_disruption"": 0.118339, ""maritime_security_navigation_disruption"": 0.953416}"
5770,"[""weather_disruption""]","{""weather_disruption"": 0.570505, ""natural_disaster"": 0.183086, ""port_operational_disruption"": 0.070596, ""port_closure"": 0.009297, ""labor_strike_disruption"": 0.45161, ""maritime_security_navigation_disruption"": 0.079619}"
2598,"[""labor_strike_disruption""]","{""weather_disruption"": 0.008371, ""natural_disaster"": 0.094689, ""port_operational_disruption"": 0.056501, ""port_closure"": 0.00841, ""labor_strike_disruption"": 0.998568, ""maritime_security_navigation_disruption"": 0.007084}"
2832,"[""port_operational_disruption""]","{""weather_disruption"": 0.162823, ""natural_disaster"": 0.008237, ""port_operational_disruption"": 0.812903, ""port_closure"": 0.055724, ""labor_strike_disruption"": 0.257117, ""maritime_security_navigation_disruption"": 0.271392}"
3534,"[""weather_disruption""]","{""weather_disruption"": 0.985652, ""natural_disaster"": 0.011142, ""port_operational_disruption"": 0.381024, ""port_closure"": 0.654618, ""labor_strike_disruption"": 0.114231, ""maritime_security_navigation_disruption"": 0.046829}"
3026,"[""port_operational_disruption"", ""maritime_security_navigation_disruption""]","{""weather_disruption"": 0.020156, ""natural_disaster"": 0.005796, ""port_operational_disruption"": 0.801399, ""port_closure"": 0.102742, ""labor_strike_disruption"": 0.044713, ""maritime_security_navigation_disruption"": 0.8688}"
3862,"[""maritime_security_navigation_disruption""]","{""weather_disruption"": 0.045377, ""natural_disaster"": 0.031425, ""port_operational_disruption"": 0.045703, ""port_closure"": 0.09194, ""labor_strike_disruption"": 0.085865, ""maritime_security_navigation_disruption"": 0.893847}"
2853,"[""weather_disruption"", ""port_operational_disruption"", ""port_closure""]","{""weather_disruption"": 0.952855, ""natural_disaster"": 0.001644, ""port_operational_disruption"": 0.938249, ""port_closure"": 0.766773, ""labor_strike_disruption"": 0.025362, ""maritime_security_navigation_disruption"": 0.069786}"
3261,"[""port_operational_disruption""]","{""weather_disruption"": 0.106376, ""natural_disaster"": 0.015032, ""port_operational_disruption"": 0.976405, ""port_closure"": 0.148159, ""labor_strike_disruption"": 0.017968, ""maritime_security_navigation_disruption"": 0.057564}"
641,"[""labor_strike_disruption""]","{""weather_disruption"": 0.050138, ""natural_disaster"": 0.007923, ""port_operational_disruption"": 0.024606, ""port_closure"": 0.13511, ""labor_strike_disruption"": 0.966856, ""maritime_security_navigation_disruption"": 0.220347}"
3816,"[""labor_strike_disruption""]","{""weather_disruption"": 0.004731, ""natural_disaster"": 0.002001, ""port_operational_disruption"": 0.081331, ""port_closure"": 0.009172, ""labor_strike_disruption"": 0.998116, ""maritime_security_navigation_disruption"": 0.048429}"
2772,"[""port_operational_disruption""]","{""weather_disruption"": 0.142458, ""natural_disaster"": 0.00766, ""port_operational_disruption"": 0.965292, ""port_closure"": 0.230747, ""labor_strike_disruption"": 0.036662, ""maritime_security_navigation_disruption"": 0.101167}"
1767,"[""weather_disruption"", ""port_operational_disruption""]","{""weather_disruption"": 0.84877, ""natural_disaster"": 0.007373, ""port_operational_disruption"": 0.795349, ""port_closure"": 0.667947, ""labor_strike_disruption"": 0.016045, ""maritime_security_navigation_disruption"": 0.182286}"
5075,"[""port_operational_disruption""]","{""weather_disruption"": 0.005548, ""natural_disaster"": 0.028523, ""port_operational_disruption"": 0.753683, ""port_closure"": 0.025043, ""labor_strike_disruption"": 0.213659, ""maritime_security_navigation_disruption"": 0.594877}"
280,"[""port_operational_disruption""]","{""weather_disruption"": 0.139985, ""natural_disaster"": 0.004812, ""port_operational_disruption"": 0.979285, ""port_closure"": 0.255069, ""labor_strike_disruption"": 0.137418, ""maritime_security_navigation_disruption"": 0.320554}"
5452,"[""weather_disruption"", ""port_operational_disruption"", ""port_closure""]","{""weather_disruption"": 0.959545, ""natural_disaster"": 0.00878, ""port_operational_disruption"": 0.747128, ""port_closure"": 0.786261, ""labor_strike_disruption"": 0.016278, ""maritime_security_navigation_disruption"": 0.061212}"
3427,"[""weather_disruption"", ""port_operational_disruption""]","{""weather_disruption"": 0.956892, ""natural_disaster"": 0.003193, ""port_operational_disruption"": 0.694744, ""port_closure"": 0.589944, ""labor_strike_disruption"": 0.02316, ""maritime_security_navigation_disruption"": 0.11455}"
5501,"[""weather_disruption"", ""maritime_security_navigation_disruption""]","{""weather_disruption"": 0.578436, ""natural_disaster"": 0.008089, ""port_operational_disruption"": 0.101839, ""port_closure"": 0.07586, ""labor_strike_disruption"": 0.081157, ""maritime_security_navigation_disruption"": 0.912129}"
4228,"[""weather_disruption""]","{""weather_disruption"": 0.98215, ""natural_disaster"": 0.527344, ""port_operational_disruption"": 0.018901, ""port_closure"": 0.039341, ""labor_strike_disruption"": 0.035761, ""maritime_security_navigation_disruption"": 0.065412}"
2943,"[""weather_disruption"", ""port_operational_disruption""]","{""weather_disruption"": 0.77657, ""natural_disaster"": 0.012533, ""port_operational_disruption"": 0.932357, ""port_closure"": 0.264602, ""labor_strike_disruption"": 0.034065, ""maritime_security_navigation_disruption"": 0.271087}"
4978,"[""maritime_security_navigation_disruption""]","{""weather_disruption"": 0.017075, ""natural_disaster"": 0.066923, ""port_operational_disruption"": 0.174739, ""port_closure"": 0.024014, ""labor_strike_disruption"": 0.158053, ""maritime_security_navigation_disruption"": 0.931598}"
5617,"[""weather_disruption""]","{""weather_disruption"": 0.931858, ""natural_disaster"": 0.18731, ""port_operational_disruption"": 0.035941, ""port_closure"": 0.005718, ""labor_strike_disruption"": 0.06929, ""maritime_security_navigation_disruption"": 0.05379}"
2967,"[""weather_disruption""]","{""weather_disruption"": 0.893552, ""natural_disaster"": 0.02209, ""port_operational_disruption"": 0.275708, ""port_closure"": 0.152889, ""labor_strike_disruption"": 0.350357, ""maritime_security_navigation_disruption"": 0.027364}"
2250,"[""labor_strike_disruption""]","{""weather_disruption"": 0.003811, ""natural_disaster"": 0.016957, ""port_operational_disruption"": 0.090722, ""port_closure"": 0.003917, ""labor_strike_disruption"": 0.997245, ""maritime_security_navigation_disruption"": 0.2665}"
5772,"[""weather_disruption"", ""port_operational_disruption""]","{""weather_disruption"": 0.932214, ""natural_disaster"": 0.005376, ""port_operational_disruption"": 0.775436, ""port_closure"": 0.383557, ""labor_strike_disruption"": 0.035903, ""maritime_security_navigation_disruption"": 0.024592}"
4509,"[""weather_disruption"", ""port_closure""]","{""weather_disruption"": 0.967518, ""natural_disaster"": 0.003588, ""port_operational_disruption"": 0.49294, ""port_closure"": 0.894867, ""labor_strike_disruption"": 0.023378, ""maritime_security_navigation_disruption"": 0.255204}"
720,"[""labor_strike_disruption""]","{""weather_disruption"": 0.006205, ""natural_disaster"": 0.046402, ""port_operational_disruption"": 0.067743, ""port_closure"": 0.004938, ""labor_strike_disruption"": 0.99521, ""maritime_security_navigation_disruption"": 0.05138}"
5649,"[""labor_strike_disruption""]","{""weather_disruption"": 0.036023, ""natural_disaster"": 0.091886, ""port_operational_disruption"": 0.006817, ""port_closure"": 0.099093, ""labor_strike_disruption"": 0.975344, ""maritime_security_navigation_disruption"": 0.247744}"
3638,"[""maritime_security_navigation_disruption""]","{""weather_disruption"": 0.057577, ""natural_disaster"": 0.004491, ""port_operational_disruption"": 0.181619, ""port_closure"": 0.032093, ""labor_strike_disruption"": 0.115228, ""maritime_security_navigation_disruption"": 0.988931}"
3599,"[""maritime_security_navigation_disruption""]","{""weather_disruption"": 0.173358, ""natural_disaster"": 0.003997, ""port_operational_disruption"": 0.253556, ""port_closure"": 0.139135, ""labor_strike_disruption"": 0.058919, ""maritime_security_navigation_disruption"": 0.959457}"
4390,"[""port_operational_disruption""]","{""weather_disruption"": 0.118644, ""natural_disaster"": 0.007146, ""port_operational_disruption"": 0.983861, ""port_closure"": 0.077848, ""labor_strike_disruption"": 0.023178, ""maritime_security_navigation_disruption"": 0.043868}"
2335,"[""weather_disruption"", ""port_operational_disruption""]","{""weather_disruption"": 0.988335, ""natural_disaster"": 0.012991, ""port_operational_disruption"": 0.859069, ""port_closure"": 0.594825, ""labor_strike_disruption"": 0.002841, ""maritime_security_navigation_disruption"": 0.070316}"
5751,"[""port_operational_disruption""]","{""weather_disruption"": 0.093737, ""natural_disaster"": 0.007922, ""port_operational_disruption"": 0.946462, ""port_closure"": 0.034616, ""labor_strike_disruption"": 0.06302, ""maritime_security_navigation_disruption"": 0.075869}"
2095,"[""port_operational_disruption""]","{""weather_disruption"": 0.467899, ""natural_disaster"": 0.032914, ""port_operational_disruption"": 0.929235, ""port_closure"": 0.466021, ""labor_strike_disruption"": 0.027152, ""maritime_security_navigation_disruption"": 0.170656}"
729,"[""labor_strike_disruption""]","{""weather_disruption"": 0.010764, ""natural_disaster"": 0.012403, ""port_operational_disruption"": 0.013368, ""port_closure"": 0.005279, ""labor_strike_disruption"": 0.997645, ""maritime_security_navigation_disruption"": 0.035691}"
4474,"[""maritime_security_navigation_disruption""]","{""weather_disruption"": 0.250834, ""natural_disaster"": 0.008869, ""port_operational_disruption"": 0.11929, ""port_closure"": 0.117298, ""labor_strike_disruption"": 0.041432, ""maritime_security_navigation_disruption"": 0.947878}"
2585,"[""labor_strike_disruption""]","{""weather_disruption"": 0.010136, ""natural_disaster"": 0.044519, ""port_operational_disruption"": 0.005047, ""port_closure"": 0.024949, ""labor_strike_disruption"": 0.998676, ""maritime_security_navigation_disruption"": 0.016373}"
4761,"[""port_operational_disruption""]","{""weather_disruption"": 0.07, ""natural_disaster"": 0.002437, ""port_operational_disruption"": 0.981451, ""port_closure"": 0.130127, ""labor_strike_disruption"": 0.074768, ""maritime_security_navigation_disruption"": 0.089154}"
4720,"[""port_operational_disruption""]","{""weather_disruption"": 0.115701, ""natural_disaster"": 0.013556, ""port_operational_disruption"": 0.983163, ""port_closure"": 0.0801, ""labor_strike_disruption"": 0.128694, ""maritime_security_navigation_disruption"": 0.054959}"
5189,"[""labor_strike_disruption""]","{""weather_disruption"": 0.062358, ""natural_disaster"": 0.011049, ""port_operational_disruption"": 0.048635, ""port_closure"": 0.02427, ""labor_strike_disruption"": 0.785862, ""maritime_security_navigation_disruption"": 0.137713}"
1861,"[""labor_strike_disruption""]","{""weather_disruption"": 0.04318, ""natural_disaster"": 0.026019, ""port_operational_disruption"": 0.009991, ""port_closure"": 0.018476, ""labor_strike_disruption"": 0.992916, ""maritime_security_navigation_disruption"": 0.099748}"
1463,"[""port_operational_disruption""]","{""weather_disruption"": 0.117241, ""natural_disaster"": 0.029633, ""port_operational_disruption"": 0.67919, ""port_closure"": 0.074575, ""labor_strike_disruption"": 0.125792, ""maritime_security_navigation_disruption"": 0.557118}"
5545,"[""port_operational_disruption"", ""maritime_security_navigation_disruption""]","{""weather_disruption"": 0.112196, ""natural_disaster"": 0.0019, ""port_operational_disruption"": 0.66627, ""port_closure"": 0.125112, ""labor_strike_disruption"": 0.063565, ""maritime_security_navigation_disruption"": 0.867369}"
3585,"[""maritime_security_navigation_disruption""]","{""weather_disruption"": 0.086922, ""natural_disaster"": 0.024081, ""port_operational_disruption"": 0.149173, ""port_closure"": 0.119311, ""labor_strike_disruption"": 0.050857, ""maritime_security_navigation_disruption"": 0.853977}"
4127,"[""weather_disruption"", ""port_closure""]","{""weather_disruption"": 0.969183, ""natural_disaster"": 0.010714, ""port_operational_disruption"": 0.157805, ""port_closure"": 0.965737, ""labor_strike_disruption"": 0.033269, ""maritime_security_navigation_disruption"": 0.068986}"
5665,"[""maritime_security_navigation_disruption""]","{""weather_disruption"": 0.076403, ""natural_disaster"": 0.042503, ""port_operational_disruption"": 0.333497, ""port_closure"": 0.038501, ""labor_strike_disruption"": 0.113606, ""maritime_security_navigation_disruption"": 0.907279}"
5630,"[""weather_disruption""]","{""weather_disruption"": 0.878251, ""natural_disaster"": 0.010704, ""port_operational_disruption"": 0.123219, ""port_closure"": 0.530322, ""labor_strike_disruption"": 0.03204, ""maritime_security_navigation_disruption"": 0.258873}"
3134,"[""maritime_security_navigation_disruption""]","{""weather_disruption"": 0.040095, ""natural_disaster"": 0.008673, ""port_operational_disruption"": 0.191387, ""port_closure"": 0.017895, ""labor_strike_disruption"": 0.057449, ""maritime_security_navigation_disruption"": 0.986001}"
4025,"[""weather_disruption""]","{""weather_disruption"": 0.983435, ""natural_disaster"": 0.053369, ""port_operational_disruption"": 0.38667, ""port_closure"": 0.534407, ""labor_strike_disruption"": 0.024513, ""maritime_security_navigation_disruption"": 0.08265}"
4496,[],"{""weather_disruption"": 0.168055, ""natural_disaster"": 0.091492, ""port_operational_disruption"": 0.533936, ""port_closure"": 0.017284, ""labor_strike_disruption"": 0.493899, ""maritime_security_navigation_disruption"": 0.041607}"
2915,"[""weather_disruption"", ""port_operational_disruption"", ""port_closure""]","{""weather_disruption"": 0.985881, ""natural_disaster"": 0.01529, ""port_operational_disruption"": 0.740263, ""port_closure"": 0.88871, ""labor_strike_disruption"": 0.009681, ""maritime_security_navigation_disruption"": 0.08632}"
2264,"[""weather_disruption""]","{""weather_disruption"": 0.984838, ""natural_disaster"": 0.178057, ""port_operational_disruption"": 0.073957, ""port_closure"": 0.087484, ""labor_strike_disruption"": 0.02663, ""maritime_security_navigation_disruption"": 0.021925}"
1598,"[""weather_disruption"", ""port_operational_disruption""]","{""weather_disruption"": 0.951105, ""natural_disaster"": 0.024948, ""port_operational_disruption"": 0.596005, ""port_closure"": 0.080522, ""labor_strike_disruption"": 0.043255, ""maritime_security_navigation_disruption"": 0.130605}"
3531,"[""weather_disruption""]","{""weather_disruption"": 0.932273, ""natural_disaster"": 0.516499, ""port_operational_disruption"": 0.171093, ""port_closure"": 0.006009, ""labor_strike_disruption"": 0.073342, ""maritime_security_navigation_disruption"": 0.022666}"
1987,"[""weather_disruption""]","{""weather_disruption"": 0.992072, ""natural_disaster"": 0.142419, ""port_operational_disruption"": 0.060101, ""port_closure"": 0.195738, ""labor_strike_disruption"": 0.012045, ""maritime_security_navigation_disruption"": 0.023863}"
2331,"[""weather_disruption"", ""port_operational_disruption""]","{""weather_disruption"": 0.976016, ""natural_disaster"": 0.016078, ""port_operational_disruption"": 0.938217, ""port_closure"": 0.314857, ""labor_strike_disruption"": 0.005935, ""maritime_security_navigation_disruption"": 0.024676}"
5632,"[""port_operational_disruption""]","{""weather_disruption"": 0.32952, ""natural_disaster"": 0.035628, ""port_operational_disruption"": 0.600501, ""port_closure"": 0.631529, ""labor_strike_disruption"": 0.074821, ""maritime_security_navigation_disruption"": 0.414603}"
1459,"[""weather_disruption"", ""port_closure""]","{""weather_disruption"": 0.950517, ""natural_disaster"": 0.007726, ""port_operational_disruption"": 0.367056, ""port_closure"": 0.932107, ""labor_strike_disruption"": 0.019323, ""maritime_security_navigation_disruption"": 0.13791}"
1838,"[""maritime_security_navigation_disruption""]","{""weather_disruption"": 0.051637, ""natural_disaster"": 0.040913, ""port_operational_disruption"": 0.206144, ""port_closure"": 0.029963, ""labor_strike_disruption"": 0.146601, ""maritime_security_navigation_disruption"": 0.888585}"
994,"[""labor_strike_disruption""]","{""weather_disruption"": 0.032783, ""natural_disaster"": 0.046738, ""port_operational_disruption"": 0.122066, ""port_closure"": 0.034196, ""labor_strike_disruption"": 0.969845, ""maritime_security_navigation_disruption"": 0.574795}"
3414,"[""weather_disruption"", ""port_operational_disruption""]","{""weather_disruption"": 0.515497, ""natural_disaster"": 0.017311, ""port_operational_disruption"": 0.558691, ""port_closure"": 0.100136, ""labor_strike_disruption"": 0.038933, ""maritime_security_navigation_disruption"": 0.342418}"
1914,"[""labor_strike_disruption""]","{""weather_disruption"": 0.081669, ""natural_disaster"": 0.016659, ""port_operational_disruption"": 0.092266, ""port_closure"": 0.055237, ""labor_strike_disruption"": 0.896496, ""maritime_security_navigation_disruption"": 0.289968}"
2949,"[""weather_disruption"", ""port_closure"", ""maritime_security_navigation_disruption""]","{""weather_disruption"": 0.94268, ""natural_disaster"": 0.02244, ""port_operational_disruption"": 0.432265, ""port_closure"": 0.943885, ""labor_strike_disruption"": 0.013144, ""maritime_security_navigation_disruption"": 0.712745}"
883,"[""weather_disruption"", ""port_closure""]","{""weather_disruption"": 0.937756, ""natural_disaster"": 0.006963, ""port_operational_disruption"": 0.404287, ""port_closure"": 0.881589, ""labor_strike_disruption"": 0.020285, ""maritime_security_navigation_disruption"": 0.555195}"
979,"[""port_operational_disruption""]","{""weather_disruption"": 0.031975, ""natural_disaster"": 0.00607, ""port_operational_disruption"": 0.969659, ""port_closure"": 0.090916, ""labor_strike_disruption"": 0.049798, ""maritime_security_navigation_disruption"": 0.183706}"
5646,"[""weather_disruption"", ""port_closure""]","{""weather_disruption"": 0.983785, ""natural_disaster"": 0.015655, ""port_operational_disruption"": 0.512694, ""port_closure"": 0.947546, ""labor_strike_disruption"": 0.012928, ""maritime_security_navigation_disruption"": 0.060157}"
4776,"[""weather_disruption"", ""port_operational_disruption""]","{""weather_disruption"": 0.933941, ""natural_disaster"": 0.00935, ""port_operational_disruption"": 0.887602, ""port_closure"": 0.315746, ""labor_strike_disruption"": 0.031541, ""maritime_security_navigation_disruption"": 0.128508}"
5172,"[""weather_disruption"", ""port_operational_disruption""]","{""weather_disruption"": 0.981384, ""natural_disaster"": 0.013199, ""port_operational_disruption"": 0.807712, ""port_closure"": 0.40006, ""labor_strike_disruption"": 0.017054, ""maritime_security_navigation_disruption"": 0.074908}"
3974,"[""port_operational_disruption"", ""labor_strike_disruption""]","{""weather_disruption"": 0.015334, ""natural_disaster"": 0.002967, ""port_operational_disruption"": 0.579406, ""port_closure"": 0.036505, ""labor_strike_disruption"": 0.991718, ""maritime_security_navigation_disruption"": 0.09976}"
3756,"[""natural_disaster""]","{""weather_disruption"": 0.097797, ""natural_disaster"": 0.990095, ""port_operational_disruption"": 0.023221, ""port_closure"": 0.003457, ""labor_strike_disruption"": 0.019219, ""maritime_security_navigation_disruption"": 0.225459}"
4013,"[""port_operational_disruption""]","{""weather_disruption"": 0.229983, ""natural_disaster"": 0.003039, ""port_operational_disruption"": 0.899605, ""port_closure"": 0.324304, ""labor_strike_disruption"": 0.019733, ""maritime_security_navigation_disruption"": 0.492526}"
3577,"[""maritime_security_navigation_disruption""]","{""weather_disruption"": 0.115055, ""natural_disaster"": 0.010214, ""port_operational_disruption"": 0.220188, ""port_closure"": 0.040005, ""labor_strike_disruption"": 0.030594, ""maritime_security_navigation_disruption"": 0.951959}"
3670,[],"{""weather_disruption"": 0.238402, ""natural_disaster"": 0.004984, ""port_operational_disruption"": 0.486925, ""port_closure"": 0.703222, ""labor_strike_disruption"": 0.214479, ""maritime_security_navigation_disruption"": 0.471798}"
5746,"[""port_operational_disruption""]","{""weather_disruption"": 0.188044, ""natural_disaster"": 0.010977, ""port_operational_disruption"": 0.96032, ""port_closure"": 0.04846, ""labor_strike_disruption"": 0.029461, ""maritime_security_navigation_disruption"": 0.076077}"
5074,"[""port_operational_disruption"", ""maritime_security_navigation_disruption""]","{""weather_disruption"": 0.004211, ""natural_disaster"": 0.027727, ""port_operational_disruption"": 0.727423, ""port_closure"": 0.015886, ""labor_strike_disruption"": 0.162478, ""maritime_security_navigation_disruption"": 0.749188}"
3755,"[""natural_disaster""]","{""weather_disruption"": 0.086819, ""natural_disaster"": 0.991822, ""port_operational_disruption"": 0.052133, ""port_closure"": 0.003678, ""labor_strike_disruption"": 0.017228, ""maritime_security_navigation_disruption"": 0.160893}"
3176,"[""labor_strike_disruption""]","{""weather_disruption"": 0.025043, ""natural_disaster"": 0.011041, ""port_operational_disruption"": 0.39743, ""port_closure"": 0.018473, ""labor_strike_disruption"": 0.954702, ""maritime_security_navigation_disruption"": 0.197449}"
3656,"[""labor_strike_disruption""]","{""weather_disruption"": 0.23569, ""natural_disaster"": 0.042137, ""port_operational_disruption"": 0.003506, ""port_closure"": 0.028271, ""labor_strike_disruption"": 0.816487, ""maritime_security_navigation_disruption"": 0.274569}"
2879,"[""weather_disruption"", ""port_operational_disruption"", ""port_closure""]","{""weather_disruption"": 0.898317, ""natural_disaster"": 0.010015, ""port_operational_disruption"": 0.568408, ""port_closure"": 0.965941, ""labor_strike_disruption"": 0.012915, ""maritime_security_navigation_disruption"": 0.081013}"
4581,"[""weather_disruption""]","{""weather_disruption"": 0.966461, ""natural_disaster"": 0.096101, ""port_operational_disruption"": 0.112706, ""port_closure"": 0.492862, ""labor_strike_disruption"": 0.008061, ""maritime_security_navigation_disruption"": 0.357436}"
1324,"[""port_operational_disruption""]","{""weather_disruption"": 0.079655, ""natural_disaster"": 0.008579, ""port_operational_disruption"": 0.961473, ""port_closure"": 0.046851, ""labor_strike_disruption"": 0.030238, ""maritime_security_navigation_disruption"": 0.648087}"
4055,"[""labor_strike_disruption""]","{""weather_disruption"": 0.029331, ""natural_disaster"": 0.047225, ""port_operational_disruption"": 0.036512, ""port_closure"": 0.011682, ""labor_strike_disruption"": 0.940345, ""maritime_security_navigation_disruption"": 0.100404}"
2385,"[""labor_strike_disruption""]","{""weather_disruption"": 0.087507, ""natural_disaster"": 0.074368, ""port_operational_disruption"": 0.011812, ""port_closure"": 0.020431, ""labor_strike_disruption"": 0.960688, ""maritime_security_navigation_disruption"": 0.044726}"
257,"[""weather_disruption"", ""port_operational_disruption"", ""port_closure""]","{""weather_disruption"": 0.931111, ""natural_disaster"": 0.008188, ""port_operational_disruption"": 0.87856, ""port_closure"": 0.832544, ""labor_strike_disruption"": 0.079291, ""maritime_security_navigation_disruption"": 0.048428}"
2696,"[""port_operational_disruption"", ""labor_strike_disruption""]","{""weather_disruption"": 0.056718, ""natural_disaster"": 0.006317, ""port_operational_disruption"": 0.558575, ""port_closure"": 0.155128, ""labor_strike_disruption"": 0.961535, ""maritime_security_navigation_disruption"": 0.104371}"
5160,"[""maritime_security_navigation_disruption""]","{""weather_disruption"": 0.137731, ""natural_disaster"": 0.003489, ""port_operational_disruption"": 0.464466, ""port_closure"": 0.030888, ""labor_strike_disruption"": 0.094274, ""maritime_security_navigation_disruption"": 0.848318}"
2790,"[""port_operational_disruption""]","{""weather_disruption"": 0.391216, ""natural_disaster"": 0.007178, ""port_operational_disruption"": 0.970592, ""port_closure"": 0.122018, ""labor_strike_disruption"": 0.044997, ""maritime_security_navigation_disruption"": 0.042392}"
4888,"[""port_operational_disruption""]","{""weather_disruption"": 0.085481, ""natural_disaster"": 0.004611, ""port_operational_disruption"": 0.967635, ""port_closure"": 0.06917, ""labor_strike_disruption"": 0.050424, ""maritime_security_navigation_disruption"": 0.117019}"
1287,"[""weather_disruption"", ""port_operational_disruption"", ""port_closure""]","{""weather_disruption"": 0.905601, ""natural_disaster"": 0.004459, ""port_operational_disruption"": 0.705818, ""port_closure"": 0.878609, ""labor_strike_disruption"": 0.079311, ""maritime_security_navigation_disruption"": 0.184758}"
4476,"[""maritime_security_navigation_disruption""]","{""weather_disruption"": 0.386609, ""natural_disaster"": 0.013575, ""port_operational_disruption"": 0.177321, ""port_closure"": 0.114927, ""labor_strike_disruption"": 0.025655, ""maritime_security_navigation_disruption"": 0.931729}"
4203,"[""weather_disruption"", ""port_operational_disruption""]","{""weather_disruption"": 0.972817, ""natural_disaster"": 0.010639, ""port_operational_disruption"": 0.855855, ""port_closure"": 0.381172, ""labor_strike_disruption"": 0.00415, ""maritime_security_navigation_disruption"": 0.043682}"
5260,"[""weather_disruption"", ""port_operational_disruption""]","{""weather_disruption"": 0.871376, ""natural_disaster"": 0.038255, ""port_operational_disruption"": 0.858961, ""port_closure"": 0.328661, ""labor_strike_disruption"": 0.014528, ""maritime_security_navigation_disruption"": 0.120765}"
5650,"[""weather_disruption"", ""port_operational_disruption""]","{""weather_disruption"": 0.534327, ""natural_disaster"": 0.004432, ""port_operational_disruption"": 0.848147, ""port_closure"": 0.290319, ""labor_strike_disruption"": 0.029669, ""maritime_security_navigation_disruption"": 0.056229}"
4341,"[""maritime_security_navigation_disruption""]","{""weather_disruption"": 0.065932, ""natural_disaster"": 0.041823, ""port_operational_disruption"": 0.469776, ""port_closure"": 0.055847, ""labor_strike_disruption"": 0.058039, ""maritime_security_navigation_disruption"": 0.889151}"
2812,"[""port_operational_disruption""]","{""weather_disruption"": 0.357871, ""natural_disaster"": 0.008428, ""port_operational_disruption"": 0.914194, ""port_closure"": 0.403557, ""labor_strike_disruption"": 0.016277, ""maritime_security_navigation_disruption"": 0.062994}"
924,"[""weather_disruption"", ""port_operational_disruption""]","{""weather_disruption"": 0.742617, ""natural_disaster"": 0.009836, ""port_operational_disruption"": 0.94186, ""port_closure"": 0.392412, ""labor_strike_disruption"": 0.012489, ""maritime_security_navigation_disruption"": 0.01898}"
3702,"[""weather_disruption""]","{""weather_disruption"": 0.918518, ""natural_disaster"": 0.133492, ""port_operational_disruption"": 0.17626, ""port_closure"": 0.105395, ""labor_strike_disruption"": 0.257236, ""maritime_security_navigation_disruption"": 0.06289}"
4992,"[""port_operational_disruption""]","{""weather_disruption"": 0.059255, ""natural_disaster"": 0.009134, ""port_operational_disruption"": 0.967006, ""port_closure"": 0.031947, ""labor_strike_disruption"": 0.054999, ""maritime_security_navigation_disruption"": 0.040084}"
3909,"[""port_operational_disruption""]","{""weather_disruption"": 0.432381, ""natural_disaster"": 0.004107, ""port_operational_disruption"": 0.694497, ""port_closure"": 0.636287, ""labor_strike_disruption"": 0.069316, ""maritime_security_navigation_disruption"": 0.341235}"
1175,"[""port_operational_disruption""]","{""weather_disruption"": 0.107047, ""natural_disaster"": 0.009362, ""port_operational_disruption"": 0.967707, ""port_closure"": 0.178219, ""labor_strike_disruption"": 0.033797, ""maritime_security_navigation_disruption"": 0.035134}"
900,"[""labor_strike_disruption""]","{""weather_disruption"": 0.012525, ""natural_disaster"": 0.015234, ""port_operational_disruption"": 0.140524, ""port_closure"": 0.059404, ""labor_strike_disruption"": 0.983979, ""maritime_security_navigation_disruption"": 0.337135}"
1089,"[""weather_disruption"", ""port_operational_disruption""]","{""weather_disruption"": 0.949689, ""natural_disaster"": 0.021667, ""port_operational_disruption"": 0.883566, ""port_closure"": 0.652975, ""labor_strike_disruption"": 0.043005, ""maritime_security_navigation_disruption"": 0.079166}"
2125,"[""port_operational_disruption""]","{""weather_disruption"": 0.437541, ""natural_disaster"": 0.023026, ""port_operational_disruption"": 0.867179, ""port_closure"": 0.312197, ""labor_strike_disruption"": 0.14727, ""maritime_security_navigation_disruption"": 0.03767}"
4871,"[""port_operational_disruption""]","{""weather_disruption"": 0.071148, ""natural_disaster"": 0.00438, ""port_operational_disruption"": 0.968325, ""port_closure"": 0.111815, ""labor_strike_disruption"": 0.064232, ""maritime_security_navigation_disruption"": 0.019238}"
5621,"[""labor_strike_disruption""]","{""weather_disruption"": 0.071127, ""natural_disaster"": 0.027743, ""port_operational_disruption"": 0.091295, ""port_closure"": 0.009092, ""labor_strike_disruption"": 0.765145, ""maritime_security_navigation_disruption"": 0.205094}"
2545,"[""weather_disruption""]","{""weather_disruption"": 0.90752, ""natural_disaster"": 0.087696, ""port_operational_disruption"": 0.14687, ""port_closure"": 0.261605, ""labor_strike_disruption"": 0.011372, ""maritime_security_navigation_disruption"": 0.496175}"
2850,"[""weather_disruption"", ""port_operational_disruption""]","{""weather_disruption"": 0.754536, ""natural_disaster"": 0.004519, ""port_operational_disruption"": 0.600088, ""port_closure"": 0.729839, ""labor_strike_disruption"": 0.23655, ""maritime_security_navigation_disruption"": 0.200823}"
4642,"[""port_operational_disruption""]","{""weather_disruption"": 0.29282, ""natural_disaster"": 0.006166, ""port_operational_disruption"": 0.951001, ""port_closure"": 0.029505, ""labor_strike_disruption"": 0.075499, ""maritime_security_navigation_disruption"": 0.058584}"
5051,"[""labor_strike_disruption""]","{""weather_disruption"": 0.105141, ""natural_disaster"": 0.011479, ""port_operational_disruption"": 0.129419, ""port_closure"": 0.237746, ""labor_strike_disruption"": 0.869297, ""maritime_security_navigation_disruption"": 0.089639}"
5360,"[""weather_disruption"", ""port_closure""]","{""weather_disruption"": 0.958583, ""natural_disaster"": 0.016685, ""port_operational_disruption"": 0.506911, ""port_closure"": 0.941959, ""labor_strike_disruption"": 0.066095, ""maritime_security_navigation_disruption"": 0.149055}"
2502,"[""labor_strike_disruption""]","{""weather_disruption"": 0.039775, ""natural_disaster"": 0.05952, ""port_operational_disruption"": 0.076954, ""port_closure"": 0.006567, ""labor_strike_disruption"": 0.983883, ""maritime_security_navigation_disruption"": 0.034582}"
2669,"[""port_operational_disruption""]","{""weather_disruption"": 0.472677, ""natural_disaster"": 0.002686, ""port_operational_disruption"": 0.870273, ""port_closure"": 0.468064, ""labor_strike_disruption"": 0.149471, ""maritime_security_navigation_disruption"": 0.18332}"
3266,"[""maritime_security_navigation_disruption""]","{""weather_disruption"": 0.044508, ""natural_disaster"": 0.01129, ""port_operational_disruption"": 0.160388, ""port_closure"": 0.080627, ""labor_strike_disruption"": 0.087305, ""maritime_security_navigation_disruption"": 0.964817}"
2379,"[""weather_disruption""]","{""weather_disruption"": 0.833693, ""natural_disaster"": 0.07899, ""port_operational_disruption"": 0.04023, ""port_closure"": 0.04364, ""labor_strike_disruption"": 0.132724, ""maritime_security_navigation_disruption"": 0.139799}"
386,"[""labor_strike_disruption""]","{""weather_disruption"": 0.070689, ""natural_disaster"": 0.01291, ""port_operational_disruption"": 0.01813, ""port_closure"": 0.035032, ""labor_strike_disruption"": 0.985971, ""maritime_security_navigation_disruption"": 0.024793}"
5675,"[""port_operational_disruption""]","{""weather_disruption"": 0.157778, ""natural_disaster"": 0.00376, ""port_operational_disruption"": 0.956153, ""port_closure"": 0.046322, ""labor_strike_disruption"": 0.039735, ""maritime_security_navigation_disruption"": 0.074292}"
1052,"[""natural_disaster""]","{""weather_disruption"": 0.176655, ""natural_disaster"": 0.96587, ""port_operational_disruption"": 0.032703, ""port_closure"": 0.008773, ""labor_strike_disruption"": 0.04482, ""maritime_security_navigation_disruption"": 0.174533}"
3549,"[""labor_strike_disruption""]","{""weather_disruption"": 0.088195, ""natural_disaster"": 0.013484, ""port_operational_disruption"": 0.073038, ""port_closure"": 0.014789, ""labor_strike_disruption"": 0.974797, ""maritime_security_navigation_disruption"": 0.025861}"
3467,"[""port_operational_disruption""]","{""weather_disruption"": 0.145497, ""natural_disaster"": 0.018651, ""port_operational_disruption"": 0.968667, ""port_closure"": 0.117438, ""labor_strike_disruption"": 0.12283, ""maritime_security_navigation_disruption"": 0.139602}"
373,"[""weather_disruption""]","{""weather_disruption"": 0.566356, ""natural_disaster"": 0.162114, ""port_operational_disruption"": 0.048894, ""port_closure"": 0.019094, ""labor_strike_disruption"": 0.125131, ""maritime_security_navigation_disruption"": 0.109599}"
3464,"[""labor_strike_disruption""]","{""weather_disruption"": 0.074141, ""natural_disaster"": 0.01162, ""port_operational_disruption"": 0.47857, ""port_closure"": 0.159286, ""labor_strike_disruption"": 0.885214, ""maritime_security_navigation_disruption"": 0.039736}"
1267,"[""weather_disruption"", ""port_closure""]","{""weather_disruption"": 0.858498, ""natural_disaster"": 0.026088, ""port_operational_disruption"": 0.176487, ""port_closure"": 0.924626, ""labor_strike_disruption"": 0.05225, ""maritime_security_navigation_disruption"": 0.532111}"
3040,"[""port_operational_disruption""]","{""weather_disruption"": 0.067137, ""natural_disaster"": 0.004679, ""port_operational_disruption"": 0.981239, ""port_closure"": 0.076879, ""labor_strike_disruption"": 0.021314, ""maritime_security_navigation_disruption"": 0.156736}"
2060,"[""weather_disruption"", ""port_operational_disruption"", ""port_closure""]","{""weather_disruption"": 0.964015, ""natural_disaster"": 0.014877, ""port_operational_disruption"": 0.688046, ""port_closure"": 0.871624, ""labor_strike_disruption"": 0.036189, ""maritime_security_navigation_disruption"": 0.099503}"
2197,"[""weather_disruption"", ""port_operational_disruption""]","{""weather_disruption"": 0.981569, ""natural_disaster"": 0.025279, ""port_operational_disruption"": 0.838813, ""port_closure"": 0.261635, ""labor_strike_disruption"": 0.035657, ""maritime_security_navigation_disruption"": 0.050939}"
1163,"[""port_operational_disruption""]","{""weather_disruption"": 0.13056, ""natural_disaster"": 0.007376, ""port_operational_disruption"": 0.957894, ""port_closure"": 0.118416, ""labor_strike_disruption"": 0.026074, ""maritime_security_navigation_disruption"": 0.018543}"
2571,"[""labor_strike_disruption""]","{""weather_disruption"": 0.047844, ""natural_disaster"": 0.036323, ""port_operational_disruption"": 0.040793, ""port_closure"": 0.009726, ""labor_strike_disruption"": 0.933249, ""maritime_security_navigation_disruption"": 0.053705}"
2736,"[""labor_strike_disruption""]","{""weather_disruption"": 0.130977, ""natural_disaster"": 0.00565, ""port_operational_disruption"": 0.292941, ""port_closure"": 0.691851, ""labor_strike_disruption"": 0.803366, ""maritime_security_navigation_disruption"": 0.468982}"
2689,"[""port_operational_disruption""]","{""weather_disruption"": 0.25928, ""natural_disaster"": 0.006645, ""port_operational_disruption"": 0.968879, ""port_closure"": 0.104133, ""labor_strike_disruption"": 0.016602, ""maritime_security_navigation_disruption"": 0.035431}"
4516,"[""port_operational_disruption"", ""maritime_security_navigation_disruption""]","{""weather_disruption"": 0.185789, ""natural_disaster"": 0.031385, ""port_operational_disruption"": 0.682185, ""port_closure"": 0.185012, ""labor_strike_disruption"": 0.027023, ""maritime_security_navigation_disruption"": 0.73114}"
5042,"[""maritime_security_navigation_disruption""]","{""weather_disruption"": 0.037252, ""natural_disaster"": 0.002962, ""port_operational_disruption"": 0.470291, ""port_closure"": 0.227707, ""labor_strike_disruption"": 0.049221, ""maritime_security_navigation_disruption"": 0.931636}"
4418,"[""weather_disruption"", ""port_closure"", ""maritime_security_navigation_disruption""]","{""weather_disruption"": 0.904483, ""natural_disaster"": 0.007953, ""port_operational_disruption"": 0.102799, ""port_closure"": 0.770949, ""labor_strike_disruption"": 0.034589, ""maritime_security_navigation_disruption"": 0.935916}"
2203,"[""weather_disruption"", ""port_closure""]","{""weather_disruption"": 0.982334, ""natural_disaster"": 0.011504, ""port_operational_disruption"": 0.490889, ""port_closure"": 0.763764, ""labor_strike_disruption"": 0.08203, ""maritime_security_navigation_disruption"": 0.086385}"
3213,"[""port_operational_disruption""]","{""weather_disruption"": 0.060313, ""natural_disaster"": 0.002992, ""port_operational_disruption"": 0.979544, ""port_closure"": 0.110196, ""labor_strike_disruption"": 0.03447, ""maritime_security_navigation_disruption"": 0.030968}"
2061,"[""port_operational_disruption"", ""maritime_security_navigation_disruption""]","{""weather_disruption"": 0.241985, ""natural_disaster"": 0.005969, ""port_operational_disruption"": 0.633975, ""port_closure"": 0.120553, ""labor_strike_disruption"": 0.039021, ""maritime_security_navigation_disruption"": 0.841821}"
3734,"[""maritime_security_navigation_disruption""]","{""weather_disruption"": 0.142002, ""natural_disaster"": 0.007909, ""port_operational_disruption"": 0.276344, ""port_closure"": 0.227023, ""labor_strike_disruption"": 0.036883, ""maritime_security_navigation_disruption"": 0.956117}"
4686,"[""weather_disruption"", ""port_closure""]","{""weather_disruption"": 0.955595, ""natural_disaster"": 0.011043, ""port_operational_disruption"": 0.528675, ""port_closure"": 0.95167, ""labor_strike_disruption"": 0.009303, ""maritime_security_navigation_disruption"": 0.025479}"
734,"[""weather_disruption""]","{""weather_disruption"": 0.99022, ""natural_disaster"": 0.243857, ""port_operational_disruption"": 0.072681, ""port_closure"": 0.0148, ""labor_strike_disruption"": 0.013459, ""maritime_security_navigation_disruption"": 0.121826}"
2516,"[""labor_strike_disruption""]","{""weather_disruption"": 0.207822, ""natural_disaster"": 0.025131, ""port_operational_disruption"": 0.03535, ""port_closure"": 0.165746, ""labor_strike_disruption"": 0.979638, ""maritime_security_navigation_disruption"": 0.007031}"
5412,"[""maritime_security_navigation_disruption""]","{""weather_disruption"": 0.198234, ""natural_disaster"": 0.028193, ""port_operational_disruption"": 0.496258, ""port_closure"": 0.06225, ""labor_strike_disruption"": 0.019547, ""maritime_security_navigation_disruption"": 0.826872}"
3225,"[""port_operational_disruption""]","{""weather_disruption"": 0.056801, ""natural_disaster"": 0.007495, ""port_operational_disruption"": 0.944996, ""port_closure"": 0.070584, ""labor_strike_disruption"": 0.065368, ""maritime_security_navigation_disruption"": 0.031674}"
5776,"[""weather_disruption""]","{""weather_disruption"": 0.988253, ""natural_disaster"": 0.074147, ""port_operational_disruption"": 0.182022, ""port_closure"": 0.016669, ""labor_strike_disruption"": 0.029122, ""maritime_security_navigation_disruption"": 0.047828}"
3941,"[""port_operational_disruption"", ""maritime_security_navigation_disruption""]","{""weather_disruption"": 0.106756, ""natural_disaster"": 0.002736, ""port_operational_disruption"": 0.609352, ""port_closure"": 0.414099, ""labor_strike_disruption"": 0.238632, ""maritime_security_navigation_disruption"": 0.728433}"
4758,"[""port_operational_disruption""]","{""weather_disruption"": 0.035703, ""natural_disaster"": 0.017151, ""port_operational_disruption"": 0.896457, ""port_closure"": 0.098015, ""labor_strike_disruption"": 0.041897, ""maritime_security_navigation_disruption"": 0.050826}"
3440,"[""port_operational_disruption""]","{""weather_disruption"": 0.414424, ""natural_disaster"": 0.01868, ""port_operational_disruption"": 0.971098, ""port_closure"": 0.088942, ""labor_strike_disruption"": 0.089334, ""maritime_security_navigation_disruption"": 0.030517}"
4104,"[""port_operational_disruption""]","{""weather_disruption"": 0.244764, ""natural_disaster"": 0.010586, ""port_operational_disruption"": 0.958751, ""port_closure"": 0.114299, ""labor_strike_disruption"": 0.020564, ""maritime_security_navigation_disruption"": 0.068884}"
4237,"[""maritime_security_navigation_disruption""]","{""weather_disruption"": 0.081869, ""natural_disaster"": 0.014048, ""port_operational_disruption"": 0.292785, ""port_closure"": 0.036788, ""labor_strike_disruption"": 0.045708, ""maritime_security_navigation_disruption"": 0.971983}"
1989,"[""weather_disruption""]","{""weather_disruption"": 0.983348, ""natural_disaster"": 0.237006, ""port_operational_disruption"": 0.04322, ""port_closure"": 0.020218, ""labor_strike_disruption"": 0.008486, ""maritime_security_navigation_disruption"": 0.106502}"
3114,"[""port_operational_disruption"", ""labor_strike_disruption""]","{""weather_disruption"": 0.086783, ""natural_disaster"": 0.013271, ""port_operational_disruption"": 0.563929, ""port_closure"": 0.186052, ""labor_strike_disruption"": 0.89922, ""maritime_security_navigation_disruption"": 0.136064}"
2553,"[""weather_disruption""]","{""weather_disruption"": 0.952762, ""natural_disaster"": 0.178921, ""port_operational_disruption"": 0.037994, ""port_closure"": 0.125372, ""labor_strike_disruption"": 0.07743, ""maritime_security_navigation_disruption"": 0.230333}"
3229,"[""port_operational_disruption""]","{""weather_disruption"": 0.118493, ""natural_disaster"": 0.006471, ""port_operational_disruption"": 0.975214, ""port_closure"": 0.094114, ""labor_strike_disruption"": 0.024314, ""maritime_security_navigation_disruption"": 0.035017}"
657,"[""port_operational_disruption""]","{""weather_disruption"": 0.113861, ""natural_disaster"": 0.006073, ""port_operational_disruption"": 0.91223, ""port_closure"": 0.273517, ""labor_strike_disruption"": 0.266604, ""maritime_security_navigation_disruption"": 0.233301}"
3535,"[""weather_disruption"", ""port_operational_disruption""]","{""weather_disruption"": 0.928211, ""natural_disaster"": 0.005636, ""port_operational_disruption"": 0.731213, ""port_closure"": 0.558619, ""labor_strike_disruption"": 0.038127, ""maritime_security_navigation_disruption"": 0.494714}"
4672,"[""weather_disruption"", ""maritime_security_navigation_disruption""]","{""weather_disruption"": 0.888416, ""natural_disaster"": 0.015642, ""port_operational_disruption"": 0.156968, ""port_closure"": 0.657404, ""labor_strike_disruption"": 0.016238, ""maritime_security_navigation_disruption"": 0.793797}"
1389,"[""weather_disruption"", ""port_operational_disruption""]","{""weather_disruption"": 0.549109, ""natural_disaster"": 0.005213, ""port_operational_disruption"": 0.960864, ""port_closure"": 0.215038, ""labor_strike_disruption"": 0.018477, ""maritime_security_navigation_disruption"": 0.032452}"
1647,"[""labor_strike_disruption""]","{""weather_disruption"": 0.035204, ""natural_disaster"": 0.00669, ""port_operational_disruption"": 0.059078, ""port_closure"": 0.011341, ""labor_strike_disruption"": 0.954431, ""maritime_security_navigation_disruption"": 0.095149}"
4417,"[""labor_strike_disruption""]","{""weather_disruption"": 0.043086, ""natural_disaster"": 0.103264, ""port_operational_disruption"": 0.039496, ""port_closure"": 0.089365, ""labor_strike_disruption"": 0.973972, ""maritime_security_navigation_disruption"": 0.092646}"
2690,"[""port_operational_disruption""]","{""weather_disruption"": 0.204745, ""natural_disaster"": 0.009333, ""port_operational_disruption"": 0.975219, ""port_closure"": 0.067488, ""labor_strike_disruption"": 0.016984, ""maritime_security_navigation_disruption"": 0.021692}"
1909,"[""weather_disruption"", ""port_operational_disruption"", ""maritime_security_navigation_disruption""]","{""weather_disruption"": 0.682881, ""natural_disaster"": 0.024634, ""port_operational_disruption"": 0.577195, ""port_closure"": 0.357721, ""labor_strike_disruption"": 0.063205, ""maritime_security_navigation_disruption"": 0.674708}"
5213,"[""maritime_security_navigation_disruption""]","{""weather_disruption"": 0.061224, ""natural_disaster"": 0.318961, ""port_operational_disruption"": 0.114279, ""port_closure"": 0.014035, ""labor_strike_disruption"": 0.061203, ""maritime_security_navigation_disruption"": 0.911947}"
5193,"[""weather_disruption""]","{""weather_disruption"": 0.788707, ""natural_disaster"": 0.269317, ""port_operational_disruption"": 0.050133, ""port_closure"": 0.05234, ""labor_strike_disruption"": 0.100579, ""maritime_security_navigation_disruption"": 0.177014}"
968,"[""weather_disruption""]","{""weather_disruption"": 0.964613, ""natural_disaster"": 0.302968, ""port_operational_disruption"": 0.064755, ""port_closure"": 0.023007, ""labor_strike_disruption"": 0.02638, ""maritime_security_navigation_disruption"": 0.201634}"
