id,input_text,stage_a_predictions,stage_b_predictions,route_to_stage_c,accepted_predictions,stage_c_route_reason,stage_b_probabilities,stage_c_predictions,stage_c_reason,fallback_used,true_risks,retrieved_ids
2766,UPDATE: Average waiting times decrease to 24-36 hours at Port of Ningbo Industry sources reported on October 1 that average waiting times for vessels calling at the port of Ningbo decreased to 24-36 hours on average. Congestion is likely to worsen as the port may close due to Typhoon Mitag's arrival.,"[""weather_disruption"", ""port_operational_disruption""]","[""port_operational_disruption""]",True,[],predictions_disagree,"{""weather_disruption"": 0.290808, ""natural_disaster"": 0.011182, ""port_operational_disruption"": 0.973238, ""port_closure"": 0.213508, ""labor_strike_disruption"": 0.019407, ""maritime_security_navigation_disruption"": 0.034194}","[""port_operational_disruption"", ""weather_disruption""]","The event mentions decreased waiting times and potential disruption due to a typhoon, aligning with port operational disruption and weather disruption risks.",False,"[""weather_disruption"", ""port_operational_disruption""]","[2765, 2755, 2788]"
4557,UPDATE 1 - Strong winds and swell still affect port maneuvers at Port of San Antonio Updated shipping sources on June 18 indicate that port maneuvers at Port of San Antonio in Chile remain restricted due to swell and strong winds. The situation is expected to improve on June 18 evening / June 19 morning.,"[""weather_disruption""]","[""weather_disruption"", ""port_operational_disruption""]",True,[],predictions_disagree,"{""weather_disruption"": 0.904355, ""natural_disaster"": 0.019683, ""port_operational_disruption"": 0.733918, ""port_closure"": 0.536902, ""labor_strike_disruption"": 0.020735, ""maritime_security_navigation_disruption"": 0.323317}","[""weather_disruption"", ""port_operational_disruption""]","The event text and retrieved examples consistently indicate weather-related disruptions and port operational issues, with no clear indication of natural disasters, labor strikes, or maritime security threats.",False,"[""weather_disruption"", ""port_operational_disruption"", ""port_closure""]","[3872, 5461, 3992]"
2574,"UPDATE - Japan: Injuries and disruption to public services reported due to Typhoon Hagibis Updated sources indicate that severe weather continues to affect northern Japan as Typhoon Hagibis moves in the northeastern direction. Weather monitoring sources confirm that landslide warnings have been issued for Aomori, Iwate, Miyagi, Yamagata, Fukushima, Ibaraki, Gunma, Tochigi, Saitama, Kanagawa, Chiba, Yamanashi, Nagano, Niigata prefectures. Tokyo Metro has ceased all operations until further notice. Multiple news sources are reporting over 60 injuries due to the conditions being experienced by the storm. In the aforementioned prefectures, flood warnings have been issued and social media sources confirm inundated roads.","[""weather_disruption"", ""natural_disaster""]","[""weather_disruption""]",True,[],predictions_disagree,"{""weather_disruption"": 0.981088, ""natural_disaster"": 0.563656, ""port_operational_disruption"": 0.019483, ""port_closure"": 0.050952, ""labor_strike_disruption"": 0.027288, ""maritime_security_navigation_disruption"": 0.057822}","[""weather_disruption"", ""natural_disaster""]","The event text describes severe weather affecting Japan due to Typhoon Hagibis, leading to landslides, flooding, and evacuation warnings. This aligns with both 'weather_disruption' and 'natural_disaster'.",False,"[""weather_disruption""]","[1718, 2577, 2580]"
2911,"UPDATE: Strong winds continues to impact Port of Fuzhou Updated sources on January 3 indicate that the Port of Fuzhou has been closed since the morning of December 30, 2018 due to strong winds. According to sources, export will not be opened until the evening of January 3. An average waiting time for vessels to berth is likely to be at least 24-hours.","[""weather_disruption"", ""port_operational_disruption""]","[""weather_disruption"", ""port_operational_disruption"", ""port_closure""]",True,[],predictions_disagree,"{""weather_disruption"": 0.922097, ""natural_disaster"": 0.008091, ""port_operational_disruption"": 0.737437, ""port_closure"": 0.848343, ""labor_strike_disruption"": 0.006329, ""maritime_security_navigation_disruption"": 0.10834}","[""port_operational_disruption"", ""port_closure""]","The stage B predictions include 'port_operational_disruption' and 'port_closure', which are supported by the retrieved examples indicating port disruptions and closures. The stage A predictions also align with these findings.",False,"[""weather_disruption"", ""port_operational_disruption""]","[2830, 3553, 2874]"
38,"American Airlines Flight Attendants to Picket at 15 Airports Across the US on Sunday, November 18 On Sunday, November 18, American Airlines flight attendants represented by the Association of Professional Flight Attendants (APFA) plan to demonstrate at 15 airports across the United States. The demonstrations will entail picketing and are scheduled to occur from 11:00 AM to 1:30 PM local time at each of the specified airports. The action has been called to commemorate the 25 th  anniversary of a strike by the airline s flight attendants, and to protest against what the union alleges are problems with American Airlines  scheduling system, an unfair sickness policy, and contract and seniority violations. 
 
	Demonstrations are scheduled for the following airports: Logan International Airport (BOS), Charlotte Douglas International Airport (CLT), Ronald Reagan Washington National Airport (DCA), Dallas/Fort Worth International Airport (DFW), Los Angeles International Airport (LAX), Newark Liberty International Airport (EWR), John F Kennedy International Airport (JFK), Miami International Airport (MIA), O Hare International Airport (ORD), Pittsburgh International Airport (ORD), Philadelphia International Airport (PHL), Phoenix Sky Harbor International Airport (PHX), Raleigh-Durham International Airport (RDU), San Francisco International Airport (SFO), and St. Louis Lambert International Airport (STL). 
 
	Assessment: According to media reports, only flight attendants who are not scheduled to be working during these hours will be participating in the demonstrations. As such, it is unlikely that the demonstrations will result in significant disruptions to American Airlines  operations. Details were not immediately available regarding expected participation at individual actions. Air travelers are advised to contact their airline for any flight-specific information, and should also anticipate the possibility of increased congestion at impacted airports.","[""port_operational_disruption"", ""labor_strike_disruption""]","[""labor_strike_disruption""]",True,[],predictions_disagree,"{""weather_disruption"": 0.020523, ""natural_disaster"": 0.001719, ""port_operational_disruption"": 0.100335, ""port_closure"": 0.012771, ""labor_strike_disruption"": 0.990487, ""maritime_security_navigation_disruption"": 0.218259}","[""labor_strike_disruption""]","The event text describes a labor strike by American Airlines flight attendants, which aligns with the predicted risk of 'labor_strike_disruption'. There is no mention of weather disruption, natural disasters, port operational disruption, port closure, or maritime security navigation disruption in the provided text.",False,"[""labor_strike_disruption""]","[798, 797, 3164]"
2342,Strong winds likely to affect Jeddah Port Shipping sources on December 9 report that strong winds may disrupt vessel movements due to low visibility at the Port of Jeddah.,"[""weather_disruption""]","[""weather_disruption"", ""port_operational_disruption""]",True,[],predictions_disagree,"{""weather_disruption"": 0.993254, ""natural_disaster"": 0.016673, ""port_operational_disruption"": 0.838718, ""port_closure"": 0.306987, ""labor_strike_disruption"": 0.012242, ""maritime_security_navigation_disruption"": 0.181367}","[""weather_disruption"", ""port_operational_disruption""]","The event text and retrieved examples consistently indicate disruptions caused by strong winds leading to port operational issues, aligning with 'weather_disruption' and 'port_operational_disruption'.",False,"[""weather_disruption"", ""port_operational_disruption""]","[620, 2816, 2341]"
4480,"UPDATE 1 - New York Ports return to normal operations following Tropical Storm Isaias Updated sources indicated on August 5 that the Port of New York and New Jersey, the Port Newark Elizabeth Marine Terminal, and the Port of Albany have returned to normal operations following the passage of Tropical Storm Isaias.","[""weather_disruption""]","[""weather_disruption"", ""port_operational_disruption""]",True,[],predictions_disagree,"{""weather_disruption"": 0.900982, ""natural_disaster"": 0.004622, ""port_operational_disruption"": 0.65727, ""port_closure"": 0.542826, ""labor_strike_disruption"": 0.019078, ""maritime_security_navigation_disruption"": 0.606381}","[""weather_disruption"", ""port_operational_disruption""]","The event mentions the return to normal operations after a tropical storm, indicating weather disruption. The stage B predictions also include port operational disruption, supported by similar recent events.",False,"[""weather_disruption"", ""port_operational_disruption""]","[4508, 1928, 3998]"
2878,"UPDATE: Port of Ningbo closes due to Typhoon Mitag Shipping sources on October 2 indicate that the Port of Ningbo has been closed since 18:00 local time on September 30 due to Typhoon Mitag. According to sources, the port is likely to reopen and resume operations in the evening hours of October 2. Customers are advised to expect delays and congestion following the re-opening of the port.","[""weather_disruption"", ""port_operational_disruption""]","[""weather_disruption"", ""port_closure""]",True,[],predictions_disagree,"{""weather_disruption"": 0.939248, ""natural_disaster"": 0.011975, ""port_operational_disruption"": 0.403927, ""port_closure"": 0.973699, ""labor_strike_disruption"": 0.01019, ""maritime_security_navigation_disruption"": 0.173964}","[""weather_disruption"", ""port_closure""]","The event text clearly mentions a port closure due to Typhoon Mitag, aligning with 'weather_disruption' and 'port_closure'. The stage B predictions also support these risks with high probabilities (93.92% for weather disruption and 97.37% for port closure). The retrieved examples further confirm the presence of these risks with similar events involving typhoons causing port closures and disruptions.",False,"[""weather_disruption"", ""port_closure""]","[2879, 3977, 3978]"
2117,"Port workers’ assembly disrupts operations at APM Terminals in Barcelona Shipping sources on November 14 indicate that gate, rail and vessel operations will likely be disrupted due to a workers’ assembly on November 14 between 07:00 and 09:00 local time.  No further information was immediately available.","[""port_operational_disruption""]","[""port_operational_disruption"", ""labor_strike_disruption""]",True,[],predictions_disagree,"{""weather_disruption"": 0.085994, ""natural_disaster"": 0.017898, ""port_operational_disruption"": 0.62813, ""port_closure"": 0.353806, ""labor_strike_disruption"": 0.76382, ""maritime_security_navigation_disruption"": 0.225618}","[""port_operational_disruption"", ""labor_strike_disruption""]","The event text clearly mentions a labor strike disrupting operations, and the stage B predictions also include labor strike disruption. The retrieved examples support this with similar events involving labor strikes and operational disruptions.",False,"[""port_operational_disruption"", ""labor_strike_disruption""]","[5373, 3025, 2785]"
4146,"Some rerouted cargo through Saint John, NB likely to require additional filings Sources indicate that some unspecified cargo types disrupted by the strike at the Port of Montreal and rerouted through Saint John, New Brunswick are likely to require additional regulatory filings with the US Food and Drug Administration by cargo owners. It is understood that cargo serviced by CP Rail out of Saint John, New Brunswick passes through the United States. The following point of contact at CP Rail is understood to be able to assist with filing arrangements: Paul_Weiss@cpr.ca. 

The following are information understood to be required by the US FDA: 
FDA REQUIREMENTS:
•	Country from which product is being shipped 
•	FDA product code -b. FDA product code 
o	https://www.accessdata.fda.gov/scripts/ora/pcb/index.cfm?action=main.pcb 
•	Lot, code number or other identifier ( if food product this is required) 
•	Common product name or market name 
•	Estimated quantity 
•	Base unit 
•	Package unit 
•	Country of Production 
•	Food Facility Registration number 
•	$ Value of load 
•	Manufacturer name and street addressed with city, province, country, postal code 
•	Shipper name, street address, city, province, country, postal code 
•	Owner name, street address, city, province, country, postal code","[""labor_strike_disruption""]","[""maritime_security_navigation_disruption""]",True,[],predictions_disagree,"{""weather_disruption"": 0.012902, ""natural_disaster"": 0.03233, ""port_operational_disruption"": 0.199541, ""port_closure"": 0.003542, ""labor_strike_disruption"": 0.280944, ""maritime_security_navigation_disruption"": 0.861528}","[""labor_strike_disruption"", ""maritime_security_navigation_disruption""]","The event mentions a strike at the Port of Montreal, leading to rerouting of cargo through Saint John, NB. This indicates a labor strike disruption. Additionally, the event discusses additional regulatory filings, suggesting maritime security navigation disruption.",False,"[""port_operational_disruption"", ""labor_strike_disruption""]","[4571, 841, 4420]"
4642,"UPDATE 2 - Average waiting times at DP World Australia in Sydney decrease to 2 days; recovery expected on June 3 Updated shipping sources on June 2 indicate that the average waiting times for inbound vessels at DP World Australia terminals in Sydney decreased to 40-48 hours from the previous 56-65 hours. Full recovery can be expected by June 3, although forecasts of strong winds and high surges may impact the recovery plan from June 2-4.","[""weather_disruption"", ""port_operational_disruption""]","[""port_operational_disruption""]",True,[],predictions_disagree,"{""weather_disruption"": 0.29282, ""natural_disaster"": 0.006166, ""port_operational_disruption"": 0.951001, ""port_closure"": 0.029505, ""labor_strike_disruption"": 0.075499, ""maritime_security_navigation_disruption"": 0.058584}","[""weather_disruption"", ""port_operational_disruption""]","The event mentions waiting times decreasing but also notes strong winds and high surges that may impact recovery, indicating both weather-related disruptions and operational issues. The stage B predictions and retrieved examples support these risks.",False,"[""weather_disruption"", ""port_operational_disruption""]","[4875, 4601, 827]"
4213,Strong winds likely to impact Port of Ningbo operations on May 30 Shipping sources on May 29 indicate that strong wind is forecast in the area of Port of Ningbo from May 30 early morning. It poses a high risk of port closure during this time.,"[""weather_disruption"", ""port_closure""]","[""weather_disruption"", ""port_operational_disruption"", ""port_closure""]",True,[],predictions_disagree,"{""weather_disruption"": 0.986123, ""natural_disaster"": 0.009291, ""port_operational_disruption"": 0.834239, ""port_closure"": 0.766906, ""labor_strike_disruption"": 0.003676, ""maritime_security_navigation_disruption"": 0.034441}","[""weather_disruption"", ""port_closure""]",The event text and stage B predictions indicate a high risk of port closure and weather disruption. Supporting examples confirm similar risks with varying levels of confidence.,False,"[""weather_disruption"", ""port_operational_disruption""]","[5644, 3630, 4635]"
4564,UPDATE 1 - Strong winds likely to force port closure at the Port of Shanghai on April 16 and April 17 Sources indicate on April 15 that terminal operations are likely to be suspended due to strong winds on April 16 and 17 at the Port of Shanghai.,"[""weather_disruption"", ""port_closure""]","[""weather_disruption"", ""port_operational_disruption"", ""port_closure""]",True,[],predictions_disagree,"{""weather_disruption"": 0.969691, ""natural_disaster"": 0.005764, ""port_operational_disruption"": 0.742614, ""port_closure"": 0.974108, ""labor_strike_disruption"": 0.017831, ""maritime_security_navigation_disruption"": 0.074229}","[""weather_disruption"", ""port_closure""]","The event text and stage B predictions indicate a high likelihood of strong winds leading to a port closure at the Port of Shanghai, supported by similar past events.",False,"[""weather_disruption"", ""port_closure""]","[2373, 2093, 4205]"
953,"USA, New York: Disruption possible during rally at Washington Square Park in Rochester, NY A rally to commemorate the one-year anniversary of Hurricane Maria is due to take place today at Washington Square Park in Rochester, NY. Commencing at 10:00 local time, few further details are known, although the action has been planned in solidarity with Puerto Ricans that were impacted by the disaster, following nationwide protests on 20 September. Localised disruption is possible if a significant number of people attend. Travellers are advised to bypass the location to mitigate against any potential disruption.","[""weather_disruption""]","[""weather_disruption"", ""labor_strike_disruption""]",True,[],predictions_disagree,"{""weather_disruption"": 0.592374, ""natural_disaster"": 0.045697, ""port_operational_disruption"": 0.079839, ""port_closure"": 0.034589, ""labor_strike_disruption"": 0.696104, ""maritime_security_navigation_disruption"": 0.017917}","[""weather_disruption"", ""labor_strike_disruption""]","The event mentions a rally commemorating Hurricane Maria, which could lead to localized disruption. Labor strike predictions are also supported by recent protests and the Global Climate Strikes mentioned in the retrieved examples.",False,"[""labor_strike_disruption""]","[799, 225, 2994]"
3431,"Dense fog likely to impact operations at the Port of Qingdao on March 6-7 Sources indicate on March 4 that dense fog at the Port of Qingdao is expected from the evening of March 6 until the evening of March 7. According to sources, the fog is raising the risk of port closure to high. No further details have been disclosed about the expected impact on operations.","[""port_operational_disruption"", ""port_closure""]","[""weather_disruption"", ""port_operational_disruption""]",True,[],predictions_disagree,"{""weather_disruption"": 0.950937, ""natural_disaster"": 0.009076, ""port_operational_disruption"": 0.774032, ""port_closure"": 0.569984, ""labor_strike_disruption"": 0.018363, ""maritime_security_navigation_disruption"": 0.049691}","[""weather_disruption"", ""port_operational_disruption"", ""port_closure""]","The event text and retrieved examples consistently indicate dense fog causing port operational disruptions and potential closures, aligning with the predicted risks.",False,"[""weather_disruption"", ""port_closure""]","[4651, 4679, 4518]"
2216,"Sharm al-Sheikh port closed due to heavy winds and high waves Media sources indicated that the Red Sea Port Authority closed the Sharm al-Sheikh port and the Alexandria Port Authority closed the ports of Alexandria and Dekheila on March 30 due to poor weather conditions. The Alexandria and Dekheila ports were shut down due to high waves and wind speed, although loading and unloading of vessels and movement of goods to and from the ports is still continuing. The Sharm al-Sheik port was closed following wind speeds between 22 and 28 knots and waves between 3 and 4 meters high.","[""port_closure""]","[""weather_disruption"", ""port_closure""]",True,[],predictions_disagree,"{""weather_disruption"": 0.916633, ""natural_disaster"": 0.026559, ""port_operational_disruption"": 0.419819, ""port_closure"": 0.940652, ""labor_strike_disruption"": 0.017519, ""maritime_security_navigation_disruption"": 0.561676}","[""port_closure"", ""weather_disruption""]","The event describes a port closure due to severe weather conditions, matching 'port_closure' and 'weather_disruption' risks from the taxonomy.",False,"[""weather_disruption"", ""port_closure""]","[2948, 2949, 1496]"
4507,UPDATE 1 - Port of Charleston - The port has reopened following passage of Tropical Storm Isaias. Event closed. Government sources report the Port of Charleston has reopened following the passage of Tropical Storm Isaias. This event is closed.,"[""weather_disruption""]","[""weather_disruption"", ""port_closure"", ""maritime_security_navigation_disruption""]",True,[],predictions_disagree,"{""weather_disruption"": 0.977917, ""natural_disaster"": 0.012414, ""port_operational_disruption"": 0.173365, ""port_closure"": 0.945234, ""labor_strike_disruption"": 0.013997, ""maritime_security_navigation_disruption"": 0.686537}","[""weather_disruption"", ""port_closure""]","The stage B predictions include 'weather_disruption' due to the mention of Tropical Storm Isaias, 'port_closure' because the port has reopened after being closed, and 'maritime_security_navigation_disruption' is less likely given the context of reopening. The retrieved examples support 'weather_disruption' and 'port_closure'.",False,"[""weather_disruption"", ""port_closure""]","[2045, 883, 878]"
2309,"Strike at Port of Balboa impedes cargo movements Local sources on January 22 indicate that crane operators are on strike at the Port of Balboa. While negotiations are underway, the strike has left the streets blocked with limited access to the port. Hence, movements of cargo have been impacted. Customers with the shipments planned for Port of Balboa are advice to hold shipments until the strikes end.","[""labor_strike_disruption""]","[""port_operational_disruption"", ""labor_strike_disruption""]",True,[],predictions_disagree,"{""weather_disruption"": 0.069661, ""natural_disaster"": 0.008537, ""port_operational_disruption"": 0.65101, ""port_closure"": 0.116811, ""labor_strike_disruption"": 0.907975, ""maritime_security_navigation_disruption"": 0.065075}","[""labor_strike_disruption"", ""port_operational_disruption""]","The event describes a labor strike at Port of Balboa that has led to cargo movements being impacted and port operations being disrupted. The stage B predictions include both labor strike disruption and port operational disruption, supported by the retrieved examples which confirm ongoing strikes and their impact on port operations.",False,"[""port_operational_disruption"", ""labor_strike_disruption""]","[478, 2037, 1668]"
4011,"Port of Yokohama closed on July 1 due to strong winds Shipping sources report on July 1 that the Port of Yokohama, Japan, was closed on July 1 due to strong winds in the area, which are expected to continue until the end of the day.","[""weather_disruption""]","[""weather_disruption"", ""port_closure""]",True,[],predictions_disagree,"{""weather_disruption"": 0.94454, ""natural_disaster"": 0.036987, ""port_operational_disruption"": 0.258271, ""port_closure"": 0.980914, ""labor_strike_disruption"": 0.011742, ""maritime_security_navigation_disruption"": 0.185139}","[""weather_disruption"", ""port_closure""]","The stage A predictions and the majority of stage B predictions agree on 'weather_disruption' and 'port_closure'. The retrieved examples also support these risks, indicating that strong winds led to a port closure.",False,"[""weather_disruption"", ""port_closure""]","[2103, 494, 4206]"
1906,"Ocean freight imports to France continue to be routed via Antwerp, other gateways until mid-January - UPDATE 1 Intelligence received by Everstream Analytics indicates on January 8 that due to the continuous strike movements at French ports until at least January 11, container lines continue to bypass French ports and discharge import shipments at other European gateways, including Antwerp. Freight forwarders and shipping lines have already started to impose a freeze on all bookings departing French ports, and this is likely to be extended until at least mid-January 2020. Customers should expect delays and additional costs due to required feeder or trucking services to reach the final destination from other European gateways.","[""labor_strike_disruption""]","[""port_operational_disruption""]",True,[],predictions_disagree,"{""weather_disruption"": 0.078484, ""natural_disaster"": 0.003282, ""port_operational_disruption"": 0.942923, ""port_closure"": 0.084117, ""labor_strike_disruption"": 0.387438, ""maritime_security_navigation_disruption"": 0.312825}","[""labor_strike_disruption"", ""port_operational_disruption""]","The event text describes a labor strike disrupting French ports, leading to container lines bypassing French ports and discharging shipments at other European gateways. This aligns with the predicted risks of labor strike disruption and port operational disruption.",False,"[""port_operational_disruption"", ""labor_strike_disruption"", ""maritime_security_navigation_disruption""]","[4481, 1397, 1856]"
2844,UPDATE: Non-cooperation movements from truckers at India’s JNPT called off Updated industry sources indicated on October 5 that non-cooperation movements by truckers serving India’s Jawaharlal Nehru Port Trust (JNPT)  have reportedly been called off and operations are expected to return to normal soon. Previous sources indicated on October 3 that the protest began on October 3 and significantly disrupted road freight movement and disrupted cargo lifts for vessels at berth or waiting in line to call at the port.,"[""port_operational_disruption""]","[""labor_strike_disruption""]",True,[],predictions_disagree,"{""weather_disruption"": 0.010447, ""natural_disaster"": 0.00862, ""port_operational_disruption"": 0.374564, ""port_closure"": 0.116558, ""labor_strike_disruption"": 0.920633, ""maritime_security_navigation_disruption"": 0.275799}","[""port_operational_disruption"", ""labor_strike_disruption""]","The event text indicates a disruption due to non-cooperation movements by truckers, which aligns with both port operational disruption and labor strike disruption. The stage B predictions also support these risks, with higher probabilities for port operational disruption and labor strike disruption compared to other risks.",False,"[""labor_strike_disruption""]","[836, 4458, 913]"
2825,"UPDATE: Houston Ship Channel reopened after Greenpeace demonstration Local media sources indicate on September 12 that 22 demonstrators affiliated with Greenpeace USA created a blockade on the Fred Hartman Bridge between La Porte and Baytown in the Houston Ship Channel on the morning of September 12. 11 of the demonstrators were dangling on the side of the bridge in order to brandish ribbons and streamers for the intent of halting traffic. United States Coast Guard (USCG) Sector Houston-Galveston closed a portion of the channel at 06:30 on September 12 shortly after the 11 demonstrators descended, sending a 29-foot Response Boat with a small crew to the scene, who are jointed by Harris County constables. Those conducting business in the Houston Ship Channel should anticipate mild interruptions to ordinary business and should plan accordingly.","[""maritime_security_navigation_disruption""]","[""labor_strike_disruption"", ""maritime_security_navigation_disruption""]",True,[],predictions_disagree,"{""weather_disruption"": 0.225054, ""natural_disaster"": 0.009946, ""port_operational_disruption"": 0.09174, ""port_closure"": 0.154872, ""labor_strike_disruption"": 0.774525, ""maritime_security_navigation_disruption"": 0.872915}","[""labor_strike_disruption"", ""maritime_security_navigation_disruption""]","The event describes a labor strike by Greenpeace activists causing a blockade on the Fred Hartman Bridge, leading to a closure of a portion of the Houston Ship Channel. Maritime security and navigation disruption risks are also supported by the description of the blockade and the involvement of the US Coast Guard.",False,"[""port_operational_disruption"", ""labor_strike_disruption"", ""maritime_security_navigation_disruption""]","[1662, 1591, 2974]"
3958,Port of Hong Kong shut down operations on June 14 due to Tropical Storm Nuri Shipping sources on June 15 report that the Port of Hong Kong shut down operations on June 14 due to Tropical Storm Nuri which made landfall in southern China near Yangjiang City in the early morning hours. The port was expected to reopen gates as of the afternoon on June 14.,"[""weather_disruption""]","[""weather_disruption"", ""port_closure""]",True,[],predictions_disagree,"{""weather_disruption"": 0.886998, ""natural_disaster"": 0.007284, ""port_operational_disruption"": 0.215726, ""port_closure"": 0.943641, ""labor_strike_disruption"": 0.014526, ""maritime_security_navigation_disruption"": 0.365967}","[""weather_disruption"", ""port_closure""]","The event describes a full port closure due to Tropical Storm Nuri, supported by similar past events with high similarity scores indicating consistent patterns of port closures during severe weather.",False,"[""weather_disruption"", ""port_closure""]","[4010, 4002, 3984]"
4127,Shanghai Waigaoqiao Terminal closes temporarily due to dense fog Shipping sources indicate on May 18 that the Shanghai Waigaoqiao Terminal has closed from 18:20 local time on May 16 until 10:00 local time on May 17 due to dense fog. Customers shipping through the Shanghai Waigaoqiao Terminal should expect possible disruptions to operations and plan accordingly.,"[""port_closure""]","[""weather_disruption"", ""port_closure""]",True,[],predictions_disagree,"{""weather_disruption"": 0.969183, ""natural_disaster"": 0.010714, ""port_operational_disruption"": 0.157805, ""port_closure"": 0.965737, ""labor_strike_disruption"": 0.033269, ""maritime_security_navigation_disruption"": 0.068986}","[""port_closure"", ""weather_disruption""]","The event describes a port closure due to dense fog, which aligns with both predicted risks and stage B predictions.",False,"[""weather_disruption"", ""port_closure""]","[5364, 3709, 3999]"
2874,"UPDATE: Port of Fuzhou faces intermittent disruption Shipping sources on April 26 report that Port of Fuzhou was briefly closed due to dense fog on April 25 from 05:10 (local time) to 12:30. As a result, an average waiting time for vessels to berth is likely to be around 12-hours or more. Moreover, there is a high risk of pilot suspension from the evening of April 25 to the next day morning due to bad weather.","[""port_operational_disruption""]","[""weather_disruption"", ""port_operational_disruption""]",True,[],predictions_disagree,"{""weather_disruption"": 0.812493, ""natural_disaster"": 0.005637, ""port_operational_disruption"": 0.851433, ""port_closure"": 0.683497, ""labor_strike_disruption"": 0.019665, ""maritime_security_navigation_disruption"": 0.089634}","[""weather_disruption"", ""port_operational_disruption""]","The event text describes a port closure and increased waiting times due to dense fog, which aligns with both weather disruption and port operational disruption risks.",False,"[""weather_disruption"", ""port_operational_disruption""]","[2830, 2911, 3955]"
1857,"Multiple crane breakdowns reported at Port of Durban Terminal 1 Sources indicate that on September 5 beginning at 14:00 local time, the rubber-tired gantry crane in Import Block G2 broke down under heavy rain conditions. Additional breakdowns of the crane have been reported since that time. Shippers with cargo transiting Terminal 1, particularly Import Block G2 at the port should anticipate delays.","[""weather_disruption""]","[""weather_disruption"", ""port_operational_disruption""]",True,[],predictions_disagree,"{""weather_disruption"": 0.515221, ""natural_disaster"": 0.027477, ""port_operational_disruption"": 0.97687, ""port_closure"": 0.122232, ""labor_strike_disruption"": 0.027048, ""maritime_security_navigation_disruption"": 0.046158}","[""weather_disruption"", ""port_operational_disruption""]","The event text mentions multiple crane breakdowns due to heavy rain, indicating a weather disruption. The stage B predictions include both weather disruption and port operational disruption, supported by similar events in the retrieved examples.",False,"[""weather_disruption"", ""port_operational_disruption""]","[430, 3466, 5102]"
3284,"Canadian National Railway adjusting operations amid Port of Montreal strike Media sources indicated on August 12 that Canadian railway CN is relying on port terminals in Halifax and elsewhere on the east coast as longshore workers continue to strike at the Port of Montreal. The developments come amid reports last week that vessels bound for Montreal being diverted and containers already there sitting at the port. The Canadian National Railway is a Canadian Class I freight railway headquartered in Montreal, Quebec, that serves Canada and the Midwestern and Southern United States.","[""labor_strike_disruption""]","[""port_operational_disruption"", ""labor_strike_disruption""]",True,[],predictions_disagree,"{""weather_disruption"": 0.026752, ""natural_disaster"": 0.027034, ""port_operational_disruption"": 0.69708, ""port_closure"": 0.019921, ""labor_strike_disruption"": 0.717997, ""maritime_security_navigation_disruption"": 0.13784}","[""labor_strike_disruption"", ""port_operational_disruption""]","The event text mentions a strike at the Port of Montreal, aligning with 'labor_strike_disruption'. Additionally, the stage B predictions include 'port_operational_disruption', supported by the retrieved examples indicating port congestion and delays.",False,"[""port_operational_disruption"", ""labor_strike_disruption""]","[3332, 2145, 1369]"
901,"UPDATE: Severe winds cause suspension at both Pier 1 and 2 terminals Local sources reported that waterside and landside operations have been suspended due to severe winds at Pier 1 Container Terminal at the Port of Durban from 17:00 (local time) on August 25. Updated sources also suggest that Pier 2 Container Terminal for berth 203 and 204 have also been on standby since 14:20 and operations at 202 were halted from 15:00. However, landside and rail operations remain open. It is unknown at this time when the situation would likely return to normalcy.","[""weather_disruption""]","[""weather_disruption"", ""port_operational_disruption""]",True,[],predictions_disagree,"{""weather_disruption"": 0.940984, ""natural_disaster"": 0.008606, ""port_operational_disruption"": 0.928773, ""port_closure"": 0.611552, ""labor_strike_disruption"": 0.027029, ""maritime_security_navigation_disruption"": 0.108839}","[""weather_disruption"", ""port_operational_disruption""]","The event text describes severe winds causing suspension at multiple terminals, which aligns with 'weather_disruption' and 'port_operational_disruption'. The stage B predictions and retrieved examples support these risks with high similarity scores.",False,"[""weather_disruption"", ""port_operational_disruption""]","[881, 2861, 3097]"
403,Navigation restriction in place at Port of Santos Local sources indicated that restriction for vessels’ navigation are currently in place at Port of Santos for unspecified reasons. The restrictions are likely to cause vessels’ delays and congestions.  Customers with shipment interests to the port are advised to liaise with local carriers to understand the measures in place.,"[""maritime_security_navigation_disruption""]","[""port_operational_disruption""]",True,[],predictions_disagree,"{""weather_disruption"": 0.090921, ""natural_disaster"": 0.057107, ""port_operational_disruption"": 0.755567, ""port_closure"": 0.114148, ""labor_strike_disruption"": 0.115668, ""maritime_security_navigation_disruption"": 0.642159}","[""maritime_security_navigation_disruption"", ""port_operational_disruption""]","The event text mentions navigation restrictions and potential delays/congestions, which align with maritime security navigation disruption and port operational disruption risks. The stage B predictions also support these risks, with the highest probability for port operational disruption.",False,"[""port_operational_disruption"", ""maritime_security_navigation_disruption""]","[3993, 425, 672]"
1766,"Low visibility may affect operations at Port of Houston According to shipping sources on May 9, smoke rising from agricultural fires across Central America is likely to cause haze and may lower visibility at the ports around Gulf of Mexico, particularly at Port of Houston.","[""port_operational_disruption""]","[""weather_disruption"", ""port_operational_disruption""]",True,[],predictions_disagree,"{""weather_disruption"": 0.860826, ""natural_disaster"": 0.010599, ""port_operational_disruption"": 0.686015, ""port_closure"": 0.211614, ""labor_strike_disruption"": 0.05804, ""maritime_security_navigation_disruption"": 0.463274}","[""weather_disruption"", ""port_operational_disruption""]","The event text mentions low visibility affecting operations at Port of Houston due to smoke from agricultural fires, which aligns with weather disruption and port operational disruption risks. The stage B predictions also support these risks with high probabilities.",False,"[""weather_disruption"", ""port_operational_disruption""]","[1762, 3535, 1546]"
2401,"Ten Activists Arrested over Weekend Attempting to Block Dover Port During Week of Climate Actions On Saturday, ten climate activists were arrested during a protest attempting to block the Port of Dover. Four activists held a sit-in at the Eastern Docks Roundabout, with some protesters blocking the A20 near the port. Police had cordoned off part of the westbound A20 for protesters to demonstrate legally, but multiple activists also went onto the A2, where police had been diverting traffic. Several demonstrators on the A2 glued themselves to the road before being removed by authorities. The action was conducted under the Extinction Rebellion protest group. The port said it was working with Kent Police to manage  intermittent delays  from the demonstration. No instances of violence were reported during the protest.

Assessment: The demonstration on Saturday followed on the worldwide Global Climate Strike mobilization over climate change, and it is part of a week of demonstration activity around the globe to press governments to take greater action to combat climate change. While police on Saturday sought to protect the right of protesters to demonstrate legally within designated areas of roadway near the port, the protesters efforts to disrupt port and road traffic was effective in causing some disruptions and drawing attention to the demonstration, despite a relatively low number of people involved. Extinction Rebellion activists have advocated nonviolent civil disobedience to advance their causes and have previously held an array of actions effective in causing disruptions and drawing attention while requiring relatively low participation levels. Extinction Rebellion has called for two weeks of protests in central London from Monday, October 7, with the aim of having greater impact than a similar two-week London protest in April. Protests beyond the scope of conventionally authorized rallies or marches that are seeking to cause disruption are frequently not announced in advance. While such climate protests have been largely peaceful, confrontation and incidents of unrest around such events cannot be ruled out. Resilience360 customers are advised to continue monitoring associated developments for possible actions throughout this week and in October, to anticipate potential disruptions around any targeted site, and to exercise caution near all protest activity.","[""port_operational_disruption"", ""labor_strike_disruption""]","[""labor_strike_disruption""]",True,[],predictions_disagree,"{""weather_disruption"": 0.047722, ""natural_disaster"": 0.00624, ""port_operational_disruption"": 0.138428, ""port_closure"": 0.012531, ""labor_strike_disruption"": 0.988903, ""maritime_security_navigation_disruption"": 0.143873}","[""labor_strike_disruption""]","The provided event text and retrieved examples consistently indicate labor strike disruption as the primary risk. The protests described involve non-violent civil disobedience aimed at disrupting operations and drawing attention to climate change issues, aligning with labor strike disruption risks.",False,"[""labor_strike_disruption""]","[3853, 700, 2484]"
4087,"Restrictions continue at Port of New York/New Jersey amid COVID-19 Industry sources indicated on August 23 that restrictions continue at the Port of New York/New Jersey amid COVID-19. Vessel cargo operations are not affected and are still being conducted with little or no delays. Crew changes being impacted and most ship owners are having crews tested for COVID-19 upon arrival at New York/New Jersey prior to joining vessels. While there have been few (if any) confirmed positive crew members arriving in the U.S. via ship, there have been vessels delayed entry into U.S. ports for not providing timely submission of attestation letters where required.","[""port_operational_disruption""]","[""maritime_security_navigation_disruption""]",True,[],predictions_disagree,"{""weather_disruption"": 0.117397, ""natural_disaster"": 0.002012, ""port_operational_disruption"": 0.493837, ""port_closure"": 0.134989, ""labor_strike_disruption"": 0.111063, ""maritime_security_navigation_disruption"": 0.86396}","[""port_operational_disruption"", ""maritime_security_navigation_disruption""]",The event mentions port operational disruptions due to crew changes and maritime security navigation disruptions due to COVID-19 related restrictions and crew testing requirements.,False,"[""maritime_security_navigation_disruption""]","[4837, 5479, 4102]"
3718,Low visibility likely to impact operations at the Port of Busan on July 10 - 11 Local sources on July 8 report that low visibility is likely to impact port operations at the Port of Busan from July 10 morning until July 11 afternoon. This poses a moderate risk of port closure.,"[""port_operational_disruption"", ""port_closure""]","[""weather_disruption"", ""port_operational_disruption""]",True,[],predictions_disagree,"{""weather_disruption"": 0.757932, ""natural_disaster"": 0.010357, ""port_operational_disruption"": 0.763218, ""port_closure"": 0.66867, ""labor_strike_disruption"": 0.030584, ""maritime_security_navigation_disruption"": 0.430155}","[""weather_disruption"", ""port_operational_disruption"", ""port_closure""]","The event text and stage B predictions include 'weather_disruption', 'port_operational_disruption', and 'port_closure'. The retrieved examples support these risks with similar themes of low visibility causing port disruptions and closures.",False,"[""weather_disruption"", ""port_operational_disruption""]","[3720, 1615, 2368]"
2330,Strong winds expected at Port of Busan Shipping sources indicate that strong winds are expected from the evening of November 13 until the next day morning. Intermittent disruptions can be expected.,"[""weather_disruption""]","[""weather_disruption"", ""port_operational_disruption""]",True,[],predictions_disagree,"{""weather_disruption"": 0.98751, ""natural_disaster"": 0.007351, ""port_operational_disruption"": 0.833506, ""port_closure"": 0.306664, ""labor_strike_disruption"": 0.011347, ""maritime_security_navigation_disruption"": 0.051937}","[""weather_disruption"", ""port_operational_disruption""]","The event text indicates strong winds expected at Port of Busan, which aligns with 'weather_disruption'. The stage B predictions also include 'port_operational_disruption' due to intermittent disruptions mentioned in the event text.",False,"[""weather_disruption"", ""port_operational_disruption""]","[4194, 5449, 4169]"
3761,Maintenance works at Port of Balboa likely to cause berth congestion Shipping sources on January 29 indicate that maintenance works on cranes at the Port of Balboa until February 10 are likely to cause berth congestion for arriving ships. Customers should expect delays on shipments going through the port.,"[""port_operational_disruption""]","[""weather_disruption"", ""port_operational_disruption""]",True,[],predictions_disagree,"{""weather_disruption"": 0.706875, ""natural_disaster"": 0.006603, ""port_operational_disruption"": 0.973282, ""port_closure"": 0.277333, ""labor_strike_disruption"": 0.024531, ""maritime_security_navigation_disruption"": 0.058332}","[""port_operational_disruption""]",The event text and stage B predictions strongly indicate port operational disruption due to maintenance works causing berth congestion. The retrieved examples support this prediction with similar themes of maintenance leading to port congestion.,False,"[""port_operational_disruption""]","[3395, 2038, 5102]"
3699,Logistics companies close offices in Le Havre due to anticipated strike action Intelligence received by Everstream Analytics indicates that several logistics companies will preemptively close their offices in the port area of Le Havre due to an anticipated rally and strike action on January 24. Customers should expect operational delays due to the closure.,"[""port_operational_disruption"", ""labor_strike_disruption""]","[""labor_strike_disruption""]",True,[],predictions_disagree,"{""weather_disruption"": 0.2372, ""natural_disaster"": 0.008199, ""port_operational_disruption"": 0.158029, ""port_closure"": 0.597055, ""labor_strike_disruption"": 0.802706, ""maritime_security_navigation_disruption"": 0.163784}","[""labor_strike_disruption""]",The event text and stage B predictions both indicate a labor strike disruption. The retrieved examples support this with similar themes of labor strikes causing operational disruptions at the port of Le Havre.,False,"[""port_operational_disruption"", ""labor_strike_disruption""]","[37, 2696, 2736]"
3535,Fog likely to affect port operations at Port of Houston Industry sources on January 15 indicate that fog in the area of the Port of Houston is likely to affect port’s operations as well as vessels’ movements in the area. A risk of intermittent temporary port closure remains until the end of this week.,"[""port_operational_disruption"", ""port_closure""]","[""weather_disruption"", ""port_operational_disruption""]",True,[],predictions_disagree,"{""weather_disruption"": 0.928211, ""natural_disaster"": 0.005636, ""port_operational_disruption"": 0.731213, ""port_closure"": 0.558619, ""labor_strike_disruption"": 0.038127, ""maritime_security_navigation_disruption"": 0.494714}","[""weather_disruption"", ""port_operational_disruption""]","The event text and retrieved examples consistently mention weather-related fog affecting port operations, leading to operational disruptions and potential closures.",False,"[""weather_disruption"", ""port_operational_disruption""]","[1546, 1547, 258]"
1273,"Canada: Ferry strikes dock in Langdale, British Columbia; services suspended into West Vancouver Local sources are reporting that a ferry has struck a dock at the Langdale Terminal on Tuesday morning, 26 March. There were no injuries recorded. The incident has resulted in services being temporarily suspended between Langdale and Horseshoe Bay, West Vancouver. A water taxi has been deployed to aid commuters; however, reports suggest that the aforementioned ferry line will not resume operations before 17:30 local time.","[""labor_strike_disruption""]","[""port_operational_disruption""]",True,[],predictions_disagree,"{""weather_disruption"": 0.194956, ""natural_disaster"": 0.03723, ""port_operational_disruption"": 0.579649, ""port_closure"": 0.052641, ""labor_strike_disruption"": 0.445768, ""maritime_security_navigation_disruption"": 0.073155}","[""labor_strike_disruption"", ""port_operational_disruption""]","The event describes a ferry strike leading to service suspension and temporary closure, aligning with labor strike disruption and port operational disruption risks.",False,"[""port_operational_disruption""]","[649, 4790, 214]"
2033,"Port Hedland announces restricted berthing capabilities June 3-8 Intelligence obtained by Everstream Analytics indicates that Port Hedland in Western Australia will have restricted berthing capabilities while the facility undergoes repairs and maintenance. From June 3 to June 8, Berth 1 will be out of operation and Berth 2 will not be affected. Port Hedland is the world's largest bulk export port and processes approximately 520 million metric tonnes per year. 98% of exports are iron ore and 90% of imports are fuel oils.","[""maritime_security_navigation_disruption""]","[""port_operational_disruption"", ""maritime_security_navigation_disruption""]",True,[],predictions_disagree,"{""weather_disruption"": 0.250404, ""natural_disaster"": 0.013918, ""port_operational_disruption"": 0.83095, ""port_closure"": 0.271513, ""labor_strike_disruption"": 0.028489, ""maritime_security_navigation_disruption"": 0.841103}","[""port_operational_disruption"", ""maritime_security_navigation_disruption""]","The event text describes restricted berthing capabilities due to repairs and maintenance, which aligns with 'port_operational_disruption'. Additionally, the context mentions potential security concerns, supporting 'maritime_security_navigation_disruption'. The stage B predictions and retrieved examples further support these risks.",False,"[""port_operational_disruption"", ""maritime_security_navigation_disruption""]","[2031, 4280, 852]"
2085,"Port of Nagoya likely to close due to approaching Typhoon Neoguri on Oct 22 - 23 According to local sources on October 21, the Port of Nagoya in Japan is likely to be closed from the afternoon of October 22 until the morning of October 23 due to the approaching Typhoon Neoguri. Strong winds are anticipated in the area. Possible port closure is likely to significantly impact the port's operations and cause shipping delays.","[""weather_disruption"", ""port_operational_disruption"", ""port_closure""]","[""weather_disruption"", ""port_closure""]",True,[],predictions_disagree,"{""weather_disruption"": 0.973044, ""natural_disaster"": 0.027722, ""port_operational_disruption"": 0.415865, ""port_closure"": 0.956937, ""labor_strike_disruption"": 0.010377, ""maritime_security_navigation_disruption"": 0.075017}","[""weather_disruption"", ""port_closure"", ""port_operational_disruption""]","The event text describes a port closure due to a typhoon, which aligns with 'weather_disruption', 'port_closure', and 'port_operational_disruption'. The stage B predictions also support these risks, with high probabilities for 'weather_disruption' and 'port_closure'. The retrieved examples further confirm the likelihood of these risks.",False,"[""weather_disruption"", ""port_closure""]","[2105, 2877, 625]"
4221,Strong winds temporarily disrupt waterside and landside operations on Sep 20 Industry sources report that waterside and landside operations at Pier 1 container terminal at Port of Durban have been suspended from strong winds since 20.30 local time on September 20. Operations resumed at 22:20 local time on the same day.,"[""weather_disruption""]","[""weather_disruption"", ""port_operational_disruption""]",True,[],predictions_disagree,"{""weather_disruption"": 0.993639, ""natural_disaster"": 0.005424, ""port_operational_disruption"": 0.824077, ""port_closure"": 0.621683, ""labor_strike_disruption"": 0.022111, ""maritime_security_navigation_disruption"": 0.051263}","[""weather_disruption"", ""port_operational_disruption""]",The event text and retrieved examples consistently indicate disruption caused by strong winds leading to temporary suspension of waterside and landside operations at the Port of Durban. The highest similarity scores and true risks align with 'weather_disruption' and 'port_operational_disruption'.,False,"[""weather_disruption"", ""port_operational_disruption""]","[2323, 3097, 2202]"
4193,"Strong winds like to impact Waigaoqiao north Channel at Port of Shanghai on May 29-30 Shipping sources indicate that strong winds may impact vessel traffic from and to the Waigaoqiao terminal in the Port of Shanghai via the north channel on late May 29 to May 30 at noon. Pilotage services are likely to be suspended, likely also impacting berthing operations.","[""weather_disruption""]","[""weather_disruption"", ""port_operational_disruption""]",True,[],predictions_disagree,"{""weather_disruption"": 0.939388, ""natural_disaster"": 0.012726, ""port_operational_disruption"": 0.889114, ""port_closure"": 0.554373, ""labor_strike_disruption"": 0.011425, ""maritime_security_navigation_disruption"": 0.076527}","[""weather_disruption"", ""port_operational_disruption""]","The event text describes strong winds impacting vessel traffic and pilotage services, leading to potential port closure and operational disruptions. Stage A predictions align with the event text, and Stage B predictions include both weather disruption and port operational disruption, supported by retrieved examples indicating similar impacts on port operations and closures.",False,"[""weather_disruption"", ""port_operational_disruption""]","[5368, 826, 989]"
5301,"Ongoing congestion at Port of Felixstowe prompts carriers to increase surcharges - UPDATE 8 Updated shipping sources indicate on February 9 that due to ongoing port congestion at UK container ports, including Felixstowe, Southampton and London Gateway, ocean carrier Hapag-Lloyd will increase a port congestion surcharge from North America to the United Kingdom until further notice. Previously, several other ocean carriers had also announced they will impose a congestion surcharge on cargo destined from and to the UK ports of Felixstowe, Southampton, and London Gateway due to ongoing congestion.","[""port_operational_disruption""]","[""port_operational_disruption"", ""maritime_security_navigation_disruption""]",True,[],predictions_disagree,"{""weather_disruption"": 0.036313, ""natural_disaster"": 0.012125, ""port_operational_disruption"": 0.879172, ""port_closure"": 0.092478, ""labor_strike_disruption"": 0.04118, ""maritime_security_navigation_disruption"": 0.671865}","[""port_operational_disruption""]","The event text and retrieved examples consistently indicate port congestion and operational disruptions at Felixstowe, Southampton, and London Gateway ports, aligning with the 'port_operational_disruption' risk ID.",False,"[""port_operational_disruption""]","[4726, 5055, 5666]"
2203,Severe winds briefly disrupt operations at DP World Southampton Terminal Industry sources reported that shipside operations at DP World Southampton Terminal have resumed at 02.00 on December 9 following intermittent disruptions since 23.59 (local time) on the previous day due to severe winds at the terminal.,"[""weather_disruption"", ""port_operational_disruption""]","[""weather_disruption"", ""port_closure""]",True,[],predictions_disagree,"{""weather_disruption"": 0.982334, ""natural_disaster"": 0.011504, ""port_operational_disruption"": 0.490889, ""port_closure"": 0.763764, ""labor_strike_disruption"": 0.08203, ""maritime_security_navigation_disruption"": 0.086385}","[""weather_disruption"", ""port_operational_disruption""]","The event text describes severe winds disrupting operations at a port terminal, which aligns with 'weather_disruption' and 'port_operational_disruption'. The stage B predictions also support these risks with higher probabilities.",False,"[""weather_disruption"", ""port_operational_disruption""]","[3631, 4541, 1933]"
2762,UPDATE: Average waiting time stays at 1-day at Port of Shanghai Updated sources on March 8 indicate that due to strong winds at the port’s area pilot services at the port of Shanghai were suspended from March 6 to the next day morning. The current waiting time for vessels to berth takes 1-day.,"[""weather_disruption"", ""port_operational_disruption""]","[""port_operational_disruption""]",True,[],predictions_disagree,"{""weather_disruption"": 0.351767, ""natural_disaster"": 0.003972, ""port_operational_disruption"": 0.931893, ""port_closure"": 0.469282, ""labor_strike_disruption"": 0.032864, ""maritime_security_navigation_disruption"": 0.054703}","[""weather_disruption"", ""port_operational_disruption""]","The event mentions strong winds affecting pilot services, leading to a 1-day waiting time. This supports 'weather_disruption' and 'port_operational_disruption'. The retrieved examples also support 'port_operational_disruption', but do not mention 'weather_disruption'.",False,"[""weather_disruption"", ""port_operational_disruption""]","[2934, 2783, 77]"
3147,"According to the UNICEF COVID-19 report, North Korea announced to temporary According to the UNICEF COVID-19 report, North Korea announced to temporary close an important sea route between Dalian, China and its west coast port city of Nampho for an unspecified reason.",[],[],True,[],both_stages_empty,"{""weather_disruption"": 0.312603, ""natural_disaster"": 0.090639, ""port_operational_disruption"": 0.104435, ""port_closure"": 0.609027, ""labor_strike_disruption"": 0.035737, ""maritime_security_navigation_disruption"": 0.605069}","[""weather_disruption"", ""port_closure""]","The event mentions a temporary closure of a sea route due to an unspecified reason, which aligns with weather-related disruptions and port closures.",False,"[""maritime_security_navigation_disruption""]","[4510, 2909, 4561]"
728,"United Kingdom: Woolwich Ferry to end services in East London until the new year Services on the free Woolwich Ferry across the River Thames in East London are due to terminate on 6 October until the new year. The Woolwich Ferry links Woolwich and North Woolwich, (near London City Airport), for which a ferry service has been in operation since 1308. The boats are being replaced with more environmental vessels, and the service temporarily discontinued while new berths are built. The final crossings will be made at 19:45 local time on 6 October. Travellers who use the ferry crossing regularly will need to consider alternative routes from 7 October. Note any height and weight restrictions on alternative bridge crossings as necessary.",[],[],True,[],both_stages_empty,"{""weather_disruption"": 0.397935, ""natural_disaster"": 0.02695, ""port_operational_disruption"": 0.434898, ""port_closure"": 0.130162, ""labor_strike_disruption"": 0.107501, ""maritime_security_navigation_disruption"": 0.283887}","[""weather_disruption"", ""port_operational_disruption""]","The event text mentions severe winds causing disruption and the ferry service being temporarily discontinued, indicating potential weather disruption and port operational disruption.",False,"[""port_operational_disruption""]","[778, 777, 1244]"
3836,"Noble Corporation moving two offshore rigs ahead of twin storms Media sources indicate on August 24 that Noble Corporation Plc. is moving two offshore rigs ahead of back-to-back major storms that are expected to impact the U.S. Gulf of Mexico region. Noble Corporation plc is an offshore drilling contractor organized in London, United Kingdom.",[],[],True,[],both_stages_empty,"{""weather_disruption"": 0.497067, ""natural_disaster"": 0.242483, ""port_operational_disruption"": 0.167956, ""port_closure"": 0.033412, ""labor_strike_disruption"": 0.105079, ""maritime_security_navigation_disruption"": 0.453199}","[""weather_disruption"", ""port_operational_disruption""]","The event text mentions severe storms impacting the U.S. Gulf of Mexico region, leading to rig movements. The retrieved examples also support weather disruption and port operational disruption, with one example specifically mentioning storm impacts on port operations.",False,"[""weather_disruption""]","[3450, 4407, 2375]"
4069,"Rail disruption reported between Micheldever and Winchester According to a National Rail report, a landslip has occurred between Micheldever and Winchester and as a result, trains are unable to run between these stations. The line is expected to remain closed until at least Saturday, 29 August. Services between London Waterloo and Bournemouth may be diverted via Havant and services between London Waterloo and Portsmouth Harbour may be diverted via Guildford. However, the diversions are expected to add up to 45 minutes to journey times.",[],[],True,[],both_stages_empty,"{""weather_disruption"": 0.298561, ""natural_disaster"": 0.115977, ""port_operational_disruption"": 0.376411, ""port_closure"": 0.224542, ""labor_strike_disruption"": 0.485537, ""maritime_security_navigation_disruption"": 0.148875}","[""weather_disruption""]","The event text describes a landslip causing train disruptions between Micheldever and Winchester, which aligns with weather-related disruptions such as landslides and flooding. The retrieved examples further support this conclusion with similar incidents caused by weather conditions.",False,"[""natural_disaster""]","[3762, 3702, 5399]"
2675,"UPDATE 1: Shipping resumes after crane collapse at DP World Deurganck dock in Antwerp Sources indicated that on December 11 that all operations have resumed following the crane collapse at DP World Duerganck dock at the Port of Antwerp. On December 9, the container ship """"APL Mexico City"""" (IMO 9632210) broke off of moorings and drifted across the harbor and collided with a crane. The crane reportedly collapsed and was destroyed. No injuries were reported despite the massive damage. The ship sustained significant damage in the collision and will need repairs.",[],[],True,[],both_stages_empty,"{""weather_disruption"": 0.299418, ""natural_disaster"": 0.067182, ""port_operational_disruption"": 0.546914, ""port_closure"": 0.366938, ""labor_strike_disruption"": 0.071416, ""maritime_security_navigation_disruption"": 0.417537}","[""port_operational_disruption""]","The event describes a crane collapse causing damage to a container ship and resulting in the ship drifting and colliding with a crane, leading to the crane's collapse and destruction. This aligns with port operational disruption risks such as port congestion, delays, and reduced operational capacity.",False,"[""port_operational_disruption""]","[1439, 3450, 1241]"
5548,"Two container trucks engulf in fire on Ho Chi Minh City-Trung Luong expressway Media sources report on October 27 that two container trucks collided causing a fire at 04:30 local time on October 27 on the Ho Chi Minh City-Trung Luong expressway Thu Thua district, Long An province. The incident occurred on the west direction of the highway. The tractor part of the two vehicles was burned down. While no human injuries have been reported, the incident caused severe traffic jam in the vicinity. It was unclear if the trucks were loaded with goods. The police are investigating the cause of the fire.",[],[],True,[],both_stages_empty,"{""weather_disruption"": 0.067484, ""natural_disaster"": 0.059204, ""port_operational_disruption"": 0.496461, ""port_closure"": 0.022905, ""labor_strike_disruption"": 0.188389, ""maritime_security_navigation_disruption"": 0.34441}","[""port_operational_disruption""]","The event describes a traffic jam due to a truck collision, which aligns with port operational disruption risk.",False,"[""port_operational_disruption""]","[1421, 1529, 190]"
5499,The Court of Appeal dismissed the appeal by the Centre for Environmental The Court of Appeal dismissed the appeal by the Centre for Environmental Justice against the Colombo Port City Project in 2015.,[],[],True,[],both_stages_empty,"{""weather_disruption"": 0.343799, ""natural_disaster"": 0.066173, ""port_operational_disruption"": 0.06884, ""port_closure"": 0.043177, ""labor_strike_disruption"": 0.197512, ""maritime_security_navigation_disruption"": 0.431507}","[""port_operational_disruption"", ""labor_strike_disruption""]","The event mentions a court decision related to a project, but the stage A and B predictions are empty. The retrieved examples suggest potential disruptions due to port operational issues and labor strikes, which align with the given event text.",False,"[""maritime_security_navigation_disruption""]","[113, 5716, 4526]"
1033,"3 injured in fight on board of MSC MARTA Industry sources reported on January 31, 2018 that container ship MSC MARTA had to interrupt her voyage from Dominican Republic to Santos Brazil late January 28, and head for Guyana, to medevac injured crew. According to the initial reports, one of the crew went amok and wounded three other crew – cook, engineer and fitter. Cook’s wounds requested immediate medical assistance, he was airlifted by helicopter and transported to hospital. Aggressive person was neutralized and isolated by other crew, he’s to be handed over to police on arrival at Santos.",[],[],True,[],both_stages_empty,"{""weather_disruption"": 0.093344, ""natural_disaster"": 0.066909, ""port_operational_disruption"": 0.346237, ""port_closure"": 0.01476, ""labor_strike_disruption"": 0.373836, ""maritime_security_navigation_disruption"": 0.288722}","[""maritime_security_navigation_disruption""]","The incident involves a fight on board a ship, indicating a maritime security threat. There are no other risks supported by the provided stage B predictions or retrieved examples.",False,"[""maritime_security_navigation_disruption""]","[3398, 185, 1529]"
3670,"Indian ports declared force majeure due to nationwide shutdown Intelligence obtained by Everstream Analytics indicates that some of Indias major ports have announced force majeure from March 22 due to measures associated with the nationwide lockdown of the country for three weeks. Shipments going to, from or through the following ports are likely to experience severe delays: Cochin, Haldia, Visakhapatnam, Gangavaram, Paradip, Krishnapatnam, Kakinada, New Mangalore, Goa, Dharma and Gopalpur.",[],[],True,[],both_stages_empty,"{""weather_disruption"": 0.238402, ""natural_disaster"": 0.004984, ""port_operational_disruption"": 0.486925, ""port_closure"": 0.703222, ""labor_strike_disruption"": 0.214479, ""maritime_security_navigation_disruption"": 0.471798}","[""port_closure"", ""labor_strike_disruption""]","The event mentions nationwide shutdown and port strike, aligning with port closure and labor strike disruption risks respectively.",False,"[""port_closure""]","[913, 5659, 2067]"
27,"7 ships grounded in Taiwan due to Tropical Depression Media sources reported that 6 container ships and a tanker were grounded due to the passing of a Tropical Depression near Taiwan on August 24. In a series of maritime accident, Container ship Jin Hua was grounded at 05:00 (local time) at north of Kaohsiung in Tainan city area. Simultaneously, container ship and a product tanker, Unlimited 2 and Dragon Aria were grounded at 05:00 somewhere between Kaohsiung and Tainan as well as at Kaohsiung Port’s entrance respectively. Other cargo ships, Tai Cang Hu, An Li 669, Shun Hong, Chang Long 68 were also grounded on the same morning. According to sources, emergency meeting is in place to handle the issue.",[],[],True,[],both_stages_empty,"{""weather_disruption"": 0.318007, ""natural_disaster"": 0.042862, ""port_operational_disruption"": 0.39149, ""port_closure"": 0.295569, ""labor_strike_disruption"": 0.03325, ""maritime_security_navigation_disruption"": 0.498335}","[""weather_disruption"", ""port_operational_disruption""]","The event describes ships grounding due to a tropical depression, indicating weather disruption. Additionally, the mention of port congestion and delays suggests port operational disruption.",False,"[""weather_disruption""]","[3289, 5063, 5412]"
4035,"President Abinader announced different projects to boost the economy in the President Abinader announced different projects to boost the economy in the northwestern part of the country, including improvement works at Manzanillo Port, the construction of an industrial park and a natural gas deposit.",[],[],True,[],both_stages_empty,"{""weather_disruption"": 0.209178, ""natural_disaster"": 0.136236, ""port_operational_disruption"": 0.18087, ""port_closure"": 0.014747, ""labor_strike_disruption"": 0.399456, ""maritime_security_navigation_disruption"": 0.237711}","[""weather_disruption"", ""port_operational_disruption""]","The event mentions economic projects and infrastructure improvements, which could be related to weather disruptions (e.g., hurricanes) and port operational issues (e.g., congestion, delays). The stage B predictions also favor these risks with higher probabilities.",False,"[""maritime_security_navigation_disruption""]","[5231, 3182, 1737]"
1894,"No disruption to Port of Jeddah amid explosion on oil tanker Industry sources indicate that despite an oil tanker explosion near the Port of Jeddah (see our related incident), the port is still running normally without any disruptions.",[],[],True,[],both_stages_empty,"{""weather_disruption"": 0.431894, ""natural_disaster"": 0.047137, ""port_operational_disruption"": 0.489671, ""port_closure"": 0.654426, ""labor_strike_disruption"": 0.044103, ""maritime_security_navigation_disruption"": 0.348236}","[""weather_disruption"", ""port_operational_disruption""]","The event mentions no disruption but industry sources indicate normal operation with no specific mention of weather or natural disasters. Port operational disruption is supported by the example where operations were suspended due to strong winds, leading to berthing delays.",False,"[""maritime_security_navigation_disruption""]","[5267, 1805, 4961]"
61,Australia: Person reportedly jumps from Manly Ferry into Sydney Harbour Incoming reports show that a person has died after jumping from a Manly Ferry into Sydney Harbour earlier this morning. Emergency crews have recovered the person's body from the harbour. It is believed that the incident was intentional. Ferry services between Manly and Circular Quay are operating normally. Travelers should be aware that an emergency service contingent may be visible if utilizing ferry services at Circular Quay.,[],[],True,[],both_stages_empty,"{""weather_disruption"": 0.26509, ""natural_disaster"": 0.052458, ""port_operational_disruption"": 0.350283, ""port_closure"": 0.047747, ""labor_strike_disruption"": 0.144653, ""maritime_security_navigation_disruption"": 0.341101}","[""maritime_security_navigation_disruption"", ""labor_strike_disruption""]","The event describes a person jumping from a ferry into the harbor, which could be related to maritime security issues. Additionally, there are indications of a labor strike, which aligns with the 'labor_strike_disruption' risk.",False,"[""port_operational_disruption""]","[1140, 1130, 2378]"
1711,"IT maintenance might disrupt services at DP World Nhava Sheva Industry sources indicate on August 29 that scheduled IT maintenance work might disrupt services at the DP World Nhava Sheva Terminal, India, on August 30 between 01:00 to 08:00 local time. The complete network and applications will be down at NSICT while E-Form 13 and Survey applications will be down at NSIGT.",[],[],True,[],both_stages_empty,"{""weather_disruption"": 0.488609, ""natural_disaster"": 0.011023, ""port_operational_disruption"": 0.407015, ""port_closure"": 0.417988, ""labor_strike_disruption"": 0.207695, ""maritime_security_navigation_disruption"": 0.240841}","[""port_operational_disruption"", ""weather_disruption""]","The event mentions IT maintenance which could lead to operational disruptions, and there's also a mention of a previous weather-related disruption affecting the port.",False,"[""port_operational_disruption""]","[1712, 2004, 4494]"
2127,"Power shutdown scheduled for May 1 at Jawaharlal Nehru Port According to industry source, APMT, Mumbai has announced that as part of the annual power shutdown as announced by JNPT towards undertaking allied maintenance activities, the terminal shall have limited operations between 0800 Hours and 1700 Hours on May 1, 2019. Terminal operations on the Quayside and Rail siding shall be impacted due to the above activities, however, the terminal Gate and Yard operations shall continue as per normal.",[],[],True,[],both_stages_empty,"{""weather_disruption"": 0.323327, ""natural_disaster"": 0.021914, ""port_operational_disruption"": 0.20377, ""port_closure"": 0.729421, ""labor_strike_disruption"": 0.345067, ""maritime_security_navigation_disruption"": 0.049107}","[""port_operational_disruption""]","The event text and retrieved examples consistently indicate port operational disruptions due to scheduled maintenance and power outages, which aligns with the 'port_operational_disruption' risk.",False,"[""port_closure""]","[2067, 2184, 2122]"
646,"Tanzania: At least six people reportedly killed due to ferry accident on Lake Victoria; hundreds feared missing At least six people have reportedly been killed and hundreds are feared missing on Thursday 20 September, due to a ferry accident on Lake Victoria. It is understood the MV Nyerere vessel capsized off Ukara Island (also known as Ukora Island), which is located approximately 65 kilometres north of Mwanza. The ferry was severely overloaded with more than 400 people on board and is believed to have been travelling from Bugolora to Ukara Island. Travellers are advised to bypass the ongoing rescue operation and monitor local media sources for the latest updates. Be mindful that marine accidents are common in the country due to poor safety levels.",[],[],True,[],both_stages_empty,"{""weather_disruption"": 0.243742, ""natural_disaster"": 0.26281, ""port_operational_disruption"": 0.355097, ""port_closure"": 0.014548, ""labor_strike_disruption"": 0.065889, ""maritime_security_navigation_disruption"": 0.398531}","[""port_operational_disruption""]","The event text describes a ferry accident on Lake Victoria leading to casualties and missing persons, indicating a port operational disruption due to overcrowding and inadequate safety regulations.",False,"[""port_operational_disruption""]","[774, 775, 1734]"
1577,"Germany: No casualties reported following minor ship collision on the Elbe in Hamburg A ferry and a container ship have reportedly collided on the Elbe in Hamburg, alongside Strandweg. According to initial details, no casualties have occurred. Some disruption is possible at the location.",[],[],True,[],both_stages_empty,"{""weather_disruption"": 0.119599, ""natural_disaster"": 0.118785, ""port_operational_disruption"": 0.485756, ""port_closure"": 0.024102, ""labor_strike_disruption"": 0.199838, ""maritime_security_navigation_disruption"": 0.371946}","[""port_operational_disruption"", ""maritime_security_navigation_disruption""]","The event mentions a minor ship collision with some disruption possible, and retrieved examples support port operational disruption and maritime security navigation disruption risks.",False,"[""port_operational_disruption""]","[2220, 1710, 1502]"
254,"Floods to disrupt rail freight traffic Algeciras-Madrid until January Local authorities in Spain confirmed that rail freight services between the Port of Algaeciras, the largest in Spain, and the city of Madrid are suffering serious disruptions until January 2019 due to flood damages to the rail track between Port of Algeciras and Antequera. The most affected area of the rail track is the kilometer point 3/100, where the river Tinajas flooded, sweeping away the ground under the rail track. Government officials announced that they are currently looking into an alternative route via Seville while it completes the restoration of the damaged rail track. Those customers shipping through the Port of Algaeciras should anticipate visible delays and should plan accordingly.",[],[],True,[],both_stages_empty,"{""weather_disruption"": 0.312507, ""natural_disaster"": 0.414996, ""port_operational_disruption"": 0.419736, ""port_closure"": 0.010717, ""labor_strike_disruption"": 0.201108, ""maritime_security_navigation_disruption"": 0.313707}","[""weather_disruption"", ""port_operational_disruption""]","The event text describes floods disrupting rail freight traffic, which aligns with weather disruption and port operational disruption risks based on the provided examples and stage B probabilities.",False,"[""weather_disruption"", ""port_operational_disruption""]","[1606, 1382, 179]"
3499,"Fire breaks out on board Moritz Schulte LPG tanker at the Port of Antwerp Sources indicate on August 5 that a fire broke out onboard an ethylene-filled LPG tanker in the port of Antwerp. According to sources, the fire started in the engine room of the Moritz Schulte LPG tanker, on August 4. 1 person was reportedly injured due to the incident. Firefighters were deployed to the scene and controlled the fire.",[],[],True,[],both_stages_empty,"{""weather_disruption"": 0.441413, ""natural_disaster"": 0.017269, ""port_operational_disruption"": 0.537796, ""port_closure"": 0.072681, ""labor_strike_disruption"": 0.121066, ""maritime_security_navigation_disruption"": 0.44428}","[""port_operational_disruption""]","The event describes a fire on a tanker in the Port of Antwerp, leading to operational disruptions as indicated by the retrieved examples and stage B probabilities.",False,"[""port_operational_disruption""]","[1529, 4976, 843]"
4301,"Thousands of Apple iPhones burned after truck catches fire on Nanjing section of Shanghai-Rongcheng Expressway Media sources indicated on June 23 that thousands of Apple iPhones were burned on the Nanjing section of the Shanghai-Rongcheng Expressway after a large truck rolled over and caught on fire. No casualties or injuries were reported. However, the truck and cargo were severely burned and suffered heavy property damage.",[],[],True,[],both_stages_empty,"{""weather_disruption"": 0.17032, ""natural_disaster"": 0.118619, ""port_operational_disruption"": 0.211266, ""port_closure"": 0.023074, ""labor_strike_disruption"": 0.26984, ""maritime_security_navigation_disruption"": 0.177005}","[""port_operational_disruption""]","The event describes a fire damaging a cargo terminal, which is consistent with port operational disruption risk.",False,"[""port_operational_disruption""]","[5548, 1529, 3525]"
5267,Marine movements temporarily suspended at Port of Jeddah after tanker explosion Media sources indicate on that the Jeddah Port Authority suspended marine movements early December 14 after a tanker suffered an explosion. Operations were resumed at approximately 1500 hours local time. Saudi authorities said the vessel was attacked by an explosive-laden boat in the morning while anchored in the fuel terminal in Jeddah. The explosion caused a small fire which was extinguished by crew members on board. No casualties or damages to the port's fuel unloading facilities were reported.,[],[],True,[],both_stages_empty,"{""weather_disruption"": 0.411227, ""natural_disaster"": 0.029815, ""port_operational_disruption"": 0.277305, ""port_closure"": 0.607696, ""labor_strike_disruption"": 0.144817, ""maritime_security_navigation_disruption"": 0.389284}","[""maritime_security_navigation_disruption""]","The event text describes a tanker explosion at Port of Jeddah, which led to a port closure and maritime security threats. The retrieved example with the highest similarity also confirms these risks.",False,"[""port_operational_disruption""]","[5109, 1894, 1805]"
326,"Iron ore train services resumed in Western Australia Media sources indicated that rail operations by BHP Billiton Ltd. have resumed between Pilbara iron ore mines and Port Hedland following a temporary disruption last week. According to sources, rail operations resumed in the evening on November 10 following wreckage from the train that had 268 fully-laden iron ore cars and four locomotives. Additional controls and safety operations have been put in place to ensure safety.",[],[],True,[],both_stages_empty,"{""weather_disruption"": 0.348109, ""natural_disaster"": 0.109493, ""port_operational_disruption"": 0.139379, ""port_closure"": 0.08206, ""labor_strike_disruption"": 0.363037, ""maritime_security_navigation_disruption"": 0.280798}","[""weather_disruption""]","The event text describes a temporary disruption in rail operations due to a train accident, which is most likely caused by weather-related factors such as a collision or derailment. The retrieved examples also support this, as they mention disruptions caused by weather events like lightning strikes and hurricanes.",False,"[""port_operational_disruption""]","[898, 3069, 4406]"
1607,Heavy swell reported at Port of San Antonio Heavy swell has been reported at Port of San Antonio from the period of February 11 afternoon until February 13.,[],[],True,[],both_stages_empty,"{""weather_disruption"": 0.473708, ""natural_disaster"": 0.076101, ""port_operational_disruption"": 0.483221, ""port_closure"": 0.030069, ""labor_strike_disruption"": 0.053811, ""maritime_security_navigation_disruption"": 0.08131}","[""weather_disruption"", ""port_operational_disruption""]","The event mentions heavy swell at Port of San Antonio, which is classified under 'weather_disruption'. The retrieved examples also support this with similar events mentioning high swells affecting port operations.",False,"[""weather_disruption"", ""port_operational_disruption""]","[3872, 5461, 1619]"
5104,"European countries impose travel bans to the UK amid surge in COVID-19 cases Media sources report that more European countries including Ireland, Germany, France, Italy, Belgium, and the Netherlands are imposing travel bans on the United Kingdom after the country sees a surge in COVID-19 cases in London and southeast England. The measures on the travel ban vary, however, France has suspended all travel links including freight lorries with the UK for 48 hours effectively from 00:01 local time on December 21. More discussions will be made in the EU meeting on December 21.",[],[],True,[],both_stages_empty,"{""weather_disruption"": 0.130011, ""natural_disaster"": 0.072583, ""port_operational_disruption"": 0.152436, ""port_closure"": 0.066039, ""labor_strike_disruption"": 0.469733, ""maritime_security_navigation_disruption"": 0.511367}","[""port_operational_disruption"", ""maritime_security_navigation_disruption""]","The text mentions travel bans and disruptions to transportation services, which align with port operational disruption and maritime security navigation disruption risks.",False,"[""port_operational_disruption""]","[5345, 5277, 2560]"
4251,"Terminals at Laem Chabang Terminal to cease operations on September 27 due to temporary power cut Shipping sources on September 17 report that Laem Chabang Terminal in Thailand will undergo temporary electricity disconnection on September 27 from 12 pm to 6 pm (GMT+7). This will affect Terminal C1C2 and Terminal D as follows:
Terminal C1C2:
- All vessel operations will be ceased. 
•	Return of outbound reefer containers will not be accepted. 
- General containers are allowed for the delivery and pick up as usual. 
Terminal D:
- All vessel operations and gate activities will be ceased. 
- All containers are not allowed to be delivered or picked up.",[],[],True,[],both_stages_empty,"{""weather_disruption"": 0.160712, ""natural_disaster"": 0.011519, ""port_operational_disruption"": 0.51966, ""port_closure"": 0.472591, ""labor_strike_disruption"": 0.249102, ""maritime_security_navigation_disruption"": 0.450521}","[""port_closure"", ""port_operational_disruption""]","The event describes a temporary power cut leading to full operations cessation at Laem Chabang Terminal, matching 'port_closure'. Additionally, it mentions delays and cessation of operations, aligning with 'port_operational_disruption'. The stage B predictions also support these risks.",False,"[""port_operational_disruption"", ""port_closure""]","[2126, 1706, 4826]"
977,"Vessels navigating around Hong Kong warned of canoe race on August 26 Media sources reported that a canoe race is scheduled to take place from 09:00 to 15:00 (local time) on August 26. The race which involves about 100 canoes will take place along the eastern coast of Hong Kong Island from Causeway Bay in Victoria Harbour, passing Chai Wan, Cale D’aguilar to Tai Tam Bay and will finish at Stanley. For safety measures, Hong Kong maritime authorities have warned vessels navigating in the aforementioned areas to proceed with caution on the day. In the event of bad weather conditions, the race will be held on September 2.",[],[],True,[],both_stages_empty,"{""weather_disruption"": 0.258544, ""natural_disaster"": 0.026502, ""port_operational_disruption"": 0.372305, ""port_closure"": 0.019603, ""labor_strike_disruption"": 0.17535, ""maritime_security_navigation_disruption"": 0.481365}","[""weather_disruption""]","The event mentions a canoe race scheduled for August 26, which could cause temporary disruption but does not indicate any immediate weather-related risks affecting vessel navigation or operations.",False,"[""maritime_security_navigation_disruption""]","[3033, 3040, 2842]"
2663,"UPDATE 1: Highway restrictions for cargo carriers in Lima will not apply on the weekends On November 24, updated media sources indicated that Lima’s mayor stated that the “pico y placa” regulation, which came into effect at the beginning of November, will not apply during the weekend for now. Previously, some sources claimed that the restriction would also apply beyond weekdays. The rule requires that heavy-duty vehicles may only use the left lane of the South Pan American Highway from Monday to Friday, from 6:00 am to 9:00 pm. Fines will be administered to those who do not comply with the rule. In addition to the Pan American Highway restriction, cargo carriers may only use the following roads and avenues:  Tomás Valle, The Sun, Pedro Miotta, Fifth Avenue, Antigua Panamericana Sur, Los Laureles (Los Cisnes section - Fifth Avenue, Las Torres, Av. Zarumilla, Av. Trapiche Chillón, Av. Túpac Amaru, Av. Chimpu Ocllo, Central-Nicolás Ayllón Highway, Av. Circunvalación, Ramiro Prialé Highway, Av. Naranjal, Av. Sing Callao, Av. Néstor Gambetta, Yellow Line expressway, Av. Las Torres, North Pan American, South Pan American, and Route of Avoidance.",[],[],True,[],both_stages_empty,"{""weather_disruption"": 0.111648, ""natural_disaster"": 0.067674, ""port_operational_disruption"": 0.167793, ""port_closure"": 0.029448, ""labor_strike_disruption"": 0.380143, ""maritime_security_navigation_disruption"": 0.505428}","[""labor_strike_disruption""]","The retrieved examples all mention a labor strike disruption, which aligns with the event text indicating a potential national transportation and port logistics strike in Peru.",False,"[""port_operational_disruption""]","[3094, 1970, 1320]"
4406,"UPDATE 1 - Between Hamburg & Neumuenster- Regional rail service resumed after signal box failure. Event closed. Updated sources reported that a signal box in Elmshorn has been repaired after being damaged by lightning, and Deutsche Bahn regional train services have resumed between Hamburg and Neumuenster. Residual disruptions are possible and travelers are advised to contact their rail carrier for trip-specific information. This event is closed.",[],[],True,[],both_stages_empty,"{""weather_disruption"": 0.280535, ""natural_disaster"": 0.280847, ""port_operational_disruption"": 0.20862, ""port_closure"": 0.11962, ""labor_strike_disruption"": 0.18463, ""maritime_security_navigation_disruption"": 0.329633}","[""weather_disruption""]","The event mentions a signal box failure due to lightning damage, which aligns with weather disruption. The retrieved examples also consistently point towards weather-related disruptions.",False,"[""weather_disruption""]","[1243, 1579, 4064]"
2,"Indonesia: Undersea internet cables damaged by typhoons; anticipate slow connection speeds News sources are stating that recent typhoons to impact Hong Kong have damaged undersea internet cables. The four main cables connecting South-East Asia and the United States are described as 'ravaged'. Repair works will take up to six weeks to complete. The ASE (Asia Submarine-cable Express) is jointly owned by Telekom Malaysia, Singapore's Starhub, Japan's NTT and the Philippines' PLDT.  A slowdown in internet services is possible, particularly during peak hours. Clients operating in the region should be mindful of the situation. Be patient if internet connections are not operating as expected.",[],[],True,[],both_stages_empty,"{""weather_disruption"": 0.453996, ""natural_disaster"": 0.31082, ""port_operational_disruption"": 0.505253, ""port_closure"": 0.033161, ""labor_strike_disruption"": 0.003694, ""maritime_security_navigation_disruption"": 0.557961}","[""weather_disruption""]","The event text mentions typhoons damaging undersea internet cables, which falls under weather disruption.",False,"[""weather_disruption""]","[2124, 5162, 903]"
5282,"New Jersey - Statewide restrictions on commercial vehicles have been lifted. Event closed. - UPDATE 1 Multiple sources report were reporting a statewide restriction on commercial vehicle travel on multiple interstate routes that went into effect at 1:00 PM local time on December 16th in anticipation of the winter storm. The order prohibited tractor-trailers, empty straight CDL-weighted trucks, passenger vehicles pulling trailers, recreational vehicles and motorcycles from travelling along the following routes in both directions: 

- I-78, from the Pennsylvania border to I-95 (New Jersey Turnpike)
- I-80, from the Pennsylvania border to I-95 (New Jersey Turnpike)
- I-195, from I-295 to NJ Route 138
- I-280, from I-80 to I-95 (New Jersey Turnpike)
- I-287, from NJ Route 440 to the New York State border
- I-295, from I-195 to the Scudders Falls Bridge (Pennsylvania border)
- NJ Route 440, from the Outerbridge Crossing to I-287

The following routes were exempted from the restrictions: 

- New Jersey Turnpike
- Garden State Parkway
- Atlantic City Expressway

Exemptions for certain industries and organizations applied, such as public safety and public works vehicles, as well as medical and government personnel. The statewide travel restriction has been lifted. This event is closed.",[],[],True,[],both_stages_empty,"{""weather_disruption"": 0.261162, ""natural_disaster"": 0.019721, ""port_operational_disruption"": 0.127954, ""port_closure"": 0.022158, ""labor_strike_disruption"": 0.330541, ""maritime_security_navigation_disruption"": 0.290502}","[""weather_disruption""]","The event describes a statewide restriction on commercial vehicle travel due to a winter storm, which falls under the 'weather_disruption' category.",False,"[""weather_disruption""]","[1968, 2422, 371]"
1421,"Container truck collapse onto pedestrian concrete girder from Hanoi highway Media sources reported on November 13 that a container truck fell down from the Hanoi highway near Linh Trung Ward, Thu Duc District in Ho Chi Minh City into a pedestrian concrete girder under construction on November 13. The collision caused the 20-meter-long concrete beam to collapse. No further details have been reported.",[],[],True,[],both_stages_empty,"{""weather_disruption"": 0.072131, ""natural_disaster"": 0.094932, ""port_operational_disruption"": 0.32194, ""port_closure"": 0.111425, ""labor_strike_disruption"": 0.542484, ""maritime_security_navigation_disruption"": 0.18338}","[""port_operational_disruption""]","The event describes a truck collision causing a concrete beam to collapse, which aligns with port operational disruption where disruptions occur due to accidents or structural failures affecting ports or terminals.",False,"[""port_operational_disruption""]","[5548, 1085, 1014]"
898,"UPDATE: Rail service due for restoration over the Morandi bridge Industry sources reported on October 3 that the Bastioni and Sommergibile railway lines previously closed due to the collapse of the Morandi Bridge in Genoa are due to reopen, with full operability restored as of October 9. The restoration will consist of 4 tracks for the movement of goods and passengers to and from the Port of Genoa. Those shipping by rail to and from the Port of Genoa should anticipate a gradual resumption of normal service.",[],[],True,[],both_stages_empty,"{""weather_disruption"": 0.472996, ""natural_disaster"": 0.114093, ""port_operational_disruption"": 0.188212, ""port_closure"": 0.394543, ""labor_strike_disruption"": 0.226418, ""maritime_security_navigation_disruption"": 0.611199}","[""port_operational_disruption"", ""port_closure""]","The event text describes a situation where container terminals at the Port of Genoa have closed their gates due to the collapse of the Morandi Bridge, indicating port operational disruption and closure. The retrieved examples support this with similar events involving port closures and operational disruptions.",False,"[""port_operational_disruption"", ""port_closure""]","[192, 2659, 1659]"
774,"UPDATE - Tanzania: Over 40 people reportedly killed after ferry capsizes on Lake Victoria; hundreds remain missing According to updated reporting, over 40 people have reportedly been killed and hundreds remain missing today, 20 September, after a ferry capsized on Lake Victoria. A local official has reported that over 100 people have been rescued; however, over 400 people were onboard the overloaded vessel. Earlier reporting indicates the MV Nyerere ferry overturned between the islands of Ukora and Bugolora. Marine accidents are commonplace in the area due to inadequate safety regulations. Clients are advised to continue to divert from the ongoing rescue efforts and monitor local news sources for situational updates. Travelers with a specific interest in the impacted ferry service should contact local officials directly for more information.",[],[],True,[],both_stages_empty,"{""weather_disruption"": 0.330413, ""natural_disaster"": 0.149676, ""port_operational_disruption"": 0.338996, ""port_closure"": 0.016536, ""labor_strike_disruption"": 0.05985, ""maritime_security_navigation_disruption"": 0.397387}","[""port_operational_disruption""]","The event text describes a ferry accident on Lake Victoria leading to casualties and missing persons, indicating a port operational disruption due to overcrowding and inadequate safety regulations.",False,"[""port_operational_disruption""]","[646, 775, 1734]"
5492,The Attorney General's office said that six employees from the Guayaquil port The Attorney General's office said that six employees from the Guayaquil port had been arrested over alleged involvement in drug dealing.,[],[],True,[],both_stages_empty,"{""weather_disruption"": 0.031741, ""natural_disaster"": 0.008599, ""port_operational_disruption"": 0.142964, ""port_closure"": 0.038084, ""labor_strike_disruption"": 0.526822, ""maritime_security_navigation_disruption"": 0.569562}","[""labor_strike_disruption"", ""maritime_security_navigation_disruption""]","The event mentions arrests related to drug dealing and alleged involvement in criminal activities, which aligns with labor strike disruption and maritime security navigation disruption risks.",False,"[""maritime_security_navigation_disruption""]","[5604, 5200, 5511]"
717,"United Kingdom: Red Funnel ferry services cancelled between East Cowes and Southampton Resilience360 is receiving information indicating that the Red Funnel car ferries have been cancelled on Saturday night. This is due to an earlier collision between a ferry and another vessel in the Solent. Red Funnel has confirmed, via social media, that the 21:00 local time ferry between East Cowes and Southampton has been cancelled. No further information is available. Travellers utilising the ferry service should contact the service provider for updated information.",[],[],True,[],both_stages_empty,"{""weather_disruption"": 0.265516, ""natural_disaster"": 0.04873, ""port_operational_disruption"": 0.294528, ""port_closure"": 0.164899, ""labor_strike_disruption"": 0.147413, ""maritime_security_navigation_disruption"": 0.38242}","[""port_operational_disruption"", ""weather_disruption""]","The event text describes a ferry cancellation due to a collision, which aligns with port operational disruption. Additionally, the similarity scores indicate that weather disruption is also relevant based on the context of high winds mentioned in the retrieved example.",False,"[""port_operational_disruption""]","[777, 705, 2106]"
1502,"Elbe River closes for vessels longer than 380 meters Shipping sources indicate on November 29 that Elbe River, an important river link to the Port of Hamburg and the North and Baltic seas, is closed for all vessels longer than 380 meters. Customers should expect possible disruptions to operations.",[],[],True,[],both_stages_empty,"{""weather_disruption"": 0.425404, ""natural_disaster"": 0.086624, ""port_operational_disruption"": 0.344641, ""port_closure"": 0.434775, ""labor_strike_disruption"": 0.061305, ""maritime_security_navigation_disruption"": 0.581314}","[""port_closure"", ""weather_disruption"", ""maritime_security_navigation_disruption""]","The event describes a full closure of the Elbe River for vessels longer than 380 meters, indicating a port closure risk. The context mentions shipping sources reporting on unspecified reasons, suggesting weather disruption. Additionally, the mention of 'cut-and-run' indicates maritime security navigation disruption risks.",False,"[""maritime_security_navigation_disruption""]","[2220, 3666, 3990]"
1140,"Australia: Security alert reported at Manly Wharf, Sydney Local media sources have confirmed that a security alert has closed Manly Wharf in Sydney on Wednesday evening. An apparent threat has occurred, with all passengers evacuated from the ferry terminal. Peak-hour ferry services are not currently running between Circular Quay and Manly while the police operation is active.",[],[],True,[],both_stages_empty,"{""weather_disruption"": 0.456244, ""natural_disaster"": 0.044968, ""port_operational_disruption"": 0.052197, ""port_closure"": 0.277515, ""labor_strike_disruption"": 0.205727, ""maritime_security_navigation_disruption"": 0.430388}","[""maritime_security_navigation_disruption"", ""port_closure""]","The event mentions a security alert leading to a full closure of Manly Wharf, which aligns with 'maritime_security_navigation_disruption' and 'port_closure'. The retrieved examples support these predictions with similarities above 0.5.",False,"[""port_operational_disruption""]","[61, 3873, 4998]"
2270,"South Korea : Potential for demonstrations during activist sailing event over 9-16 April Resilience360 has received information that anti-war and environmental activists are due to conduct a ‘Peace & Green’ sailing event from Tuesday, 9 April. Around 1,100 people will apparently be aboard, for 7 nights and 8 days, until 16 April. Starting in Seoul, ports of call will include Yeosu, as well as Shanghai in China, Nagasaki in Japan, before returning to Jeju Island and Busan. Few further details are available; there is potential for participants to conduct demonstrations or awareness events at the various stops.",[],[],True,[],both_stages_empty,"{""weather_disruption"": 0.125328, ""natural_disaster"": 0.007567, ""port_operational_disruption"": 0.252647, ""port_closure"": 0.074682, ""labor_strike_disruption"": 0.434044, ""maritime_security_navigation_disruption"": 0.537775}","[""labor_strike_disruption""]","The provided event text mentions potential protests and demonstrations by environmental activists, which aligns with labor strike disruption risk. There are no other risks indicated in the provided context.",False,"[""labor_strike_disruption""]","[333, 583, 4013]"
3754,"Maersk suspends the ME1 service in weeks 30 and 32 out of Europe On July 29, media sources reported that Maersk has suspended the ME1 service in weeks 30 and 32 out of Rotterdam. However, the service will run in standard rotation in between. The suspended ME1 vessels are the Monte Verde and the Susan Maersk.",[],[],True,[],both_stages_empty,"{""weather_disruption"": 0.378939, ""natural_disaster"": 0.020696, ""port_operational_disruption"": 0.305798, ""port_closure"": 0.632997, ""labor_strike_disruption"": 0.108783, ""maritime_security_navigation_disruption"": 0.327555}","[""port_closure""]","The event mentions port suspension and port closures, which align with the provided examples of port closures and low demand leading to service suspensions.",False,"[""maritime_security_navigation_disruption""]","[4428, 3738, 3748]"
1241,Berthing No. 6 at MICT closed following damage Local sources on May 8 report that terminal berthing window No. 6 and all adjacent areas to Crane 16 and specific areas at the start of Berth 7 at Manila International Container terminal (MICT) were closed for safety reasons following damage caused by a departing vessel at MICT's North Port. Shipments that are currently located behind Crane 16 can only be moved until further notice. It remains unclear at this time when operations will resume.,[],[],True,[],both_stages_empty,"{""weather_disruption"": 0.172676, ""natural_disaster"": 0.025175, ""port_operational_disruption"": 0.522252, ""port_closure"": 0.509495, ""labor_strike_disruption"": 0.050039, ""maritime_security_navigation_disruption"": 0.508477}","[""port_closure"", ""port_operational_disruption""]",The event describes a full closure of berth No. 6 at Manila International Container Terminal due to damage from a departing vessel. This aligns with 'port_closure' and 'port_operational_disruption' risks.,False,"[""port_operational_disruption""]","[2675, 1439, 1706]"
656,"Traffic restrictions ahead of the Asian Games to impact in-land freight movement From August 18 to September 2, Indonesia will host the 18th Asian Games, a pan-Asian multi-sport event which will be held in Jakarta and Palembang. The opening and closing ceremonies will be held in Jakarta and reports suggest that the sporting event will draw around 17,000 athletes and sports officials as well as more than 100,000 international spectators. The tournament will include a variety of 42 games, out of which 20 will be held inside the Gelora Bung Karno sports complex in Jakarta and the rest will be spread across Jakarta Convention Centre, the International Expo, Ancol Beach and other locations in the North, East, and South of Jakarta. In Palembang, most sporting events will take place at the Jakabaring Sport City and Bumi Sriwijaya Stadium.

To cater to this large sporting event, authorities have increased flights at Soekarno Hatta International Airport (CGK) and Sultan Mahmud Badaruddin II International Airport (PLM) which serves Jakarta and Palembang respectively. Furthermore, environmental cleanup programs, as well as traffic restrictions, have been imposed in Jakarta to curb air pollution and reduce congestion. An odd-even license plate policy on vehicles has been on a trial run since July 2 to measure the athletes’ average travel time during the events. The regulation stipulates that vehicles with license plates ending in odd numbers will only be allowed to travel in certain zones on odd-numbered dates. The same applies to plates ending with even numbers on even-numbered dates. The trial period ended on July 31 and the official implementation of the policy came into effect on August 1 again. This will last until September 2 with the hours extended from 06:00 to 21:00 (local time). The notice issued by the transportation authorities indicated that the policy also applies to cargo trucks as they fall under the category of Group III, IV and V vehicles, which includes containers and trailers.

While the games will not have a significant impact on ocean and airfreight as well as on customs clearance processes, in-land freight movement including pickup and delivery services are likely to face localized disruptions due to the scheduled operating hours of a few toll gates in Jakarta during the games. From August 18 to September 2, authorities will reportedly restrict the operating hours of the following toll gates:
  
Toll gates closed between 06:00 to 17:00 (local time):
•	Pintu Tol Angke 2
•	Pintu Tol Tanjung Duren
•	Pintu Tol Slipi 2
•	Pintu Tol Taman Mini 1 

Toll gates closed between 12:00 to 21:00 (local time):
•	Pintu Tol Angke 1
•	Pintu Tol Slipi 1
•	Pintu Tol Taman Mini 2

Trucks carrying goods can use the Kebon Bawang toll gate between 22:00 to 05:00 to access the Tanjung Priok Port to the Inner Circle toll road. Furthermore, reports indicate that trucking will be diverted through the arterial road and will be allowed to enter through the Rorotan Toll Gate and Cakung directly to the Outer Ring Road. 

According to sources, around 60,000 security personnel will be deployed during the Asian Games to ensure public security which may result in vehicle spot checks for trucks that are operating at night due to the change in schedules. Customers with interests in shipments to Indonesia during the Asian Games should keep in mind the traffic policy changes and the potential delays in in-land freight movement. Customers are advised to liaise with local partners to keep abreast of local traffic regulations to ensure timely cargo and pickup delivery services.","[""port_operational_disruption""]",[],True,[],stage_b_empty,"{""weather_disruption"": 0.089704, ""natural_disaster"": 0.083944, ""port_operational_disruption"": 0.163194, ""port_closure"": 0.027822, ""labor_strike_disruption"": 0.192614, ""maritime_security_navigation_disruption"": 0.641733}","[""port_operational_disruption""]","The event text describes traffic restrictions and operational disruptions due to the Asian Games, which aligns with port operational disruption risk.",False,"[""port_operational_disruption""]","[4612, 5697, 1947]"
4416,"UPDATE 1 - Chennai lockdown until end of June after surge in COVID-19 cases to have cargo implications Updated sources reported that the Tamil Nadu-imposed lockdown from June 19 to June 30 after COVID-19 cases surged will have cargo disruption implications. According to the Tamil Nadu government, a full lockdown will commence for Chennai, Thiruvallur, Chengalpet & Kanchipuram districts until the end of June. However, shops selling essential items and restaurants will be allowed to remain open from early morning until 14.00 local time during the lockdown. Airports, seaports, and ground cargo transportation in Chennai will only be allowed to handle essential commodities, to include food, pharmaceuticals, petroleum, derivative products of the aforementioned, security, medical, financials, IT, and telecommunications. Furthermore, shippers/consignees may need to produce declarations confirming ability of facilities to handle cargo, and inbound cargo can proceed as long as the shipper and consignee are aligned for movement. Furthermore, only 33% of customs officers are allowed to operate in Chennai's air & sea ports, so a noticeable customs operational impact is anticipated.","[""port_operational_disruption""]",[],True,[],stage_b_empty,"{""weather_disruption"": 0.276707, ""natural_disaster"": 0.003618, ""port_operational_disruption"": 0.501683, ""port_closure"": 0.295725, ""labor_strike_disruption"": 0.092284, ""maritime_security_navigation_disruption"": 0.566005}","[""port_operational_disruption"", ""weather_disruption""]","The event text mentions cargo disruption due to a lockdown, indicating port operational disruption. Additionally, the context suggests potential weather-related impacts, such as the mention of a previous storm affecting operations.",False,"[""port_operational_disruption""]","[5659, 5682, 3929]"
1947,"Osaka’s G20 summit likely to impede logistics operations from June 27-30 Japan will host its first ever Group of Twenty (G20) summit at Osaka’s International Exhibition Center on June 28-29, 2019. The G20 summit is held annually for governments of 20 member nations to discuss a wide range of issues affecting the world’s economy. In light of the high profile event, Japanese authorities have released a statement detailing large-scale traffic and sea restrictions near Osaka Port, Kansai International Airport (KIX), as well as within Osaka city during the summit period. As KIX is the country’s third largest airport and a key logistics hub for engineering and automotive companies from southern and central regions of Japan, heightened security checks and restrictions may significantly affect cargo handling and delivery for industries that rely heavily on this route. 

Organizers of the G20 summit reportedly aim to reduce traffic by 50 percent for four days, during and leading up to the event. To this end, local authorities have set up traffic restrictions in and around Osaka especially for roads connecting to KIX. The airport is built on an artificial island in Osaka Bay; thus the bridge that connects KIX to Rinku town on the main island will be the most impacted route, particularly on June 27 and June 30 during the arrival and departure of head of states. 

From June 27-30, 10 major sections of Hanshin Expressway including No.1 Loop Route and the Gulf Line totaling about 160 kilometers that connects to KIX, hotels, and the summit venue will be closed to traffic from morning until late evening to facilitate movement of delegates and participants of the summit. As a result, traffic will likely be diverted to other expressways such as Meishin Expressway. In Osaka, traffic restrictions will be in effect at 9 locations: Osaka Station, Nakanoshima, Tenma, Osaka Castle, Honcho, Uehoncho, Namba, Tennoji, and Nanko. 

In order to access international cargo and fuel supply areas, authorities have set up a fixed route bus that goes from Kansai Airport Station to these areas. However, the bus may not operate normally due to traffic restrictions and logistics providers have been advised to allow for extra travel time. 

According to official statements by the local authorities, heightened security checks can be expected at three main entry points in Kansai region: Kansai International Airport, Osaka International Airport (also known as Itami Airport), and Kobe Airport. Due to their proximity to the event venue, Kansai and Osaka Airports will be used widely by the participants and both airports have released statements pertaining to cargo inspections. 

While no airlines have publicly announced additional flights during the aforementioned period, both airports have pre-warned about possible flight delays on June 27 and June 30 due to the arrival and departure of aircrafts carrying heads of states and government officials. Both airports also have prohibited flying drones above and around the facilities; KIX in particular has restricted flying drones within 1,000 meters of the airport. 

According to the statement released by authorities, all vessels entering the sea near Osaka Port and KIX from June 24–30 are requested to provide prior notification to Japan’s maritime security department by noon at least the day before the planned navigation date. Failure to do so would result in longer berthing times. Shipping companies can submit earlier notifications to the nearest maritime security department starting from June 3–19. In addition, vessels are also requested to refrain from entering designated restricted areas, referred to as """"voluntary navigation restraint sea area"""", around the airport island and the """"exclusive use sea area"""" between the two parts of the island.

Traffic restrictions in and out of KIX for 4-days are likely to be the main challenge for Everstream Analytics customers with airfreight as collection service for KIX from major domestic shipping companies and delivery service centered in Osaka are likely to be disrupted, particularly on June 27 and 30. In addition to road restrictions, security spot checks on vehicles and cargo inspections may take longer than usual prior to and during the summit.

It is possible that local freight forwarders may pick up imported air cargo arriving during the G20 summit period from July 1 onwards. Thus, customers are advised to liaise with local contacts to avoid delays for critical cargo, such as perishable or pharmaceutical goods, that may require special handling. Alternatively, customers can also consider rerouting shipments to Tokyo’s Narita Airport to avoid delays. This option was used by manufacturers when KIX was shut down for 3-days due to the destruction caused by Typhoon Jebi in 2018.","[""weather_disruption"", ""port_operational_disruption"", ""maritime_security_navigation_disruption""]",[],True,[],stage_b_empty,"{""weather_disruption"": 0.11086, ""natural_disaster"": 0.017377, ""port_operational_disruption"": 0.423535, ""port_closure"": 0.036483, ""labor_strike_disruption"": 0.231934, ""maritime_security_navigation_disruption"": 0.496201}","[""weather_disruption"", ""port_operational_disruption"", ""maritime_security_navigation_disruption""]","The event describes significant traffic and sea restrictions near Osaka Port and Kansai International Airport due to the G20 summit, impacting logistics operations and cargo handling. Weather disruptions, port operational disruptions, and maritime security navigation disruptions are all supported by the context.",False,"[""port_operational_disruption"", ""maritime_security_navigation_disruption""]","[837, 2028, 879]"
3530,Flooding in Jakarta impacting nickel pig iron shipments Media sources indicated on January 2 that several vessels carrying nickel pig iron were prevented from leaving Indonesia due to heavy flooding in Jakarta. Reports stated that this is likely to impact Chinese stainless steel mills that are dependent upon the product.,"[""weather_disruption""]",[],True,[],stage_b_empty,"{""weather_disruption"": 0.445115, ""natural_disaster"": 0.054866, ""port_operational_disruption"": 0.232922, ""port_closure"": 0.035218, ""labor_strike_disruption"": 0.095464, ""maritime_security_navigation_disruption"": 0.421228}","[""weather_disruption""]","The event text describes flooding in Jakarta due to heavy rainfall, which falls under 'weather_disruption'. The retrieved examples also support this, with one example explicitly mentioning heavy rainfall leading to flooding and another describing severe winds damaging infrastructure, both of which align with 'weather_disruption'.",False,"[""weather_disruption"", ""port_operational_disruption""]","[4612, 5010, 6]"
3525,"Fire strikes conveyor belt at Puerto Panul Terminal at Port of San Antonio Sources indicate that at 20:00 on January 28, a fire broke out on a conveyor belt on a crane at the facilities of the Puerto Panul Terminal, located at the Port of San Antonio. The fire was controlled in approximately 40 minutes. Total damage and impacts on operations, both at the terminal and the broader port area are not known. No injuries were reported. The terminal handles bulk agricultural products.","[""labor_strike_disruption""]",[],True,[],stage_b_empty,"{""weather_disruption"": 0.187995, ""natural_disaster"": 0.040173, ""port_operational_disruption"": 0.386621, ""port_closure"": 0.059937, ""labor_strike_disruption"": 0.234532, ""maritime_security_navigation_disruption"": 0.467059}","[""port_operational_disruption""]","The event describes a fire at a cargo terminal, leading to operational disruptions and no injuries. The retrieved examples also show similar incidents causing port operational disruptions.",False,"[""port_operational_disruption""]","[1529, 1806, 5268]"
4532,"UPDATE 1 - Rail services reportedly suspended pending assessment following magnitude 5.1 earthquake in Tangshan Chinese news sources are reporting rail services in Tangshan have been temporarily suspended following an earlier magnitude 5.1 earthquake. According to reports, the country's railway authority launched an emergency plan to assess the tracks in order to ensure passenger safety. It is not clear when services are expected to resume. Videos from the area show items falling off shelves in stores during the quake; however, there are no reported casualties.","[""natural_disaster""]",[],True,[],stage_b_empty,"{""weather_disruption"": 0.248832, ""natural_disaster"": 0.563248, ""port_operational_disruption"": 0.10953, ""port_closure"": 0.114288, ""labor_strike_disruption"": 0.244941, ""maritime_security_navigation_disruption"": 0.089379}","[""natural_disaster""]","The event text describes an earthquake causing rail services to be suspended, which aligns with 'natural_disaster' in the risk taxonomy.",False,"[""natural_disaster""]","[3675, 2384, 509]"
3348,"Congestion surcharge announced for shipments from Guayaquil Industry sources indicated on April 17 that a congestion surcharge has been announced for shipments from Guayaquil, Ecuador, effective from April 20. The surcharge currently only applies to reefer cargo and is set to be USD 500 (EUR 460) per TEU.","[""port_operational_disruption""]",[],True,[],stage_b_empty,"{""weather_disruption"": 0.031996, ""natural_disaster"": 0.03361, ""port_operational_disruption"": 0.533652, ""port_closure"": 0.023083, ""labor_strike_disruption"": 0.099571, ""maritime_security_navigation_disruption"": 0.525514}","[""port_operational_disruption""]","The event text describes a congestion surcharge announced for shipments from Guayaquil, indicating port operational disruption. Supporting examples from retrieved texts also highlight similar port congestion issues, reinforcing the prediction.",False,"[""port_operational_disruption""]","[3930, 5033, 5301]"
4244,"Temporary gate closures reported at APM Terminals and Yusen Terminals Sources indicate that gate hours were suspended at APM Terminals (Pier 400) at the Port of Los Angeles on March 17. Normal gate hours will resume on March 18. Separately, gate hours will be closed for Yusen Terminals (YTI)(Berths 212-223) for the second shift only on March 17 and 18. The cause of the disruptions is not known.","[""port_operational_disruption""]",[],True,[],stage_b_empty,"{""weather_disruption"": 0.373125, ""natural_disaster"": 0.02591, ""port_operational_disruption"": 0.458653, ""port_closure"": 0.740075, ""labor_strike_disruption"": 0.18356, ""maritime_security_navigation_disruption"": 0.213494}","[""port_operational_disruption""]","The event text describes temporary gate closures at APM Terminals and Yusen Terminals, which aligns with the 'port_operational_disruption' risk. The stage B predictions and retrieved examples do not provide additional support for other risks.",False,"[""port_operational_disruption""]","[1706, 32, 2117]"
4496,UPDATE 1 - Part suspension and severe delays noted on Bakerloo underground line in London Transport for London (TfL) has stated that severe delays and a partial suspension are occurring on the Bakerloo underground line today (22 February). There is currently no service between Queen's Park and Elephant & Castle. The disruption is due to ongoing strike action.,"[""labor_strike_disruption""]",[],True,[],stage_b_empty,"{""weather_disruption"": 0.168055, ""natural_disaster"": 0.091492, ""port_operational_disruption"": 0.533936, ""port_closure"": 0.017284, ""labor_strike_disruption"": 0.493899, ""maritime_security_navigation_disruption"": 0.041607}","[""labor_strike_disruption""]","The event text and all retrieved examples clearly indicate a labor strike disruption affecting the London Underground Bakerloo Line, with no other risks mentioned or supported by the evidence.",False,"[""labor_strike_disruption""]","[785, 722, 692]"
371,"Major closure near Lincoln Tunnel expected to cause heavy congestion Local media sources are reporting that since last Friday, August 10, the state Department of Transportation is closing the busy 31st Street ramp between Route 495 and Kennedy Boulevard, followed by the closure of one lane in each direction until summer 2021 on August 17. The connection between the New Jersey Turnpike and the tunnel into New York City is already one of the worst bottlenecks in the northeastern U.S. More than 150,000 motorists drive daily over the 80-year-old viaduct. The shutting down of road that leads to the Lincoln Tunnel in each direction will have a major impact on all NJ / NY river crossings. Customers are advice to have close communication with carriers in an effort to mitigate delivery delays.","[""port_operational_disruption""]",[],True,[],stage_b_empty,"{""weather_disruption"": 0.412948, ""natural_disaster"": 0.099269, ""port_operational_disruption"": 0.332849, ""port_closure"": 0.231181, ""labor_strike_disruption"": 0.207663, ""maritime_security_navigation_disruption"": 0.11974}","[""port_closure"", ""port_operational_disruption""]","The event describes a major closure near the Lincoln Tunnel causing heavy congestion, which aligns with port operational disruption and port closure risks.",False,"[""port_operational_disruption""]","[5282, 1840, 2025]"
2212,"SFA Semicon Philippines Corporation resumes operations after production halt Industry sources indicate on April 23 that SFA Semicon Philippines Corporation disclosed that it resumed normal business operations after production was halted at its manufacturing facilities in Clark Freeport in Pampanga by a 6.1 magnitude earthquake that struck on April 22 at around 5:11 PM local time. The earthquake shut down power and other facilities immediately after the incident and it remains unclear whether SFA Semicon Philippines Corporation suffered any damages to its facilities. However, the company noted that its properties - which include buildings, machinery, and equipment - are sufficiently covered with an industrial all-risk insurance and that any damages could be claimed as necessary. SFA Semicon Philippines Corporation manufactures, assembles, tests, and warehouses semiconductors and memory devices and applications.","[""natural_disaster""]",[],True,[],stage_b_empty,"{""weather_disruption"": 0.228014, ""natural_disaster"": 0.424814, ""port_operational_disruption"": 0.03309, ""port_closure"": 0.069131, ""labor_strike_disruption"": 0.27297, ""maritime_security_navigation_disruption"": 0.304579}","[""natural_disaster""]","The event describes an earthquake causing production halt and damage to facilities, aligning with natural disaster risk.",False,"[""natural_disaster""]","[1100, 2592, 2588]"
4064,"Rail disruption occurring across the country due to various incidents Nederlandse Spoorwegen (NS) is reporting that rail disruption is occurring across the country on Monday morning due to various incidents, including disruption caused by Storm Ciara. A tree is blocking the line between Landgraaf and Kerkrade meaning no services can operate between the stations. An unspecified collision between Cuijk and Boxmeer is causing disruption between Nijmegen and Venlo. A broken-down train is causing delays between Rotterdam Central and Dordrecht. No high speed services are able to operate between Breukelen and Utrecht Central and Amsterdam Central and Breukelen due to a damaged overhead line. A damaged track is causing disruption to services between Rotterdam Central and Dordrecht and fewer trains are currently able to operate between Rotterdam Central and Breda. Further disruption is likely, due to the ongoing strong winds caused by the storm.","[""weather_disruption""]",[],True,[],stage_b_empty,"{""weather_disruption"": 0.356622, ""natural_disaster"": 0.388359, ""port_operational_disruption"": 0.191047, ""port_closure"": 0.064907, ""labor_strike_disruption"": 0.302712, ""maritime_security_navigation_disruption"": 0.261424}","[""weather_disruption""]","The event text describes rail disruption caused by Storm Ciara, which falls under the 'weather_disruption' category based on the provided taxonomy.",False,"[""weather_disruption""]","[1579, 4914, 3702]"
2124,"Power outage causes disruption for network and communication lines Media sources reported that network disruptions caused by Typhoon Hagibis have caused more than 900 phones to be out of service in Kozushima, Shikinejima and Niijima islands in Tokyo, 150 lines in Kanuma City, Tochigi Prefecture; 1,200 lines in Asakawa Town, Fukushima Prefecture and about 1,200 lines in Marumori Town, Miyagi Prefecture. Power outages and communication lines are said to be the reason for the disruption. As of October 14 at 09.00 (local time), NTT Docomo, au KDDI and Softbank indicated that mobile phones are having difficulty connecting in some parts of Shizuoka, Miyagi, Iwate, Kanagawa, Chiba, and some other prefectures. NTT landlines that use the internet are also affected. Internet service providers are reportedly working to fix the situation.","[""weather_disruption""]",[],True,[],stage_b_empty,"{""weather_disruption"": 0.485559, ""natural_disaster"": 0.215548, ""port_operational_disruption"": 0.13739, ""port_closure"": 0.108159, ""labor_strike_disruption"": 0.028567, ""maritime_security_navigation_disruption"": 0.139468}","[""weather_disruption""]","The event text describes a power outage caused by Typhoon Hagibis, leading to network disruptions and communication line issues. This aligns with the 'weather_disruption' risk category.",False,"[""weather_disruption""]","[758, 2574, 757]"
4899,"Warehouse closure causes cargo disruption at San Antonio port Media sources indicate on May 5 that carriers are stranded near the Autopista del Sol in San Antonio (highway), Chile, due to a blockage at the entrances to several warehouses and terminals at the port of San Antonio. Trucks have lined up for up to 9 hours. According to employees of the San Antonio Logistics Community, one of the largest warehouses at the port was closed due to a workplace accident resulting in an employee death. Since the accident, many containers have been diverted to other warehouses causing confusion among carriers who do not know to pick up their orders.","[""port_operational_disruption""]",[],True,[],stage_b_empty,"{""weather_disruption"": 0.191327, ""natural_disaster"": 0.043641, ""port_operational_disruption"": 0.499922, ""port_closure"": 0.455333, ""labor_strike_disruption"": 0.26728, ""maritime_security_navigation_disruption"": 0.468312}","[""port_operational_disruption""]","The warehouse closure caused confusion among carriers, leading to confusion and diversion of containers to other warehouses, which is indicative of port operational disruption.",False,"[""port_operational_disruption""]","[671, 3990, 3991]"
337,"Japan: Shipping containers burning on Rokko Island in Kobe, Hyogo Prefecture According to Japanese media reports, multiple shipping containers are burning this morning (5 September) on Rokko Island in Kobe, Hyogo Prefecture. The incident is situated near 2 Chome Koyochonaka in Higashinada Ward. Sources detail the container fire may have been caused by storm surge conditions from Typhoon Jebi. Emergency service personnel are conducting a fire suppression effort at the scene and no injuries have been reported. Travelers are advised to bypass Rokko Island while emergency service operations are ongoing and avoid transiting routes disrupted by storm surge.","[""weather_disruption""]",[],True,[],stage_b_empty,"{""weather_disruption"": 0.46675, ""natural_disaster"": 0.018616, ""port_operational_disruption"": 0.372137, ""port_closure"": 0.078079, ""labor_strike_disruption"": 0.034948, ""maritime_security_navigation_disruption"": 0.602036}","[""weather_disruption""]","The incident is described as being caused by storm surge conditions from Typhoon Jebi, which falls under 'weather_disruption'. The retrieved examples also support this, as they mention stormy weather and damage caused by typhoons.",False,"[""weather_disruption""]","[837, 680, 5061]"
